store,ts,family,units_to_prep
Astoria,2023-06-04 18:00:00,Bakery,5.8295908441421584
Astoria,2023-06-04 18:00:00,Coffee,5.8295908441421584
Astoria,2023-06-04 18:00:00,Coffee beans,5.8295908441421584
Astoria,2023-06-04 18:00:00,Drinking Chocolate,5.8295908441421584
Astoria,2023-06-04 18:00:00,Flavours,5.8295908441421584
Astoria,2023-06-04 18:00:00,Tea,5.8295908441421584
Astoria,2023-06-04 19:00:00,Bakery,5.998947535684665
Astoria,2023-06-04 19:00:00,Coffee,5.998947535684665
Astoria,2023-06-04 19:00:00,Coffee beans,5.998947535684665
Astoria,2023-06-04 19:00:00,Drinking Chocolate,5.998947535684665
Astoria,2023-06-04 19:00:00,Flavours,5.998947535684665
Astoria,2023-06-04 19:00:00,Tea,5.998947535684665
Astoria,2023-06-05 11:00:00,Bakery,6.126931595527724
Astoria,2023-06-05 11:00:00,Coffee,6.126931595527724
Astoria,2023-06-05 11:00:00,Coffee beans,6.126931595527724
Astoria,2023-06-05 11:00:00,Drinking Chocolate,6.126931595527724
Astoria,2023-06-05 11:00:00,Flavours,6.126931595527724
Astoria,2023-06-05 11:00:00,Tea,6.126931595527724
Astoria,2023-06-05 12:00:00,Bakery,5.892653776794634
Astoria,2023-06-05 12:00:00,Coffee,5.892653776794634
Astoria,2023-06-05 12:00:00,Coffee beans,5.892653776794634
Astoria,2023-06-05 12:00:00,Drinking Chocolate,5.892653776794634
Astoria,2023-06-05 12:00:00,Flavours,5.892653776794634
Astoria,2023-06-05 12:00:00,Tea,5.892653776794634
Astoria,2023-06-05 13:00:00,Bakery,7.110951713598049
Astoria,2023-06-05 13:00:00,Coffee,7.110951713598049
Astoria,2023-06-05 13:00:00,Coffee beans,7.110951713598049
Astoria,2023-06-05 13:00:00,Drinking Chocolate,7.110951713598049
Astoria,2023-06-05 13:00:00,Flavours,7.110951713598049
Astoria,2023-06-05 13:00:00,Tea,7.110951713598049
Astoria,2023-06-05 14:00:00,Bakery,6.3842860102100625
Astoria,2023-06-05 14:00:00,Coffee,6.3842860102100625
Astoria,2023-06-05 14:00:00,Coffee beans,6.3842860102100625
Astoria,2023-06-05 14:00:00,Drinking Chocolate,6.3842860102100625
Astoria,2023-06-05 14:00:00,Flavours,6.3842860102100625
Astoria,2023-06-05 14:00:00,Tea,6.3842860102100625
Astoria,2023-06-05 15:00:00,Bakery,6.51971161477467
Astoria,2023-06-05 15:00:00,Coffee,6.51971161477467
Astoria,2023-06-05 15:00:00,Coffee beans,6.51971161477467
Astoria,2023-06-05 15:00:00,Drinking Chocolate,6.51971161477467
Astoria,2023-06-05 15:00:00,Flavours,6.51971161477467
Astoria,2023-06-05 15:00:00,Tea,6.51971161477467
Astoria,2023-06-05 16:00:00,Bakery,4.985279781796947
Astoria,2023-06-05 16:00:00,Coffee,4.985279781796947
Astoria,2023-06-05 16:00:00,Coffee beans,4.985279781796947
Astoria,2023-06-05 16:00:00,Drinking Chocolate,4.985279781796947
Astoria,2023-06-05 16:00:00,Flavours,4.985279781796947
Astoria,2023-06-05 16:00:00,Tea,4.985279781796947
Astoria,2023-06-05 17:00:00,Bakery,6.549362826798796
Astoria,2023-06-05 17:00:00,Coffee,6.549362826798796
Astoria,2023-06-05 17:00:00,Coffee beans,6.549362826798796
Astoria,2023-06-05 17:00:00,Drinking Chocolate,6.549362826798796
Astoria,2023-06-05 17:00:00,Flavours,6.549362826798796
Astoria,2023-06-05 17:00:00,Tea,6.549362826798796
Astoria,2023-06-05 18:00:00,Bakery,6.003757374643126
Astoria,2023-06-05 18:00:00,Coffee,6.003757374643126
Astoria,2023-06-05 18:00:00,Coffee beans,6.003757374643126
Astoria,2023-06-05 18:00:00,Drinking Chocolate,6.003757374643126
Astoria,2023-06-05 18:00:00,Flavours,6.003757374643126
Astoria,2023-06-05 18:00:00,Tea,6.003757374643126
Astoria,2023-06-05 19:00:00,Bakery,6.745105457042252
Astoria,2023-06-05 19:00:00,Coffee,6.745105457042252
Astoria,2023-06-05 19:00:00,Coffee beans,6.745105457042252
Astoria,2023-06-05 19:00:00,Drinking Chocolate,6.745105457042252
Astoria,2023-06-05 19:00:00,Flavours,6.745105457042252
Astoria,2023-06-05 19:00:00,Tea,6.745105457042252
Astoria,2023-06-06 11:00:00,Bakery,7.0560785560126
Astoria,2023-06-06 11:00:00,Coffee,7.0560785560126
Astoria,2023-06-06 11:00:00,Coffee beans,7.0560785560126
Astoria,2023-06-06 11:00:00,Drinking Chocolate,7.0560785560126
Astoria,2023-06-06 11:00:00,Flavours,7.0560785560126
Astoria,2023-06-06 11:00:00,Tea,7.0560785560126
Astoria,2023-06-06 12:00:00,Bakery,4.88215201744917
Astoria,2023-06-06 12:00:00,Coffee,4.88215201744917
Astoria,2023-06-06 12:00:00,Coffee beans,4.88215201744917
Astoria,2023-06-06 12:00:00,Drinking Chocolate,4.88215201744917
Astoria,2023-06-06 12:00:00,Flavours,4.88215201744917
Astoria,2023-06-06 12:00:00,Tea,4.88215201744917
Astoria,2023-06-06 13:00:00,Bakery,6.974861734650136
Astoria,2023-06-06 13:00:00,Coffee,6.974861734650136
Astoria,2023-06-06 13:00:00,Coffee beans,6.974861734650136
Astoria,2023-06-06 13:00:00,Drinking Chocolate,6.974861734650136
Astoria,2023-06-06 13:00:00,Flavours,6.974861734650136
Astoria,2023-06-06 13:00:00,Tea,6.974861734650136
Astoria,2023-06-06 14:00:00,Bakery,4.347408616428767
Astoria,2023-06-06 14:00:00,Coffee,4.347408616428767
Astoria,2023-06-06 14:00:00,Coffee beans,4.347408616428767
Astoria,2023-06-06 14:00:00,Drinking Chocolate,4.347408616428767
Astoria,2023-06-06 14:00:00,Flavours,4.347408616428767
Astoria,2023-06-06 14:00:00,Tea,4.347408616428767
Astoria,2023-06-06 15:00:00,Bakery,4.789041328256155
Astoria,2023-06-06 15:00:00,Coffee,4.789041328256155
Astoria,2023-06-06 15:00:00,Coffee beans,4.789041328256155
Astoria,2023-06-06 15:00:00,Drinking Chocolate,4.789041328256155
Astoria,2023-06-06 15:00:00,Flavours,4.789041328256155
Astoria,2023-06-06 15:00:00,Tea,4.789041328256155
Astoria,2023-06-06 16:00:00,Bakery,5.664284882570363
Astoria,2023-06-06 16:00:00,Coffee,5.664284882570363
Astoria,2023-06-06 16:00:00,Coffee beans,5.664284882570363
Astoria,2023-06-06 16:00:00,Drinking Chocolate,5.664284882570363
Astoria,2023-06-06 16:00:00,Flavours,5.664284882570363
Astoria,2023-06-06 16:00:00,Tea,5.664284882570363
Astoria,2023-06-06 17:00:00,Bakery,5.400683449686242
Astoria,2023-06-06 17:00:00,Coffee,5.400683449686242
Astoria,2023-06-06 17:00:00,Coffee beans,5.400683449686242
Astoria,2023-06-06 17:00:00,Drinking Chocolate,5.400683449686242
Astoria,2023-06-06 17:00:00,Flavours,5.400683449686242
Astoria,2023-06-06 17:00:00,Tea,5.400683449686242
Astoria,2023-06-06 18:00:00,Bakery,5.67323501069201
Astoria,2023-06-06 18:00:00,Coffee,5.67323501069201
Astoria,2023-06-06 18:00:00,Coffee beans,5.67323501069201
Astoria,2023-06-06 18:00:00,Drinking Chocolate,5.67323501069201
Astoria,2023-06-06 18:00:00,Flavours,5.67323501069201
Astoria,2023-06-06 18:00:00,Tea,5.67323501069201
Astoria,2023-06-06 19:00:00,Bakery,6.0099280114696265
Astoria,2023-06-06 19:00:00,Coffee,6.0099280114696265
Astoria,2023-06-06 19:00:00,Coffee beans,6.0099280114696265
Astoria,2023-06-06 19:00:00,Drinking Chocolate,6.0099280114696265
Astoria,2023-06-06 19:00:00,Flavours,6.0099280114696265
Astoria,2023-06-06 19:00:00,Tea,6.0099280114696265
Astoria,2023-06-07 07:00:00,Bakery,6.3052151461349935
Astoria,2023-06-07 07:00:00,Coffee,6.3052151461349935
Astoria,2023-06-07 07:00:00,Coffee beans,6.3052151461349935
Astoria,2023-06-07 07:00:00,Drinking Chocolate,6.3052151461349935
Astoria,2023-06-07 07:00:00,Flavours,6.3052151461349935
Astoria,2023-06-07 07:00:00,Tea,6.3052151461349935
Astoria,2023-06-07 08:00:00,Bakery,5.550222976867082
Astoria,2023-06-07 08:00:00,Coffee,5.550222976867082
Astoria,2023-06-07 08:00:00,Coffee beans,5.550222976867082
Astoria,2023-06-07 08:00:00,Drinking Chocolate,5.550222976867082
Astoria,2023-06-07 08:00:00,Flavours,5.550222976867082
Astoria,2023-06-07 08:00:00,Tea,5.550222976867082
Astoria,2023-06-07 09:00:00,Bakery,4.905052518614839
Astoria,2023-06-07 09:00:00,Coffee,4.905052518614839
Astoria,2023-06-07 09:00:00,Coffee beans,4.905052518614839
Astoria,2023-06-07 09:00:00,Drinking Chocolate,4.905052518614839
Astoria,2023-06-07 09:00:00,Flavours,4.905052518614839
Astoria,2023-06-07 09:00:00,Tea,4.905052518614839
Astoria,2023-06-07 10:00:00,Bakery,3.8906760920752395
Astoria,2023-06-07 10:00:00,Coffee,3.8906760920752395
Astoria,2023-06-07 10:00:00,Coffee beans,3.8906760920752395
Astoria,2023-06-07 10:00:00,Drinking Chocolate,3.8906760920752395
Astoria,2023-06-07 10:00:00,Flavours,3.8906760920752395
Astoria,2023-06-07 10:00:00,Tea,3.8906760920752395
Astoria,2023-06-07 11:00:00,Bakery,5.299436193162973
Astoria,2023-06-07 11:00:00,Coffee,5.299436193162973
Astoria,2023-06-07 11:00:00,Coffee beans,5.299436193162973
Astoria,2023-06-07 11:00:00,Drinking Chocolate,5.299436193162973
Astoria,2023-06-07 11:00:00,Flavours,5.299436193162973
Astoria,2023-06-07 11:00:00,Tea,5.299436193162973
Astoria,2023-06-07 12:00:00,Bakery,4.531541218147574
Astoria,2023-06-07 12:00:00,Coffee,4.531541218147574
Astoria,2023-06-07 12:00:00,Coffee beans,4.531541218147574
Astoria,2023-06-07 12:00:00,Drinking Chocolate,4.531541218147574
Astoria,2023-06-07 12:00:00,Flavours,4.531541218147574
Astoria,2023-06-07 12:00:00,Tea,4.531541218147574
Astoria,2023-06-07 13:00:00,Bakery,5.286727127127212
Astoria,2023-06-07 13:00:00,Coffee,5.286727127127212
Astoria,2023-06-07 13:00:00,Coffee beans,5.286727127127212
Astoria,2023-06-07 13:00:00,Drinking Chocolate,5.286727127127212
Astoria,2023-06-07 13:00:00,Flavours,5.286727127127212
Astoria,2023-06-07 13:00:00,Tea,5.286727127127212
Astoria,2023-06-07 14:00:00,Bakery,4.585666778234843
Astoria,2023-06-07 14:00:00,Coffee,4.585666778234843
Astoria,2023-06-07 14:00:00,Coffee beans,4.585666778234843
Astoria,2023-06-07 14:00:00,Drinking Chocolate,4.585666778234843
Astoria,2023-06-07 14:00:00,Flavours,4.585666778234843
Astoria,2023-06-07 14:00:00,Tea,4.585666778234843
Astoria,2023-06-07 15:00:00,Bakery,4.15977398714158
Astoria,2023-06-07 15:00:00,Coffee,4.15977398714158
Astoria,2023-06-07 15:00:00,Coffee beans,4.15977398714158
Astoria,2023-06-07 15:00:00,Drinking Chocolate,4.15977398714158
Astoria,2023-06-07 15:00:00,Flavours,4.15977398714158
Astoria,2023-06-07 15:00:00,Tea,4.15977398714158
Astoria,2023-06-07 16:00:00,Bakery,3.815319078477417
Astoria,2023-06-07 16:00:00,Coffee,3.815319078477417
Astoria,2023-06-07 16:00:00,Coffee beans,3.815319078477417
Astoria,2023-06-07 16:00:00,Drinking Chocolate,3.815319078477417
Astoria,2023-06-07 16:00:00,Flavours,3.815319078477417
Astoria,2023-06-07 16:00:00,Tea,3.815319078477417
Astoria,2023-06-07 17:00:00,Bakery,5.220861620373341
Astoria,2023-06-07 17:00:00,Coffee,5.220861620373341
Astoria,2023-06-07 17:00:00,Coffee beans,5.220861620373341
Astoria,2023-06-07 17:00:00,Drinking Chocolate,5.220861620373341
Astoria,2023-06-07 17:00:00,Flavours,5.220861620373341
Astoria,2023-06-07 17:00:00,Tea,5.220861620373341
Astoria,2023-06-07 18:00:00,Bakery,3.648620107259294
Astoria,2023-06-07 18:00:00,Coffee,3.648620107259294
Astoria,2023-06-07 18:00:00,Coffee beans,3.648620107259294
Astoria,2023-06-07 18:00:00,Drinking Chocolate,3.648620107259294
Astoria,2023-06-07 18:00:00,Flavours,3.648620107259294
Astoria,2023-06-07 18:00:00,Tea,3.648620107259294
Astoria,2023-06-07 19:00:00,Bakery,5.791663325886364
Astoria,2023-06-07 19:00:00,Coffee,5.791663325886364
Astoria,2023-06-07 19:00:00,Coffee beans,5.791663325886364
Astoria,2023-06-07 19:00:00,Drinking Chocolate,5.791663325886364
Astoria,2023-06-07 19:00:00,Flavours,5.791663325886364
Astoria,2023-06-07 19:00:00,Tea,5.791663325886364
Astoria,2023-06-08 07:00:00,Bakery,5.581879911285584
Astoria,2023-06-08 07:00:00,Coffee,5.581879911285584
Astoria,2023-06-08 07:00:00,Coffee beans,5.581879911285584
Astoria,2023-06-08 07:00:00,Drinking Chocolate,5.581879911285584
Astoria,2023-06-08 07:00:00,Flavours,5.581879911285584
Astoria,2023-06-08 07:00:00,Tea,5.581879911285584
Astoria,2023-06-08 08:00:00,Bakery,5.014215760737527
Astoria,2023-06-08 08:00:00,Coffee,5.014215760737527
Astoria,2023-06-08 08:00:00,Coffee beans,5.014215760737527
Astoria,2023-06-08 08:00:00,Drinking Chocolate,5.014215760737527
Astoria,2023-06-08 08:00:00,Flavours,5.014215760737527
Astoria,2023-06-08 08:00:00,Tea,5.014215760737527
Astoria,2023-06-08 09:00:00,Bakery,7.12219329224237
Astoria,2023-06-08 09:00:00,Coffee,7.12219329224237
Astoria,2023-06-08 09:00:00,Coffee beans,7.12219329224237
Astoria,2023-06-08 09:00:00,Drinking Chocolate,7.12219329224237
Astoria,2023-06-08 09:00:00,Flavours,7.12219329224237
Astoria,2023-06-08 09:00:00,Tea,7.12219329224237
Astoria,2023-06-08 10:00:00,Bakery,4.495176603124785
Astoria,2023-06-08 10:00:00,Coffee,4.495176603124785
Astoria,2023-06-08 10:00:00,Coffee beans,4.495176603124785
Astoria,2023-06-08 10:00:00,Drinking Chocolate,4.495176603124785
Astoria,2023-06-08 10:00:00,Flavours,4.495176603124785
Astoria,2023-06-08 10:00:00,Tea,4.495176603124785
Astoria,2023-06-08 11:00:00,Bakery,5.614900613387849
Astoria,2023-06-08 11:00:00,Coffee,5.614900613387849
Astoria,2023-06-08 11:00:00,Coffee beans,5.614900613387849
Astoria,2023-06-08 11:00:00,Drinking Chocolate,5.614900613387849
Astoria,2023-06-08 11:00:00,Flavours,5.614900613387849
Astoria,2023-06-08 11:00:00,Tea,5.614900613387849
Astoria,2023-06-08 12:00:00,Bakery,4.553846616403337
Astoria,2023-06-08 12:00:00,Coffee,4.553846616403337
Astoria,2023-06-08 12:00:00,Coffee beans,4.553846616403337
Astoria,2023-06-08 12:00:00,Drinking Chocolate,4.553846616403337
Astoria,2023-06-08 12:00:00,Flavours,4.553846616403337
Astoria,2023-06-08 12:00:00,Tea,4.553846616403337
Astoria,2023-06-08 13:00:00,Bakery,6.480084313399867
Astoria,2023-06-08 13:00:00,Coffee,6.480084313399867
Astoria,2023-06-08 13:00:00,Coffee beans,6.480084313399867
Astoria,2023-06-08 13:00:00,Drinking Chocolate,6.480084313399867
Astoria,2023-06-08 13:00:00,Flavours,6.480084313399867
Astoria,2023-06-08 13:00:00,Tea,6.480084313399867
Astoria,2023-06-08 14:00:00,Bakery,4.328711056055918
Astoria,2023-06-08 14:00:00,Coffee,4.328711056055918
Astoria,2023-06-08 14:00:00,Coffee beans,4.328711056055918
Astoria,2023-06-08 14:00:00,Drinking Chocolate,4.328711056055918
Astoria,2023-06-08 14:00:00,Flavours,4.328711056055918
Astoria,2023-06-08 14:00:00,Tea,4.328711056055918
Astoria,2023-06-08 15:00:00,Bakery,4.707515778254895
Astoria,2023-06-08 15:00:00,Coffee,4.707515778254895
Astoria,2023-06-08 15:00:00,Coffee beans,4.707515778254895
Astoria,2023-06-08 15:00:00,Drinking Chocolate,4.707515778254895
Astoria,2023-06-08 15:00:00,Flavours,4.707515778254895
Astoria,2023-06-08 15:00:00,Tea,4.707515778254895
Astoria,2023-06-08 16:00:00,Bakery,5.529546376109307
Astoria,2023-06-08 16:00:00,Coffee,5.529546376109307
Astoria,2023-06-08 16:00:00,Coffee beans,5.529546376109307
Astoria,2023-06-08 16:00:00,Drinking Chocolate,5.529546376109307
Astoria,2023-06-08 16:00:00,Flavours,5.529546376109307
Astoria,2023-06-08 16:00:00,Tea,5.529546376109307
Astoria,2023-06-08 17:00:00,Bakery,5.4921784632902835
Astoria,2023-06-08 17:00:00,Coffee,5.4921784632902835
Astoria,2023-06-08 17:00:00,Coffee beans,5.4921784632902835
Astoria,2023-06-08 17:00:00,Drinking Chocolate,5.4921784632902835
Astoria,2023-06-08 17:00:00,Flavours,5.4921784632902835
Astoria,2023-06-08 17:00:00,Tea,5.4921784632902835
Astoria,2023-06-08 18:00:00,Bakery,3.602721886674091
Astoria,2023-06-08 18:00:00,Coffee,3.602721886674091
Astoria,2023-06-08 18:00:00,Coffee beans,3.602721886674091
Astoria,2023-06-08 18:00:00,Drinking Chocolate,3.602721886674091
Astoria,2023-06-08 18:00:00,Flavours,3.602721886674091
Astoria,2023-06-08 18:00:00,Tea,3.602721886674091
Astoria,2023-06-08 19:00:00,Bakery,5.5459923466438
Astoria,2023-06-08 19:00:00,Coffee,5.5459923466438
Astoria,2023-06-08 19:00:00,Coffee beans,5.5459923466438
Astoria,2023-06-08 19:00:00,Drinking Chocolate,5.5459923466438
Astoria,2023-06-08 19:00:00,Flavours,5.5459923466438
Astoria,2023-06-08 19:00:00,Tea,5.5459923466438
Astoria,2023-06-09 07:00:00,Bakery,7.106327454487327
Astoria,2023-06-09 07:00:00,Coffee,7.106327454487327
Astoria,2023-06-09 07:00:00,Coffee beans,7.106327454487327
Astoria,2023-06-09 07:00:00,Drinking Chocolate,7.106327454487327
Astoria,2023-06-09 07:00:00,Flavours,7.106327454487327
Astoria,2023-06-09 07:00:00,Tea,7.106327454487327
Astoria,2023-06-09 08:00:00,Bakery,6.014724899939755
Astoria,2023-06-09 08:00:00,Coffee,6.014724899939755
Astoria,2023-06-09 08:00:00,Coffee beans,6.014724899939755
Astoria,2023-06-09 08:00:00,Drinking Chocolate,6.014724899939755
Astoria,2023-06-09 08:00:00,Flavours,6.014724899939755
Astoria,2023-06-09 08:00:00,Tea,6.014724899939755
Astoria,2023-06-09 09:00:00,Bakery,7.9203357802901415
Astoria,2023-06-09 09:00:00,Coffee,7.9203357802901415
Astoria,2023-06-09 09:00:00,Coffee beans,7.9203357802901415
Astoria,2023-06-09 09:00:00,Drinking Chocolate,7.9203357802901415
Astoria,2023-06-09 09:00:00,Flavours,7.9203357802901415
Astoria,2023-06-09 09:00:00,Tea,7.9203357802901415
Astoria,2023-06-09 10:00:00,Bakery,6.342160441001701
Astoria,2023-06-09 10:00:00,Coffee,6.342160441001701
Astoria,2023-06-09 10:00:00,Coffee beans,6.342160441001701
Astoria,2023-06-09 10:00:00,Drinking Chocolate,6.342160441001701
Astoria,2023-06-09 10:00:00,Flavours,6.342160441001701
Astoria,2023-06-09 10:00:00,Tea,6.342160441001701
Astoria,2023-06-09 11:00:00,Bakery,4.816037439953495
Astoria,2023-06-09 11:00:00,Coffee,4.816037439953495
Astoria,2023-06-09 11:00:00,Coffee beans,4.816037439953495
Astoria,2023-06-09 11:00:00,Drinking Chocolate,4.816037439953495
Astoria,2023-06-09 11:00:00,Flavours,4.816037439953495
Astoria,2023-06-09 11:00:00,Tea,4.816037439953495
Astoria,2023-06-09 12:00:00,Bakery,2.512145157923208
Astoria,2023-06-09 12:00:00,Coffee,2.512145157923208
Astoria,2023-06-09 12:00:00,Coffee beans,2.512145157923208
Astoria,2023-06-09 12:00:00,Drinking Chocolate,2.512145157923208
Astoria,2023-06-09 12:00:00,Flavours,2.512145157923208
Astoria,2023-06-09 12:00:00,Tea,2.512145157923208
Astoria,2023-06-09 13:00:00,Bakery,3.604529340125568
Astoria,2023-06-09 13:00:00,Coffee,3.604529340125568
Astoria,2023-06-09 13:00:00,Coffee beans,3.604529340125568
Astoria,2023-06-09 13:00:00,Drinking Chocolate,3.604529340125568
Astoria,2023-06-09 13:00:00,Flavours,3.604529340125568
Astoria,2023-06-09 13:00:00,Tea,3.604529340125568
Astoria,2023-06-09 14:00:00,Bakery,2.433523571716443
Astoria,2023-06-09 14:00:00,Coffee,2.433523571716443
Astoria,2023-06-09 14:00:00,Coffee beans,2.433523571716443
Astoria,2023-06-09 14:00:00,Drinking Chocolate,2.433523571716443
Astoria,2023-06-09 14:00:00,Flavours,2.433523571716443
Astoria,2023-06-09 14:00:00,Tea,2.433523571716443
Astoria,2023-06-09 15:00:00,Bakery,2.290436485495224
Astoria,2023-06-09 15:00:00,Coffee,2.290436485495224
Astoria,2023-06-09 15:00:00,Coffee beans,2.290436485495224
Astoria,2023-06-09 15:00:00,Drinking Chocolate,2.290436485495224
Astoria,2023-06-09 15:00:00,Flavours,2.290436485495224
Astoria,2023-06-09 15:00:00,Tea,2.290436485495224
Astoria,2023-06-09 16:00:00,Bakery,4.368648119365322
Astoria,2023-06-09 16:00:00,Coffee,4.368648119365322
Astoria,2023-06-09 16:00:00,Coffee beans,4.368648119365322
Astoria,2023-06-09 16:00:00,Drinking Chocolate,4.368648119365322
Astoria,2023-06-09 16:00:00,Flavours,4.368648119365322
Astoria,2023-06-09 16:00:00,Tea,4.368648119365322
Astoria,2023-06-09 17:00:00,Bakery,2.6583484931791608
Astoria,2023-06-09 17:00:00,Coffee,2.6583484931791608
Astoria,2023-06-09 17:00:00,Coffee beans,2.6583484931791608
Astoria,2023-06-09 17:00:00,Drinking Chocolate,2.6583484931791608
Astoria,2023-06-09 17:00:00,Flavours,2.6583484931791608
Astoria,2023-06-09 17:00:00,Tea,2.6583484931791608
Astoria,2023-06-09 18:00:00,Bakery,2.338319841475268
Astoria,2023-06-09 18:00:00,Coffee,2.338319841475268
Astoria,2023-06-09 18:00:00,Coffee beans,2.338319841475268
Astoria,2023-06-09 18:00:00,Drinking Chocolate,2.338319841475268
Astoria,2023-06-09 18:00:00,Flavours,2.338319841475268
Astoria,2023-06-09 18:00:00,Tea,2.338319841475268
Astoria,2023-06-09 19:00:00,Bakery,6.989148763120128
Astoria,2023-06-09 19:00:00,Coffee,6.989148763120128
Astoria,2023-06-09 19:00:00,Coffee beans,6.989148763120128
Astoria,2023-06-09 19:00:00,Drinking Chocolate,6.989148763120128
Astoria,2023-06-09 19:00:00,Flavours,6.989148763120128
Astoria,2023-06-09 19:00:00,Tea,6.989148763120128
Astoria,2023-06-10 07:00:00,Bakery,4.766569085402513
Astoria,2023-06-10 07:00:00,Coffee,4.766569085402513
Astoria,2023-06-10 07:00:00,Coffee beans,4.766569085402513
Astoria,2023-06-10 07:00:00,Drinking Chocolate,4.766569085402513
Astoria,2023-06-10 07:00:00,Flavours,4.766569085402513
Astoria,2023-06-10 07:00:00,Tea,4.766569085402513
Astoria,2023-06-10 08:00:00,Bakery,8.024663548743984
Astoria,2023-06-10 08:00:00,Coffee,8.024663548743984
Astoria,2023-06-10 08:00:00,Coffee beans,8.024663548743984
Astoria,2023-06-10 08:00:00,Drinking Chocolate,8.024663548743984
Astoria,2023-06-10 08:00:00,Flavours,8.024663548743984
Astoria,2023-06-10 08:00:00,Tea,8.024663548743984
Astoria,2023-06-10 09:00:00,Bakery,6.2521316012827715
Astoria,2023-06-10 09:00:00,Coffee,6.2521316012827715
Astoria,2023-06-10 09:00:00,Coffee beans,6.2521316012827715
Astoria,2023-06-10 09:00:00,Drinking Chocolate,6.2521316012827715
Astoria,2023-06-10 09:00:00,Flavours,6.2521316012827715
Astoria,2023-06-10 09:00:00,Tea,6.2521316012827715
Astoria,2023-06-10 10:00:00,Bakery,5.311023177873412
Astoria,2023-06-10 10:00:00,Coffee,5.311023177873412
Astoria,2023-06-10 10:00:00,Coffee beans,5.311023177873412
Astoria,2023-06-10 10:00:00,Drinking Chocolate,5.311023177873412
Astoria,2023-06-10 10:00:00,Flavours,5.311023177873412
Astoria,2023-06-10 10:00:00,Tea,5.311023177873412
Astoria,2023-06-10 11:00:00,Bakery,6.433168058545172
Astoria,2023-06-10 11:00:00,Coffee,6.433168058545172
Astoria,2023-06-10 11:00:00,Coffee beans,6.433168058545172
Astoria,2023-06-10 11:00:00,Drinking Chocolate,6.433168058545172
Astoria,2023-06-10 11:00:00,Flavours,6.433168058545172
Astoria,2023-06-10 11:00:00,Tea,6.433168058545172
Astoria,2023-06-10 12:00:00,Bakery,5.277137236466921
Astoria,2023-06-10 12:00:00,Coffee,5.277137236466921
Astoria,2023-06-10 12:00:00,Coffee beans,5.277137236466921
Astoria,2023-06-10 12:00:00,Drinking Chocolate,5.277137236466921
Astoria,2023-06-10 12:00:00,Flavours,5.277137236466921
Astoria,2023-06-10 12:00:00,Tea,5.277137236466921
Astoria,2023-06-10 13:00:00,Bakery,5.297457440600392
Astoria,2023-06-10 13:00:00,Coffee,5.297457440600392
Astoria,2023-06-10 13:00:00,Coffee beans,5.297457440600392
Astoria,2023-06-10 13:00:00,Drinking Chocolate,5.297457440600392
Astoria,2023-06-10 13:00:00,Flavours,5.297457440600392
Astoria,2023-06-10 13:00:00,Tea,5.297457440600392
Astoria,2023-06-10 14:00:00,Bakery,4.101065144186576
Astoria,2023-06-10 14:00:00,Coffee,4.101065144186576
Astoria,2023-06-10 14:00:00,Coffee beans,4.101065144186576
Astoria,2023-06-10 14:00:00,Drinking Chocolate,4.101065144186576
Astoria,2023-06-10 14:00:00,Flavours,4.101065144186576
Astoria,2023-06-10 14:00:00,Tea,4.101065144186576
Astoria,2023-06-10 15:00:00,Bakery,3.4837674547251094
Astoria,2023-06-10 15:00:00,Coffee,3.4837674547251094
Astoria,2023-06-10 15:00:00,Coffee beans,3.4837674547251094
Astoria,2023-06-10 15:00:00,Drinking Chocolate,3.4837674547251094
Astoria,2023-06-10 15:00:00,Flavours,3.4837674547251094
Astoria,2023-06-10 15:00:00,Tea,3.4837674547251094
Astoria,2023-06-10 16:00:00,Bakery,4.93586557088639
Astoria,2023-06-10 16:00:00,Coffee,4.93586557088639
Astoria,2023-06-10 16:00:00,Coffee beans,4.93586557088639
Astoria,2023-06-10 16:00:00,Drinking Chocolate,4.93586557088639
Astoria,2023-06-10 16:00:00,Flavours,4.93586557088639
Astoria,2023-06-10 16:00:00,Tea,4.93586557088639
Astoria,2023-06-10 17:00:00,Bakery,5.039615415520226
Astoria,2023-06-10 17:00:00,Coffee,5.039615415520226
Astoria,2023-06-10 17:00:00,Coffee beans,5.039615415520226
Astoria,2023-06-10 17:00:00,Drinking Chocolate,5.039615415520226
Astoria,2023-06-10 17:00:00,Flavours,5.039615415520226
Astoria,2023-06-10 17:00:00,Tea,5.039615415520226
Astoria,2023-06-10 18:00:00,Bakery,3.456707073033654
Astoria,2023-06-10 18:00:00,Coffee,3.456707073033654
Astoria,2023-06-10 18:00:00,Coffee beans,3.456707073033654
Astoria,2023-06-10 18:00:00,Drinking Chocolate,3.456707073033654
Astoria,2023-06-10 18:00:00,Flavours,3.456707073033654
Astoria,2023-06-10 18:00:00,Tea,3.456707073033654
Astoria,2023-06-10 19:00:00,Bakery,6.310262219943995
Astoria,2023-06-10 19:00:00,Coffee,6.310262219943995
Astoria,2023-06-10 19:00:00,Coffee beans,6.310262219943995
Astoria,2023-06-10 19:00:00,Drinking Chocolate,6.310262219943995
Astoria,2023-06-10 19:00:00,Flavours,6.310262219943995
Astoria,2023-06-10 19:00:00,Tea,6.310262219943995
Astoria,2023-06-11 07:00:00,Bakery,5.886430487739243
Astoria,2023-06-11 07:00:00,Coffee,5.886430487739243
Astoria,2023-06-11 07:00:00,Coffee beans,5.886430487739243
Astoria,2023-06-11 07:00:00,Drinking Chocolate,5.886430487739243
Astoria,2023-06-11 07:00:00,Flavours,5.886430487739243
Astoria,2023-06-11 07:00:00,Tea,5.886430487739243
Astoria,2023-06-11 08:00:00,Bakery,7.743101696045164
Astoria,2023-06-11 08:00:00,Coffee,7.743101696045164
Astoria,2023-06-11 08:00:00,Coffee beans,7.743101696045164
Astoria,2023-06-11 08:00:00,Drinking Chocolate,7.743101696045164
Astoria,2023-06-11 08:00:00,Flavours,7.743101696045164
Astoria,2023-06-11 08:00:00,Tea,7.743101696045164
Astoria,2023-06-11 09:00:00,Bakery,8.860467284455755
Astoria,2023-06-11 09:00:00,Coffee,8.860467284455755
Astoria,2023-06-11 09:00:00,Coffee beans,8.860467284455755
Astoria,2023-06-11 09:00:00,Drinking Chocolate,8.860467284455755
Astoria,2023-06-11 09:00:00,Flavours,8.860467284455755
Astoria,2023-06-11 09:00:00,Tea,8.860467284455755
Astoria,2023-06-11 10:00:00,Bakery,4.6071573395510494
Astoria,2023-06-11 10:00:00,Coffee,4.6071573395510494
Astoria,2023-06-11 10:00:00,Coffee beans,4.6071573395510494
Astoria,2023-06-11 10:00:00,Drinking Chocolate,4.6071573395510494
Astoria,2023-06-11 10:00:00,Flavours,4.6071573395510494
Astoria,2023-06-11 10:00:00,Tea,4.6071573395510494
Astoria,2023-06-11 11:00:00,Bakery,2.635240290942097
Astoria,2023-06-11 11:00:00,Coffee,2.635240290942097
Astoria,2023-06-11 11:00:00,Coffee beans,2.635240290942097
Astoria,2023-06-11 11:00:00,Drinking Chocolate,2.635240290942097
Astoria,2023-06-11 11:00:00,Flavours,2.635240290942097
Astoria,2023-06-11 11:00:00,Tea,2.635240290942097
Astoria,2023-06-11 12:00:00,Bakery,2.303688379541706
Astoria,2023-06-11 12:00:00,Coffee,2.303688379541706
Astoria,2023-06-11 12:00:00,Coffee beans,2.303688379541706
Astoria,2023-06-11 12:00:00,Drinking Chocolate,2.303688379541706
Astoria,2023-06-11 12:00:00,Flavours,2.303688379541706
Astoria,2023-06-11 12:00:00,Tea,2.303688379541706
Astoria,2023-06-11 13:00:00,Bakery,3.132852435464346
Astoria,2023-06-11 13:00:00,Coffee,3.132852435464346
Astoria,2023-06-11 13:00:00,Coffee beans,3.132852435464346
Astoria,2023-06-11 13:00:00,Drinking Chocolate,3.132852435464346
Astoria,2023-06-11 13:00:00,Flavours,3.132852435464346
Astoria,2023-06-11 13:00:00,Tea,3.132852435464346
Astoria,2023-06-11 14:00:00,Bakery,3.367085586701153
Astoria,2023-06-11 14:00:00,Coffee,3.367085586701153
Astoria,2023-06-11 14:00:00,Coffee beans,3.367085586701153
Astoria,2023-06-11 14:00:00,Drinking Chocolate,3.367085586701153
Astoria,2023-06-11 14:00:00,Flavours,3.367085586701153
Astoria,2023-06-11 14:00:00,Tea,3.367085586701153
Astoria,2023-06-11 15:00:00,Bakery,2.493870063644116
Astoria,2023-06-11 15:00:00,Coffee,2.493870063644116
Astoria,2023-06-11 15:00:00,Coffee beans,2.493870063644116
Astoria,2023-06-11 15:00:00,Drinking Chocolate,2.493870063644116
Astoria,2023-06-11 15:00:00,Flavours,2.493870063644116
Astoria,2023-06-11 15:00:00,Tea,2.493870063644116
Astoria,2023-06-11 16:00:00,Bakery,2.4862907344152787
Astoria,2023-06-11 16:00:00,Coffee,2.4862907344152787
Astoria,2023-06-11 16:00:00,Coffee beans,2.4862907344152787
Astoria,2023-06-11 16:00:00,Drinking Chocolate,2.4862907344152787
Astoria,2023-06-11 16:00:00,Flavours,2.4862907344152787
Astoria,2023-06-11 16:00:00,Tea,2.4862907344152787
Astoria,2023-06-11 17:00:00,Bakery,2.311236399093482
Astoria,2023-06-11 17:00:00,Coffee,2.311236399093482
Astoria,2023-06-11 17:00:00,Coffee beans,2.311236399093482
Astoria,2023-06-11 17:00:00,Drinking Chocolate,2.311236399093482
Astoria,2023-06-11 17:00:00,Flavours,2.311236399093482
Astoria,2023-06-11 17:00:00,Tea,2.311236399093482
Astoria,2023-06-11 18:00:00,Bakery,3.5516568328637903
Astoria,2023-06-11 18:00:00,Coffee,3.5516568328637903
Astoria,2023-06-11 18:00:00,Coffee beans,3.5516568328637903
Astoria,2023-06-11 18:00:00,Drinking Chocolate,3.5516568328637903
Astoria,2023-06-11 18:00:00,Flavours,3.5516568328637903
Astoria,2023-06-11 18:00:00,Tea,3.5516568328637903
Astoria,2023-06-11 19:00:00,Bakery,6.41592483774821
Astoria,2023-06-11 19:00:00,Coffee,6.41592483774821
Astoria,2023-06-11 19:00:00,Coffee beans,6.41592483774821
Astoria,2023-06-11 19:00:00,Drinking Chocolate,6.41592483774821
Astoria,2023-06-11 19:00:00,Flavours,6.41592483774821
Astoria,2023-06-11 19:00:00,Tea,6.41592483774821
Astoria,2023-06-12 07:00:00,Bakery,7.162532932792327
Astoria,2023-06-12 07:00:00,Coffee,7.162532932792327
Astoria,2023-06-12 07:00:00,Coffee beans,7.162532932792327
Astoria,2023-06-12 07:00:00,Drinking Chocolate,7.162532932792327
Astoria,2023-06-12 07:00:00,Flavours,7.162532932792327
Astoria,2023-06-12 07:00:00,Tea,7.162532932792327
Astoria,2023-06-12 08:00:00,Bakery,7.982125941966029
Astoria,2023-06-12 08:00:00,Coffee,7.982125941966029
Astoria,2023-06-12 08:00:00,Coffee beans,7.982125941966029
Astoria,2023-06-12 08:00:00,Drinking Chocolate,7.982125941966029
Astoria,2023-06-12 08:00:00,Flavours,7.982125941966029
Astoria,2023-06-12 08:00:00,Tea,7.982125941966029
Astoria,2023-06-12 09:00:00,Bakery,6.6269783606330614
Astoria,2023-06-12 09:00:00,Coffee,6.6269783606330614
Astoria,2023-06-12 09:00:00,Coffee beans,6.6269783606330614
Astoria,2023-06-12 09:00:00,Drinking Chocolate,6.6269783606330614
Astoria,2023-06-12 09:00:00,Flavours,6.6269783606330614
Astoria,2023-06-12 09:00:00,Tea,6.6269783606330614
Astoria,2023-06-12 10:00:00,Bakery,1.7704956579781634
Astoria,2023-06-12 10:00:00,Coffee,1.7704956579781634
Astoria,2023-06-12 10:00:00,Coffee beans,1.7704956579781634
Astoria,2023-06-12 10:00:00,Drinking Chocolate,1.7704956579781634
Astoria,2023-06-12 10:00:00,Flavours,1.7704956579781634
Astoria,2023-06-12 10:00:00,Tea,1.7704956579781634
Astoria,2023-06-12 11:00:00,Bakery,3.431104105371244
Astoria,2023-06-12 11:00:00,Coffee,3.431104105371244
Astoria,2023-06-12 11:00:00,Coffee beans,3.431104105371244
Astoria,2023-06-12 11:00:00,Drinking Chocolate,3.431104105371244
Astoria,2023-06-12 11:00:00,Flavours,3.431104105371244
Astoria,2023-06-12 11:00:00,Tea,3.431104105371244
Astoria,2023-06-12 12:00:00,Bakery,2.5189116223121006
Astoria,2023-06-12 12:00:00,Coffee,2.5189116223121006
Astoria,2023-06-12 12:00:00,Coffee beans,2.5189116223121006
Astoria,2023-06-12 12:00:00,Drinking Chocolate,2.5189116223121006
Astoria,2023-06-12 12:00:00,Flavours,2.5189116223121006
Astoria,2023-06-12 12:00:00,Tea,2.5189116223121006
Astoria,2023-06-12 13:00:00,Bakery,2.0662906550536415
Astoria,2023-06-12 13:00:00,Coffee,2.0662906550536415
Astoria,2023-06-12 13:00:00,Coffee beans,2.0662906550536415
Astoria,2023-06-12 13:00:00,Drinking Chocolate,2.0662906550536415
Astoria,2023-06-12 13:00:00,Flavours,2.0662906550536415
Astoria,2023-06-12 13:00:00,Tea,2.0662906550536415
Astoria,2023-06-12 14:00:00,Bakery,2.6778528391686804
Astoria,2023-06-12 14:00:00,Coffee,2.6778528391686804
Astoria,2023-06-12 14:00:00,Coffee beans,2.6778528391686804
Astoria,2023-06-12 14:00:00,Drinking Chocolate,2.6778528391686804
Astoria,2023-06-12 14:00:00,Flavours,2.6778528391686804
Astoria,2023-06-12 14:00:00,Tea,2.6778528391686804
Astoria,2023-06-12 15:00:00,Bakery,2.1918853573613437
Astoria,2023-06-12 15:00:00,Coffee,2.1918853573613437
Astoria,2023-06-12 15:00:00,Coffee beans,2.1918853573613437
Astoria,2023-06-12 15:00:00,Drinking Chocolate,2.1918853573613437
Astoria,2023-06-12 15:00:00,Flavours,2.1918853573613437
Astoria,2023-06-12 15:00:00,Tea,2.1918853573613437
Astoria,2023-06-12 16:00:00,Bakery,2.414193925426207
Astoria,2023-06-12 16:00:00,Coffee,2.414193925426207
Astoria,2023-06-12 16:00:00,Coffee beans,2.414193925426207
Astoria,2023-06-12 16:00:00,Drinking Chocolate,2.414193925426207
Astoria,2023-06-12 16:00:00,Flavours,2.414193925426207
Astoria,2023-06-12 16:00:00,Tea,2.414193925426207
Astoria,2023-06-12 17:00:00,Bakery,3.5365100386581183
Astoria,2023-06-12 17:00:00,Coffee,3.5365100386581183
Astoria,2023-06-12 17:00:00,Coffee beans,3.5365100386581183
Astoria,2023-06-12 17:00:00,Drinking Chocolate,3.5365100386581183
Astoria,2023-06-12 17:00:00,Flavours,3.5365100386581183
Astoria,2023-06-12 17:00:00,Tea,3.5365100386581183
Astoria,2023-06-12 18:00:00,Bakery,3.3834457486952627
Astoria,2023-06-12 18:00:00,Coffee,3.3834457486952627
Astoria,2023-06-12 18:00:00,Coffee beans,3.3834457486952627
Astoria,2023-06-12 18:00:00,Drinking Chocolate,3.3834457486952627
Astoria,2023-06-12 18:00:00,Flavours,3.3834457486952627
Astoria,2023-06-12 18:00:00,Tea,3.3834457486952627
Astoria,2023-06-12 19:00:00,Bakery,6.698527115107105
Astoria,2023-06-12 19:00:00,Coffee,6.698527115107105
Astoria,2023-06-12 19:00:00,Coffee beans,6.698527115107105
Astoria,2023-06-12 19:00:00,Drinking Chocolate,6.698527115107105
Astoria,2023-06-12 19:00:00,Flavours,6.698527115107105
Astoria,2023-06-12 19:00:00,Tea,6.698527115107105
Astoria,2023-06-13 07:00:00,Bakery,7.415279420877847
Astoria,2023-06-13 07:00:00,Coffee,7.415279420877847
Astoria,2023-06-13 07:00:00,Coffee beans,7.415279420877847
Astoria,2023-06-13 07:00:00,Drinking Chocolate,7.415279420877847
Astoria,2023-06-13 07:00:00,Flavours,7.415279420877847
Astoria,2023-06-13 07:00:00,Tea,7.415279420877847
Astoria,2023-06-13 08:00:00,Bakery,7.7857945352127675
Astoria,2023-06-13 08:00:00,Coffee,7.7857945352127675
Astoria,2023-06-13 08:00:00,Coffee beans,7.7857945352127675
Astoria,2023-06-13 08:00:00,Drinking Chocolate,7.7857945352127675
Astoria,2023-06-13 08:00:00,Flavours,7.7857945352127675
Astoria,2023-06-13 08:00:00,Tea,7.7857945352127675
Astoria,2023-06-13 09:00:00,Bakery,8.410880461295436
Astoria,2023-06-13 09:00:00,Coffee,8.410880461295436
Astoria,2023-06-13 09:00:00,Coffee beans,8.410880461295436
Astoria,2023-06-13 09:00:00,Drinking Chocolate,8.410880461295436
Astoria,2023-06-13 09:00:00,Flavours,8.410880461295436
Astoria,2023-06-13 09:00:00,Tea,8.410880461295436
Astoria,2023-06-13 10:00:00,Bakery,2.740267656438889
Astoria,2023-06-13 10:00:00,Coffee,2.740267656438889
Astoria,2023-06-13 10:00:00,Coffee beans,2.740267656438889
Astoria,2023-06-13 10:00:00,Drinking Chocolate,2.740267656438889
Astoria,2023-06-13 10:00:00,Flavours,2.740267656438889
Astoria,2023-06-13 10:00:00,Tea,2.740267656438889
Astoria,2023-06-13 11:00:00,Bakery,2.7110277668150013
Astoria,2023-06-13 11:00:00,Coffee,2.7110277668150013
Astoria,2023-06-13 11:00:00,Coffee beans,2.7110277668150013
Astoria,2023-06-13 11:00:00,Drinking Chocolate,2.7110277668150013
Astoria,2023-06-13 11:00:00,Flavours,2.7110277668150013
Astoria,2023-06-13 11:00:00,Tea,2.7110277668150013
Astoria,2023-06-13 12:00:00,Bakery,2.9331117357301983
Astoria,2023-06-13 12:00:00,Coffee,2.9331117357301983
Astoria,2023-06-13 12:00:00,Coffee beans,2.9331117357301983
Astoria,2023-06-13 12:00:00,Drinking Chocolate,2.9331117357301983
Astoria,2023-06-13 12:00:00,Flavours,2.9331117357301983
Astoria,2023-06-13 12:00:00,Tea,2.9331117357301983
Astoria,2023-06-13 13:00:00,Bakery,2.545098223550115
Astoria,2023-06-13 13:00:00,Coffee,2.545098223550115
Astoria,2023-06-13 13:00:00,Coffee beans,2.545098223550115
Astoria,2023-06-13 13:00:00,Drinking Chocolate,2.545098223550115
Astoria,2023-06-13 13:00:00,Flavours,2.545098223550115
Astoria,2023-06-13 13:00:00,Tea,2.545098223550115
Astoria,2023-06-13 14:00:00,Bakery,2.410546269181777
Astoria,2023-06-13 14:00:00,Coffee,2.410546269181777
Astoria,2023-06-13 14:00:00,Coffee beans,2.410546269181777
Astoria,2023-06-13 14:00:00,Drinking Chocolate,2.410546269181777
Astoria,2023-06-13 14:00:00,Flavours,2.410546269181777
Astoria,2023-06-13 14:00:00,Tea,2.410546269181777
Astoria,2023-06-13 15:00:00,Bakery,2.7517203651463418
Astoria,2023-06-13 15:00:00,Coffee,2.7517203651463418
Astoria,2023-06-13 15:00:00,Coffee beans,2.7517203651463418
Astoria,2023-06-13 15:00:00,Drinking Chocolate,2.7517203651463418
Astoria,2023-06-13 15:00:00,Flavours,2.7517203651463418
Astoria,2023-06-13 15:00:00,Tea,2.7517203651463418
Astoria,2023-06-13 16:00:00,Bakery,2.6044911432712516
Astoria,2023-06-13 16:00:00,Coffee,2.6044911432712516
Astoria,2023-06-13 16:00:00,Coffee beans,2.6044911432712516
Astoria,2023-06-13 16:00:00,Drinking Chocolate,2.6044911432712516
Astoria,2023-06-13 16:00:00,Flavours,2.6044911432712516
Astoria,2023-06-13 16:00:00,Tea,2.6044911432712516
Astoria,2023-06-13 17:00:00,Bakery,2.901092508792087
Astoria,2023-06-13 17:00:00,Coffee,2.901092508792087
Astoria,2023-06-13 17:00:00,Coffee beans,2.901092508792087
Astoria,2023-06-13 17:00:00,Drinking Chocolate,2.901092508792087
Astoria,2023-06-13 17:00:00,Flavours,2.901092508792087
Astoria,2023-06-13 17:00:00,Tea,2.901092508792087
Astoria,2023-06-13 18:00:00,Bakery,3.9813872569615176
Astoria,2023-06-13 18:00:00,Coffee,3.9813872569615176
Astoria,2023-06-13 18:00:00,Coffee beans,3.9813872569615176
Astoria,2023-06-13 18:00:00,Drinking Chocolate,3.9813872569615176
Astoria,2023-06-13 18:00:00,Flavours,3.9813872569615176
Astoria,2023-06-13 18:00:00,Tea,3.9813872569615176
Astoria,2023-06-13 19:00:00,Bakery,4.4561254407220465
Astoria,2023-06-13 19:00:00,Coffee,4.4561254407220465
Astoria,2023-06-13 19:00:00,Coffee beans,4.4561254407220465
Astoria,2023-06-13 19:00:00,Drinking Chocolate,4.4561254407220465
Astoria,2023-06-13 19:00:00,Flavours,4.4561254407220465
Astoria,2023-06-13 19:00:00,Tea,4.4561254407220465
Astoria,2023-06-14 08:00:00,Bakery,8.248833930487073
Astoria,2023-06-14 08:00:00,Coffee,8.248833930487073
Astoria,2023-06-14 08:00:00,Coffee beans,8.248833930487073
Astoria,2023-06-14 08:00:00,Drinking Chocolate,8.248833930487073
Astoria,2023-06-14 08:00:00,Flavours,8.248833930487073
Astoria,2023-06-14 08:00:00,Tea,8.248833930487073
Astoria,2023-06-14 09:00:00,Bakery,8.69307151070579
Astoria,2023-06-14 09:00:00,Coffee,8.69307151070579
Astoria,2023-06-14 09:00:00,Coffee beans,8.69307151070579
Astoria,2023-06-14 09:00:00,Drinking Chocolate,8.69307151070579
Astoria,2023-06-14 09:00:00,Flavours,8.69307151070579
Astoria,2023-06-14 09:00:00,Tea,8.69307151070579
Astoria,2023-06-14 10:00:00,Bakery,2.6715840347998046
Astoria,2023-06-14 10:00:00,Coffee,2.6715840347998046
Astoria,2023-06-14 10:00:00,Coffee beans,2.6715840347998046
Astoria,2023-06-14 10:00:00,Drinking Chocolate,2.6715840347998046
Astoria,2023-06-14 10:00:00,Flavours,2.6715840347998046
Astoria,2023-06-14 10:00:00,Tea,2.6715840347998046
Astoria,2023-06-14 11:00:00,Bakery,2.7825145984801005
Astoria,2023-06-14 11:00:00,Coffee,2.7825145984801005
Astoria,2023-06-14 11:00:00,Coffee beans,2.7825145984801005
Astoria,2023-06-14 11:00:00,Drinking Chocolate,2.7825145984801005
Astoria,2023-06-14 11:00:00,Flavours,2.7825145984801005
Astoria,2023-06-14 11:00:00,Tea,2.7825145984801005
Astoria,2023-06-14 12:00:00,Bakery,2.400601376007707
Astoria,2023-06-14 12:00:00,Coffee,2.400601376007707
Astoria,2023-06-14 12:00:00,Coffee beans,2.400601376007707
Astoria,2023-06-14 12:00:00,Drinking Chocolate,2.400601376007707
Astoria,2023-06-14 12:00:00,Flavours,2.400601376007707
Astoria,2023-06-14 12:00:00,Tea,2.400601376007707
Astoria,2023-06-14 13:00:00,Bakery,2.380890928949825
Astoria,2023-06-14 13:00:00,Coffee,2.380890928949825
Astoria,2023-06-14 13:00:00,Coffee beans,2.380890928949825
Astoria,2023-06-14 13:00:00,Drinking Chocolate,2.380890928949825
Astoria,2023-06-14 13:00:00,Flavours,2.380890928949825
Astoria,2023-06-14 13:00:00,Tea,2.380890928949825
Astoria,2023-06-14 14:00:00,Bakery,3.1787465922365445
Astoria,2023-06-14 14:00:00,Coffee,3.1787465922365445
Astoria,2023-06-14 14:00:00,Coffee beans,3.1787465922365445
Astoria,2023-06-14 14:00:00,Drinking Chocolate,3.1787465922365445
Astoria,2023-06-14 14:00:00,Flavours,3.1787465922365445
Astoria,2023-06-14 14:00:00,Tea,3.1787465922365445
Astoria,2023-06-14 15:00:00,Bakery,2.398431467658624
Astoria,2023-06-14 15:00:00,Coffee,2.398431467658624
Astoria,2023-06-14 15:00:00,Coffee beans,2.398431467658624
Astoria,2023-06-14 15:00:00,Drinking Chocolate,2.398431467658624
Astoria,2023-06-14 15:00:00,Flavours,2.398431467658624
Astoria,2023-06-14 15:00:00,Tea,2.398431467658624
Astoria,2023-06-14 16:00:00,Bakery,3.501495052377051
Astoria,2023-06-14 16:00:00,Coffee,3.501495052377051
Astoria,2023-06-14 16:00:00,Coffee beans,3.501495052377051
Astoria,2023-06-14 16:00:00,Drinking Chocolate,3.501495052377051
Astoria,2023-06-14 16:00:00,Flavours,3.501495052377051
Astoria,2023-06-14 16:00:00,Tea,3.501495052377051
Astoria,2023-06-14 17:00:00,Bakery,2.3482092848950713
Astoria,2023-06-14 17:00:00,Coffee,2.3482092848950713
Astoria,2023-06-14 17:00:00,Coffee beans,2.3482092848950713
Astoria,2023-06-14 17:00:00,Drinking Chocolate,2.3482092848950713
Astoria,2023-06-14 17:00:00,Flavours,2.3482092848950713
Astoria,2023-06-14 17:00:00,Tea,2.3482092848950713
Astoria,2023-06-14 18:00:00,Bakery,3.616326588802678
Astoria,2023-06-14 18:00:00,Coffee,3.616326588802678
Astoria,2023-06-14 18:00:00,Coffee beans,3.616326588802678
Astoria,2023-06-14 18:00:00,Drinking Chocolate,3.616326588802678
Astoria,2023-06-14 18:00:00,Flavours,3.616326588802678
Astoria,2023-06-14 18:00:00,Tea,3.616326588802678
Astoria,2023-06-14 19:00:00,Bakery,6.4107356748825906
Astoria,2023-06-14 19:00:00,Coffee,6.4107356748825906
Astoria,2023-06-14 19:00:00,Coffee beans,6.4107356748825906
Astoria,2023-06-14 19:00:00,Drinking Chocolate,6.4107356748825906
Astoria,2023-06-14 19:00:00,Flavours,6.4107356748825906
Astoria,2023-06-14 19:00:00,Tea,6.4107356748825906
Astoria,2023-06-15 07:00:00,Bakery,5.881908899228417
Astoria,2023-06-15 07:00:00,Coffee,5.881908899228417
Astoria,2023-06-15 07:00:00,Coffee beans,5.881908899228417
Astoria,2023-06-15 07:00:00,Drinking Chocolate,5.881908899228417
Astoria,2023-06-15 07:00:00,Flavours,5.881908899228417
Astoria,2023-06-15 07:00:00,Tea,5.881908899228417
Astoria,2023-06-15 08:00:00,Bakery,7.67956545542355
Astoria,2023-06-15 08:00:00,Coffee,7.67956545542355
Astoria,2023-06-15 08:00:00,Coffee beans,7.67956545542355
Astoria,2023-06-15 08:00:00,Drinking Chocolate,7.67956545542355
Astoria,2023-06-15 08:00:00,Flavours,7.67956545542355
Astoria,2023-06-15 08:00:00,Tea,7.67956545542355
Astoria,2023-06-15 09:00:00,Bakery,7.204950697399714
Astoria,2023-06-15 09:00:00,Coffee,7.204950697399714
Astoria,2023-06-15 09:00:00,Coffee beans,7.204950697399714
Astoria,2023-06-15 09:00:00,Drinking Chocolate,7.204950697399714
Astoria,2023-06-15 09:00:00,Flavours,7.204950697399714
Astoria,2023-06-15 09:00:00,Tea,7.204950697399714
Astoria,2023-06-15 10:00:00,Bakery,2.954921998688205
Astoria,2023-06-15 10:00:00,Coffee,2.954921998688205
Astoria,2023-06-15 10:00:00,Coffee beans,2.954921998688205
Astoria,2023-06-15 10:00:00,Drinking Chocolate,2.954921998688205
Astoria,2023-06-15 10:00:00,Flavours,2.954921998688205
Astoria,2023-06-15 10:00:00,Tea,2.954921998688205
Astoria,2023-06-15 11:00:00,Bakery,3.1649694678572957
Astoria,2023-06-15 11:00:00,Coffee,3.1649694678572957
Astoria,2023-06-15 11:00:00,Coffee beans,3.1649694678572957
Astoria,2023-06-15 11:00:00,Drinking Chocolate,3.1649694678572957
Astoria,2023-06-15 11:00:00,Flavours,3.1649694678572957
Astoria,2023-06-15 11:00:00,Tea,3.1649694678572957
Astoria,2023-06-15 12:00:00,Bakery,2.951424531076074
Astoria,2023-06-15 12:00:00,Coffee,2.951424531076074
Astoria,2023-06-15 12:00:00,Coffee beans,2.951424531076074
Astoria,2023-06-15 12:00:00,Drinking Chocolate,2.951424531076074
Astoria,2023-06-15 12:00:00,Flavours,2.951424531076074
Astoria,2023-06-15 12:00:00,Tea,2.951424531076074
Astoria,2023-06-15 13:00:00,Bakery,3.1863845948536036
Astoria,2023-06-15 13:00:00,Coffee,3.1863845948536036
Astoria,2023-06-15 13:00:00,Coffee beans,3.1863845948536036
Astoria,2023-06-15 13:00:00,Drinking Chocolate,3.1863845948536036
Astoria,2023-06-15 13:00:00,Flavours,3.1863845948536036
Astoria,2023-06-15 13:00:00,Tea,3.1863845948536036
Astoria,2023-06-15 14:00:00,Bakery,2.7356607409566442
Astoria,2023-06-15 14:00:00,Coffee,2.7356607409566442
Astoria,2023-06-15 14:00:00,Coffee beans,2.7356607409566442
Astoria,2023-06-15 14:00:00,Drinking Chocolate,2.7356607409566442
Astoria,2023-06-15 14:00:00,Flavours,2.7356607409566442
Astoria,2023-06-15 14:00:00,Tea,2.7356607409566442
Astoria,2023-06-15 15:00:00,Bakery,2.6409463306524126
Astoria,2023-06-15 15:00:00,Coffee,2.6409463306524126
Astoria,2023-06-15 15:00:00,Coffee beans,2.6409463306524126
Astoria,2023-06-15 15:00:00,Drinking Chocolate,2.6409463306524126
Astoria,2023-06-15 15:00:00,Flavours,2.6409463306524126
Astoria,2023-06-15 15:00:00,Tea,2.6409463306524126
Astoria,2023-06-15 16:00:00,Bakery,3.1903350769923855
Astoria,2023-06-15 16:00:00,Coffee,3.1903350769923855
Astoria,2023-06-15 16:00:00,Coffee beans,3.1903350769923855
Astoria,2023-06-15 16:00:00,Drinking Chocolate,3.1903350769923855
Astoria,2023-06-15 16:00:00,Flavours,3.1903350769923855
Astoria,2023-06-15 16:00:00,Tea,3.1903350769923855
Astoria,2023-06-15 17:00:00,Bakery,2.681692082110928
Astoria,2023-06-15 17:00:00,Coffee,2.681692082110928
Astoria,2023-06-15 17:00:00,Coffee beans,2.681692082110928
Astoria,2023-06-15 17:00:00,Drinking Chocolate,2.681692082110928
Astoria,2023-06-15 17:00:00,Flavours,2.681692082110928
Astoria,2023-06-15 17:00:00,Tea,2.681692082110928
Astoria,2023-06-15 18:00:00,Bakery,2.613007284261741
Astoria,2023-06-15 18:00:00,Coffee,2.613007284261741
Astoria,2023-06-15 18:00:00,Coffee beans,2.613007284261741
Astoria,2023-06-15 18:00:00,Drinking Chocolate,2.613007284261741
Astoria,2023-06-15 18:00:00,Flavours,2.613007284261741
Astoria,2023-06-15 18:00:00,Tea,2.613007284261741
Astoria,2023-06-15 19:00:00,Bakery,6.8178719417746665
Astoria,2023-06-15 19:00:00,Coffee,6.8178719417746665
Astoria,2023-06-15 19:00:00,Coffee beans,6.8178719417746665
Astoria,2023-06-15 19:00:00,Drinking Chocolate,6.8178719417746665
Astoria,2023-06-15 19:00:00,Flavours,6.8178719417746665
Astoria,2023-06-15 19:00:00,Tea,6.8178719417746665
Astoria,2023-06-16 07:00:00,Bakery,6.945431881721395
Astoria,2023-06-16 07:00:00,Coffee,6.945431881721395
Astoria,2023-06-16 07:00:00,Coffee beans,6.945431881721395
Astoria,2023-06-16 07:00:00,Drinking Chocolate,6.945431881721395
Astoria,2023-06-16 07:00:00,Flavours,6.945431881721395
Astoria,2023-06-16 07:00:00,Tea,6.945431881721395
Astoria,2023-06-16 08:00:00,Bakery,7.466893736418199
Astoria,2023-06-16 08:00:00,Coffee,7.466893736418199
Astoria,2023-06-16 08:00:00,Coffee beans,7.466893736418199
Astoria,2023-06-16 08:00:00,Drinking Chocolate,7.466893736418199
Astoria,2023-06-16 08:00:00,Flavours,7.466893736418199
Astoria,2023-06-16 08:00:00,Tea,7.466893736418199
Astoria,2023-06-16 09:00:00,Bakery,8.32522489726172
Astoria,2023-06-16 09:00:00,Coffee,8.32522489726172
Astoria,2023-06-16 09:00:00,Coffee beans,8.32522489726172
Astoria,2023-06-16 09:00:00,Drinking Chocolate,8.32522489726172
Astoria,2023-06-16 09:00:00,Flavours,8.32522489726172
Astoria,2023-06-16 09:00:00,Tea,8.32522489726172
Astoria,2023-06-16 10:00:00,Bakery,3.594246928481674
Astoria,2023-06-16 10:00:00,Coffee,3.594246928481674
Astoria,2023-06-16 10:00:00,Coffee beans,3.594246928481674
Astoria,2023-06-16 10:00:00,Drinking Chocolate,3.594246928481674
Astoria,2023-06-16 10:00:00,Flavours,3.594246928481674
Astoria,2023-06-16 10:00:00,Tea,3.594246928481674
Astoria,2023-06-16 11:00:00,Bakery,4.352210345219301
Astoria,2023-06-16 11:00:00,Coffee,4.352210345219301
Astoria,2023-06-16 11:00:00,Coffee beans,4.352210345219301
Astoria,2023-06-16 11:00:00,Drinking Chocolate,4.352210345219301
Astoria,2023-06-16 11:00:00,Flavours,4.352210345219301
Astoria,2023-06-16 11:00:00,Tea,4.352210345219301
Astoria,2023-06-16 12:00:00,Bakery,3.539984966302019
Astoria,2023-06-16 12:00:00,Coffee,3.539984966302019
Astoria,2023-06-16 12:00:00,Coffee beans,3.539984966302019
Astoria,2023-06-16 12:00:00,Drinking Chocolate,3.539984966302019
Astoria,2023-06-16 12:00:00,Flavours,3.539984966302019
Astoria,2023-06-16 12:00:00,Tea,3.539984966302019
Astoria,2023-06-16 13:00:00,Bakery,3.7961360515996936
Astoria,2023-06-16 13:00:00,Coffee,3.7961360515996936
Astoria,2023-06-16 13:00:00,Coffee beans,3.7961360515996936
Astoria,2023-06-16 13:00:00,Drinking Chocolate,3.7961360515996936
Astoria,2023-06-16 13:00:00,Flavours,3.7961360515996936
Astoria,2023-06-16 13:00:00,Tea,3.7961360515996936
Astoria,2023-06-16 14:00:00,Bakery,4.183129033824965
Astoria,2023-06-16 14:00:00,Coffee,4.183129033824965
Astoria,2023-06-16 14:00:00,Coffee beans,4.183129033824965
Astoria,2023-06-16 14:00:00,Drinking Chocolate,4.183129033824965
Astoria,2023-06-16 14:00:00,Flavours,4.183129033824965
Astoria,2023-06-16 14:00:00,Tea,4.183129033824965
Astoria,2023-06-16 15:00:00,Bakery,3.45398443594812
Astoria,2023-06-16 15:00:00,Coffee,3.45398443594812
Astoria,2023-06-16 15:00:00,Coffee beans,3.45398443594812
Astoria,2023-06-16 15:00:00,Drinking Chocolate,3.45398443594812
Astoria,2023-06-16 15:00:00,Flavours,3.45398443594812
Astoria,2023-06-16 15:00:00,Tea,3.45398443594812
Astoria,2023-06-16 16:00:00,Bakery,3.7220029831828643
Astoria,2023-06-16 16:00:00,Coffee,3.7220029831828643
Astoria,2023-06-16 16:00:00,Coffee beans,3.7220029831828643
Astoria,2023-06-16 16:00:00,Drinking Chocolate,3.7220029831828643
Astoria,2023-06-16 16:00:00,Flavours,3.7220029831828643
Astoria,2023-06-16 16:00:00,Tea,3.7220029831828643
Astoria,2023-06-16 17:00:00,Bakery,3.654412531406971
Astoria,2023-06-16 17:00:00,Coffee,3.654412531406971
Astoria,2023-06-16 17:00:00,Coffee beans,3.654412531406971
Astoria,2023-06-16 17:00:00,Drinking Chocolate,3.654412531406971
Astoria,2023-06-16 17:00:00,Flavours,3.654412531406971
Astoria,2023-06-16 17:00:00,Tea,3.654412531406971
Astoria,2023-06-16 18:00:00,Bakery,3.8902845638955412
Astoria,2023-06-16 18:00:00,Coffee,3.8902845638955412
Astoria,2023-06-16 18:00:00,Coffee beans,3.8902845638955412
Astoria,2023-06-16 18:00:00,Drinking Chocolate,3.8902845638955412
Astoria,2023-06-16 18:00:00,Flavours,3.8902845638955412
Astoria,2023-06-16 18:00:00,Tea,3.8902845638955412
Astoria,2023-06-16 19:00:00,Bakery,6.517217994764413
Astoria,2023-06-16 19:00:00,Coffee,6.517217994764413
Astoria,2023-06-16 19:00:00,Coffee beans,6.517217994764413
Astoria,2023-06-16 19:00:00,Drinking Chocolate,6.517217994764413
Astoria,2023-06-16 19:00:00,Flavours,6.517217994764413
Astoria,2023-06-16 19:00:00,Tea,6.517217994764413
Astoria,2023-06-17 07:00:00,Bakery,6.750317455472989
Astoria,2023-06-17 07:00:00,Coffee,6.750317455472989
Astoria,2023-06-17 07:00:00,Coffee beans,6.750317455472989
Astoria,2023-06-17 07:00:00,Drinking Chocolate,6.750317455472989
Astoria,2023-06-17 07:00:00,Flavours,6.750317455472989
Astoria,2023-06-17 07:00:00,Tea,6.750317455472989
Astoria,2023-06-17 08:00:00,Bakery,7.436697790618691
Astoria,2023-06-17 08:00:00,Coffee,7.436697790618691
Astoria,2023-06-17 08:00:00,Coffee beans,7.436697790618691
Astoria,2023-06-17 08:00:00,Drinking Chocolate,7.436697790618691
Astoria,2023-06-17 08:00:00,Flavours,7.436697790618691
Astoria,2023-06-17 08:00:00,Tea,7.436697790618691
Astoria,2023-06-17 09:00:00,Bakery,7.918275952674079
Astoria,2023-06-17 09:00:00,Coffee,7.918275952674079
Astoria,2023-06-17 09:00:00,Coffee beans,7.918275952674079
Astoria,2023-06-17 09:00:00,Drinking Chocolate,7.918275952674079
Astoria,2023-06-17 09:00:00,Flavours,7.918275952674079
Astoria,2023-06-17 09:00:00,Tea,7.918275952674079
Astoria,2023-06-17 10:00:00,Bakery,3.8781628500009155
Astoria,2023-06-17 10:00:00,Coffee,3.8781628500009155
Astoria,2023-06-17 10:00:00,Coffee beans,3.8781628500009155
Astoria,2023-06-17 10:00:00,Drinking Chocolate,3.8781628500009155
Astoria,2023-06-17 10:00:00,Flavours,3.8781628500009155
Astoria,2023-06-17 10:00:00,Tea,3.8781628500009155
Astoria,2023-06-17 11:00:00,Bakery,3.7557212656318595
Astoria,2023-06-17 11:00:00,Coffee,3.7557212656318595
Astoria,2023-06-17 11:00:00,Coffee beans,3.7557212656318595
Astoria,2023-06-17 11:00:00,Drinking Chocolate,3.7557212656318595
Astoria,2023-06-17 11:00:00,Flavours,3.7557212656318595
Astoria,2023-06-17 11:00:00,Tea,3.7557212656318595
Astoria,2023-06-17 12:00:00,Bakery,3.714187217887523
Astoria,2023-06-17 12:00:00,Coffee,3.714187217887523
Astoria,2023-06-17 12:00:00,Coffee beans,3.714187217887523
Astoria,2023-06-17 12:00:00,Drinking Chocolate,3.714187217887523
Astoria,2023-06-17 12:00:00,Flavours,3.714187217887523
Astoria,2023-06-17 12:00:00,Tea,3.714187217887523
Astoria,2023-06-17 13:00:00,Bakery,3.3201615241931597
Astoria,2023-06-17 13:00:00,Coffee,3.3201615241931597
Astoria,2023-06-17 13:00:00,Coffee beans,3.3201615241931597
Astoria,2023-06-17 13:00:00,Drinking Chocolate,3.3201615241931597
Astoria,2023-06-17 13:00:00,Flavours,3.3201615241931597
Astoria,2023-06-17 13:00:00,Tea,3.3201615241931597
Astoria,2023-06-17 14:00:00,Bakery,2.915833941020135
Astoria,2023-06-17 14:00:00,Coffee,2.915833941020135
Astoria,2023-06-17 14:00:00,Coffee beans,2.915833941020135
Astoria,2023-06-17 14:00:00,Drinking Chocolate,2.915833941020135
Astoria,2023-06-17 14:00:00,Flavours,2.915833941020135
Astoria,2023-06-17 14:00:00,Tea,2.915833941020135
Astoria,2023-06-17 15:00:00,Bakery,3.222472703523084
Astoria,2023-06-17 15:00:00,Coffee,3.222472703523084
Astoria,2023-06-17 15:00:00,Coffee beans,3.222472703523084
Astoria,2023-06-17 15:00:00,Drinking Chocolate,3.222472703523084
Astoria,2023-06-17 15:00:00,Flavours,3.222472703523084
Astoria,2023-06-17 15:00:00,Tea,3.222472703523084
Astoria,2023-06-17 16:00:00,Bakery,4.187243880157
Astoria,2023-06-17 16:00:00,Coffee,4.187243880157
Astoria,2023-06-17 16:00:00,Coffee beans,4.187243880157
Astoria,2023-06-17 16:00:00,Drinking Chocolate,4.187243880157
Astoria,2023-06-17 16:00:00,Flavours,4.187243880157
Astoria,2023-06-17 16:00:00,Tea,4.187243880157
Astoria,2023-06-17 17:00:00,Bakery,6.521216746513064
Astoria,2023-06-17 17:00:00,Coffee,6.521216746513064
Astoria,2023-06-17 17:00:00,Coffee beans,6.521216746513064
Astoria,2023-06-17 17:00:00,Drinking Chocolate,6.521216746513064
Astoria,2023-06-17 17:00:00,Flavours,6.521216746513064
Astoria,2023-06-17 17:00:00,Tea,6.521216746513064
Astoria,2023-06-17 18:00:00,Bakery,6.4662756716025935
Astoria,2023-06-17 18:00:00,Coffee,6.4662756716025935
Astoria,2023-06-17 18:00:00,Coffee beans,6.4662756716025935
Astoria,2023-06-17 18:00:00,Drinking Chocolate,6.4662756716025935
Astoria,2023-06-17 18:00:00,Flavours,6.4662756716025935
Astoria,2023-06-17 18:00:00,Tea,6.4662756716025935
Astoria,2023-06-17 19:00:00,Bakery,5.204973664074069
Astoria,2023-06-17 19:00:00,Coffee,5.204973664074069
Astoria,2023-06-17 19:00:00,Coffee beans,5.204973664074069
Astoria,2023-06-17 19:00:00,Drinking Chocolate,5.204973664074069
Astoria,2023-06-17 19:00:00,Flavours,5.204973664074069
Astoria,2023-06-17 19:00:00,Tea,5.204973664074069
Astoria,2023-06-18 07:00:00,Bakery,6.19399240883365
Astoria,2023-06-18 07:00:00,Coffee,6.19399240883365
Astoria,2023-06-18 07:00:00,Coffee beans,6.19399240883365
Astoria,2023-06-18 07:00:00,Drinking Chocolate,6.19399240883365
Astoria,2023-06-18 07:00:00,Flavours,6.19399240883365
Astoria,2023-06-18 07:00:00,Tea,6.19399240883365
Astoria,2023-06-18 08:00:00,Bakery,7.169142982866661
Astoria,2023-06-18 08:00:00,Coffee,7.169142982866661
Astoria,2023-06-18 08:00:00,Coffee beans,7.169142982866661
Astoria,2023-06-18 08:00:00,Drinking Chocolate,7.169142982866661
Astoria,2023-06-18 08:00:00,Flavours,7.169142982866661
Astoria,2023-06-18 08:00:00,Tea,7.169142982866661
Astoria,2023-06-18 09:00:00,Bakery,8.610472593000365
Astoria,2023-06-18 09:00:00,Coffee,8.610472593000365
Astoria,2023-06-18 09:00:00,Coffee beans,8.610472593000365
Astoria,2023-06-18 09:00:00,Drinking Chocolate,8.610472593000365
Astoria,2023-06-18 09:00:00,Flavours,8.610472593000365
Astoria,2023-06-18 09:00:00,Tea,8.610472593000365
Astoria,2023-06-18 10:00:00,Bakery,3.55904725806466
Astoria,2023-06-18 10:00:00,Coffee,3.55904725806466
Astoria,2023-06-18 10:00:00,Coffee beans,3.55904725806466
Astoria,2023-06-18 10:00:00,Drinking Chocolate,3.55904725806466
Astoria,2023-06-18 10:00:00,Flavours,3.55904725806466
Astoria,2023-06-18 10:00:00,Tea,3.55904725806466
Astoria,2023-06-18 11:00:00,Bakery,6.7980396736660875
Astoria,2023-06-18 11:00:00,Coffee,6.7980396736660875
Astoria,2023-06-18 11:00:00,Coffee beans,6.7980396736660875
Astoria,2023-06-18 11:00:00,Drinking Chocolate,6.7980396736660875
Astoria,2023-06-18 11:00:00,Flavours,6.7980396736660875
Astoria,2023-06-18 11:00:00,Tea,6.7980396736660875
Astoria,2023-06-18 12:00:00,Bakery,3.3448116692846894
Astoria,2023-06-18 12:00:00,Coffee,3.3448116692846894
Astoria,2023-06-18 12:00:00,Coffee beans,3.3448116692846894
Astoria,2023-06-18 12:00:00,Drinking Chocolate,3.3448116692846894
Astoria,2023-06-18 12:00:00,Flavours,3.3448116692846894
Astoria,2023-06-18 12:00:00,Tea,3.3448116692846894
Astoria,2023-06-18 13:00:00,Bakery,3.026156330593381
Astoria,2023-06-18 13:00:00,Coffee,3.026156330593381
Astoria,2023-06-18 13:00:00,Coffee beans,3.026156330593381
Astoria,2023-06-18 13:00:00,Drinking Chocolate,3.026156330593381
Astoria,2023-06-18 13:00:00,Flavours,3.026156330593381
Astoria,2023-06-18 13:00:00,Tea,3.026156330593381
Astoria,2023-06-18 14:00:00,Bakery,3.0340725355544116
Astoria,2023-06-18 14:00:00,Coffee,3.0340725355544116
Astoria,2023-06-18 14:00:00,Coffee beans,3.0340725355544116
Astoria,2023-06-18 14:00:00,Drinking Chocolate,3.0340725355544116
Astoria,2023-06-18 14:00:00,Flavours,3.0340725355544116
Astoria,2023-06-18 14:00:00,Tea,3.0340725355544116
Astoria,2023-06-18 15:00:00,Bakery,2.6276301310871464
Astoria,2023-06-18 15:00:00,Coffee,2.6276301310871464
Astoria,2023-06-18 15:00:00,Coffee beans,2.6276301310871464
Astoria,2023-06-18 15:00:00,Drinking Chocolate,2.6276301310871464
Astoria,2023-06-18 15:00:00,Flavours,2.6276301310871464
Astoria,2023-06-18 15:00:00,Tea,2.6276301310871464
Astoria,2023-06-18 16:00:00,Bakery,3.121520337924199
Astoria,2023-06-18 16:00:00,Coffee,3.121520337924199
Astoria,2023-06-18 16:00:00,Coffee beans,3.121520337924199
Astoria,2023-06-18 16:00:00,Drinking Chocolate,3.121520337924199
Astoria,2023-06-18 16:00:00,Flavours,3.121520337924199
Astoria,2023-06-18 16:00:00,Tea,3.121520337924199
Astoria,2023-06-18 17:00:00,Bakery,5.542348432235473
Astoria,2023-06-18 17:00:00,Coffee,5.542348432235473
Astoria,2023-06-18 17:00:00,Coffee beans,5.542348432235473
Astoria,2023-06-18 17:00:00,Drinking Chocolate,5.542348432235473
Astoria,2023-06-18 17:00:00,Flavours,5.542348432235473
Astoria,2023-06-18 17:00:00,Tea,5.542348432235473
Astoria,2023-06-18 18:00:00,Bakery,6.726347246640115
Astoria,2023-06-18 18:00:00,Coffee,6.726347246640115
Astoria,2023-06-18 18:00:00,Coffee beans,6.726347246640115
Astoria,2023-06-18 18:00:00,Drinking Chocolate,6.726347246640115
Astoria,2023-06-18 18:00:00,Flavours,6.726347246640115
Astoria,2023-06-18 18:00:00,Tea,6.726347246640115
Astoria,2023-06-18 19:00:00,Bakery,7.0458294565342765
Astoria,2023-06-18 19:00:00,Coffee,7.0458294565342765
Astoria,2023-06-18 19:00:00,Coffee beans,7.0458294565342765
Astoria,2023-06-18 19:00:00,Drinking Chocolate,7.0458294565342765
Astoria,2023-06-18 19:00:00,Flavours,7.0458294565342765
Astoria,2023-06-18 19:00:00,Tea,7.0458294565342765
Astoria,2023-06-19 07:00:00,Bakery,5.409444671029161
Astoria,2023-06-19 07:00:00,Coffee,5.409444671029161
Astoria,2023-06-19 07:00:00,Coffee beans,5.409444671029161
Astoria,2023-06-19 07:00:00,Drinking Chocolate,5.409444671029161
Astoria,2023-06-19 07:00:00,Flavours,5.409444671029161
Astoria,2023-06-19 07:00:00,Tea,5.409444671029161
Astoria,2023-06-19 08:00:00,Bakery,7.8439223912043134
Astoria,2023-06-19 08:00:00,Coffee,7.8439223912043134
Astoria,2023-06-19 08:00:00,Coffee beans,7.8439223912043134
Astoria,2023-06-19 08:00:00,Drinking Chocolate,7.8439223912043134
Astoria,2023-06-19 08:00:00,Flavours,7.8439223912043134
Astoria,2023-06-19 08:00:00,Tea,7.8439223912043134
Astoria,2023-06-19 09:00:00,Bakery,8.726553881423447
Astoria,2023-06-19 09:00:00,Coffee,8.726553881423447
Astoria,2023-06-19 09:00:00,Coffee beans,8.726553881423447
Astoria,2023-06-19 09:00:00,Drinking Chocolate,8.726553881423447
Astoria,2023-06-19 09:00:00,Flavours,8.726553881423447
Astoria,2023-06-19 09:00:00,Tea,8.726553881423447
Astoria,2023-06-19 10:00:00,Bakery,4.090136813727204
Astoria,2023-06-19 10:00:00,Coffee,4.090136813727204
Astoria,2023-06-19 10:00:00,Coffee beans,4.090136813727204
Astoria,2023-06-19 10:00:00,Drinking Chocolate,4.090136813727204
Astoria,2023-06-19 10:00:00,Flavours,4.090136813727204
Astoria,2023-06-19 10:00:00,Tea,4.090136813727204
Astoria,2023-06-19 11:00:00,Bakery,2.9916684935554345
Astoria,2023-06-19 11:00:00,Coffee,2.9916684935554345
Astoria,2023-06-19 11:00:00,Coffee beans,2.9916684935554345
Astoria,2023-06-19 11:00:00,Drinking Chocolate,2.9916684935554345
Astoria,2023-06-19 11:00:00,Flavours,2.9916684935554345
Astoria,2023-06-19 11:00:00,Tea,2.9916684935554345
Astoria,2023-06-19 12:00:00,Bakery,3.817190964308791
Astoria,2023-06-19 12:00:00,Coffee,3.817190964308791
Astoria,2023-06-19 12:00:00,Coffee beans,3.817190964308791
Astoria,2023-06-19 12:00:00,Drinking Chocolate,3.817190964308791
Astoria,2023-06-19 12:00:00,Flavours,3.817190964308791
Astoria,2023-06-19 12:00:00,Tea,3.817190964308791
Astoria,2023-06-19 13:00:00,Bakery,3.1974993047747056
Astoria,2023-06-19 13:00:00,Coffee,3.1974993047747056
Astoria,2023-06-19 13:00:00,Coffee beans,3.1974993047747056
Astoria,2023-06-19 13:00:00,Drinking Chocolate,3.1974993047747056
Astoria,2023-06-19 13:00:00,Flavours,3.1974993047747056
Astoria,2023-06-19 13:00:00,Tea,3.1974993047747056
Astoria,2023-06-19 14:00:00,Bakery,2.610415380714286
Astoria,2023-06-19 14:00:00,Coffee,2.610415380714286
Astoria,2023-06-19 14:00:00,Coffee beans,2.610415380714286
Astoria,2023-06-19 14:00:00,Drinking Chocolate,2.610415380714286
Astoria,2023-06-19 14:00:00,Flavours,2.610415380714286
Astoria,2023-06-19 14:00:00,Tea,2.610415380714286
Astoria,2023-06-19 15:00:00,Bakery,5.251491370310643
Astoria,2023-06-19 15:00:00,Coffee,5.251491370310643
Astoria,2023-06-19 15:00:00,Coffee beans,5.251491370310643
Astoria,2023-06-19 15:00:00,Drinking Chocolate,5.251491370310643
Astoria,2023-06-19 15:00:00,Flavours,5.251491370310643
Astoria,2023-06-19 15:00:00,Tea,5.251491370310643
Astoria,2023-06-19 16:00:00,Bakery,2.7976503407463564
Astoria,2023-06-19 16:00:00,Coffee,2.7976503407463564
Astoria,2023-06-19 16:00:00,Coffee beans,2.7976503407463564
Astoria,2023-06-19 16:00:00,Drinking Chocolate,2.7976503407463564
Astoria,2023-06-19 16:00:00,Flavours,2.7976503407463564
Astoria,2023-06-19 16:00:00,Tea,2.7976503407463564
Astoria,2023-06-19 17:00:00,Bakery,3.2236997256407776
Astoria,2023-06-19 17:00:00,Coffee,3.2236997256407776
Astoria,2023-06-19 17:00:00,Coffee beans,3.2236997256407776
Astoria,2023-06-19 17:00:00,Drinking Chocolate,3.2236997256407776
Astoria,2023-06-19 17:00:00,Flavours,3.2236997256407776
Astoria,2023-06-19 17:00:00,Tea,3.2236997256407776
Astoria,2023-06-19 18:00:00,Bakery,3.4409255570576507
Astoria,2023-06-19 18:00:00,Coffee,3.4409255570576507
Astoria,2023-06-19 18:00:00,Coffee beans,3.4409255570576507
Astoria,2023-06-19 18:00:00,Drinking Chocolate,3.4409255570576507
Astoria,2023-06-19 18:00:00,Flavours,3.4409255570576507
Astoria,2023-06-19 18:00:00,Tea,3.4409255570576507
Astoria,2023-06-19 19:00:00,Bakery,6.445165146410935
Astoria,2023-06-19 19:00:00,Coffee,6.445165146410935
Astoria,2023-06-19 19:00:00,Coffee beans,6.445165146410935
Astoria,2023-06-19 19:00:00,Drinking Chocolate,6.445165146410935
Astoria,2023-06-19 19:00:00,Flavours,6.445165146410935
Astoria,2023-06-19 19:00:00,Tea,6.445165146410935
Astoria,2023-06-20 07:00:00,Bakery,7.163659463612239
Astoria,2023-06-20 07:00:00,Coffee,7.163659463612239
Astoria,2023-06-20 07:00:00,Coffee beans,7.163659463612239
Astoria,2023-06-20 07:00:00,Drinking Chocolate,7.163659463612239
Astoria,2023-06-20 07:00:00,Flavours,7.163659463612239
Astoria,2023-06-20 07:00:00,Tea,7.163659463612239
Astoria,2023-06-20 08:00:00,Bakery,7.115754183939663
Astoria,2023-06-20 08:00:00,Coffee,7.115754183939663
Astoria,2023-06-20 08:00:00,Coffee beans,7.115754183939663
Astoria,2023-06-20 08:00:00,Drinking Chocolate,7.115754183939663
Astoria,2023-06-20 08:00:00,Flavours,7.115754183939663
Astoria,2023-06-20 08:00:00,Tea,7.115754183939663
Astoria,2023-06-20 09:00:00,Bakery,8.285868241791553
Astoria,2023-06-20 09:00:00,Coffee,8.285868241791553
Astoria,2023-06-20 09:00:00,Coffee beans,8.285868241791553
Astoria,2023-06-20 09:00:00,Drinking Chocolate,8.285868241791553
Astoria,2023-06-20 09:00:00,Flavours,8.285868241791553
Astoria,2023-06-20 09:00:00,Tea,8.285868241791553
Astoria,2023-06-20 10:00:00,Bakery,3.3920088655415737
Astoria,2023-06-20 10:00:00,Coffee,3.3920088655415737
Astoria,2023-06-20 10:00:00,Coffee beans,3.3920088655415737
Astoria,2023-06-20 10:00:00,Drinking Chocolate,3.3920088655415737
Astoria,2023-06-20 10:00:00,Flavours,3.3920088655415737
Astoria,2023-06-20 10:00:00,Tea,3.3920088655415737
Astoria,2023-06-20 11:00:00,Bakery,2.8925617859412234
Astoria,2023-06-20 11:00:00,Coffee,2.8925617859412234
Astoria,2023-06-20 11:00:00,Coffee beans,2.8925617859412234
Astoria,2023-06-20 11:00:00,Drinking Chocolate,2.8925617859412234
Astoria,2023-06-20 11:00:00,Flavours,2.8925617859412234
Astoria,2023-06-20 11:00:00,Tea,2.8925617859412234
Astoria,2023-06-20 12:00:00,Bakery,2.97083918611476
Astoria,2023-06-20 12:00:00,Coffee,2.97083918611476
Astoria,2023-06-20 12:00:00,Coffee beans,2.97083918611476
Astoria,2023-06-20 12:00:00,Drinking Chocolate,2.97083918611476
Astoria,2023-06-20 12:00:00,Flavours,2.97083918611476
Astoria,2023-06-20 12:00:00,Tea,2.97083918611476
Astoria,2023-06-20 13:00:00,Bakery,2.706378612376556
Astoria,2023-06-20 13:00:00,Coffee,2.706378612376556
Astoria,2023-06-20 13:00:00,Coffee beans,2.706378612376556
Astoria,2023-06-20 13:00:00,Drinking Chocolate,2.706378612376556
Astoria,2023-06-20 13:00:00,Flavours,2.706378612376556
Astoria,2023-06-20 13:00:00,Tea,2.706378612376556
Astoria,2023-06-20 14:00:00,Bakery,3.443154648749348
Astoria,2023-06-20 14:00:00,Coffee,3.443154648749348
Astoria,2023-06-20 14:00:00,Coffee beans,3.443154648749348
Astoria,2023-06-20 14:00:00,Drinking Chocolate,3.443154648749348
Astoria,2023-06-20 14:00:00,Flavours,3.443154648749348
Astoria,2023-06-20 14:00:00,Tea,3.443154648749348
Astoria,2023-06-20 15:00:00,Bakery,4.3223654051566776
Astoria,2023-06-20 15:00:00,Coffee,4.3223654051566776
Astoria,2023-06-20 15:00:00,Coffee beans,4.3223654051566776
Astoria,2023-06-20 15:00:00,Drinking Chocolate,4.3223654051566776
Astoria,2023-06-20 15:00:00,Flavours,4.3223654051566776
Astoria,2023-06-20 15:00:00,Tea,4.3223654051566776
Astoria,2023-06-20 16:00:00,Bakery,2.5058227148497187
Astoria,2023-06-20 16:00:00,Coffee,2.5058227148497187
Astoria,2023-06-20 16:00:00,Coffee beans,2.5058227148497187
Astoria,2023-06-20 16:00:00,Drinking Chocolate,2.5058227148497187
Astoria,2023-06-20 16:00:00,Flavours,2.5058227148497187
Astoria,2023-06-20 16:00:00,Tea,2.5058227148497187
Astoria,2023-06-20 17:00:00,Bakery,3.5215390859399838
Astoria,2023-06-20 17:00:00,Coffee,3.5215390859399838
Astoria,2023-06-20 17:00:00,Coffee beans,3.5215390859399838
Astoria,2023-06-20 17:00:00,Drinking Chocolate,3.5215390859399838
Astoria,2023-06-20 17:00:00,Flavours,3.5215390859399838
Astoria,2023-06-20 17:00:00,Tea,3.5215390859399838
Astoria,2023-06-20 18:00:00,Bakery,4.025048499490291
Astoria,2023-06-20 18:00:00,Coffee,4.025048499490291
Astoria,2023-06-20 18:00:00,Coffee beans,4.025048499490291
Astoria,2023-06-20 18:00:00,Drinking Chocolate,4.025048499490291
Astoria,2023-06-20 18:00:00,Flavours,4.025048499490291
Astoria,2023-06-20 18:00:00,Tea,4.025048499490291
Astoria,2023-06-20 19:00:00,Bakery,7.089071573294179
Astoria,2023-06-20 19:00:00,Coffee,7.089071573294179
Astoria,2023-06-20 19:00:00,Coffee beans,7.089071573294179
Astoria,2023-06-20 19:00:00,Drinking Chocolate,7.089071573294179
Astoria,2023-06-20 19:00:00,Flavours,7.089071573294179
Astoria,2023-06-20 19:00:00,Tea,7.089071573294179
Astoria,2023-06-21 08:00:00,Bakery,7.156982305030238
Astoria,2023-06-21 08:00:00,Coffee,7.156982305030238
Astoria,2023-06-21 08:00:00,Coffee beans,7.156982305030238
Astoria,2023-06-21 08:00:00,Drinking Chocolate,7.156982305030238
Astoria,2023-06-21 08:00:00,Flavours,7.156982305030238
Astoria,2023-06-21 08:00:00,Tea,7.156982305030238
Astoria,2023-06-21 09:00:00,Bakery,8.065326102200157
Astoria,2023-06-21 09:00:00,Coffee,8.065326102200157
Astoria,2023-06-21 09:00:00,Coffee beans,8.065326102200157
Astoria,2023-06-21 09:00:00,Drinking Chocolate,8.065326102200157
Astoria,2023-06-21 09:00:00,Flavours,8.065326102200157
Astoria,2023-06-21 09:00:00,Tea,8.065326102200157
Astoria,2023-06-21 10:00:00,Bakery,4.184981279085445
Astoria,2023-06-21 10:00:00,Coffee,4.184981279085445
Astoria,2023-06-21 10:00:00,Coffee beans,4.184981279085445
Astoria,2023-06-21 10:00:00,Drinking Chocolate,4.184981279085445
Astoria,2023-06-21 10:00:00,Flavours,4.184981279085445
Astoria,2023-06-21 10:00:00,Tea,4.184981279085445
Astoria,2023-06-21 11:00:00,Bakery,3.8811800286854106
Astoria,2023-06-21 11:00:00,Coffee,3.8811800286854106
Astoria,2023-06-21 11:00:00,Coffee beans,3.8811800286854106
Astoria,2023-06-21 11:00:00,Drinking Chocolate,3.8811800286854106
Astoria,2023-06-21 11:00:00,Flavours,3.8811800286854106
Astoria,2023-06-21 11:00:00,Tea,3.8811800286854106
Astoria,2023-06-21 12:00:00,Bakery,2.8852963338942725
Astoria,2023-06-21 12:00:00,Coffee,2.8852963338942725
Astoria,2023-06-21 12:00:00,Coffee beans,2.8852963338942725
Astoria,2023-06-21 12:00:00,Drinking Chocolate,2.8852963338942725
Astoria,2023-06-21 12:00:00,Flavours,2.8852963338942725
Astoria,2023-06-21 12:00:00,Tea,2.8852963338942725
Astoria,2023-06-21 13:00:00,Bakery,5.467733509239682
Astoria,2023-06-21 13:00:00,Coffee,5.467733509239682
Astoria,2023-06-21 13:00:00,Coffee beans,5.467733509239682
Astoria,2023-06-21 13:00:00,Drinking Chocolate,5.467733509239682
Astoria,2023-06-21 13:00:00,Flavours,5.467733509239682
Astoria,2023-06-21 13:00:00,Tea,5.467733509239682
Astoria,2023-06-21 14:00:00,Bakery,3.1285289012609963
Astoria,2023-06-21 14:00:00,Coffee,3.1285289012609963
Astoria,2023-06-21 14:00:00,Coffee beans,3.1285289012609963
Astoria,2023-06-21 14:00:00,Drinking Chocolate,3.1285289012609963
Astoria,2023-06-21 14:00:00,Flavours,3.1285289012609963
Astoria,2023-06-21 14:00:00,Tea,3.1285289012609963
Astoria,2023-06-21 15:00:00,Bakery,2.3248722692414345
Astoria,2023-06-21 15:00:00,Coffee,2.3248722692414345
Astoria,2023-06-21 15:00:00,Coffee beans,2.3248722692414345
Astoria,2023-06-21 15:00:00,Drinking Chocolate,2.3248722692414345
Astoria,2023-06-21 15:00:00,Flavours,2.3248722692414345
Astoria,2023-06-21 15:00:00,Tea,2.3248722692414345
Astoria,2023-06-21 16:00:00,Bakery,4.392900332101809
Astoria,2023-06-21 16:00:00,Coffee,4.392900332101809
Astoria,2023-06-21 16:00:00,Coffee beans,4.392900332101809
Astoria,2023-06-21 16:00:00,Drinking Chocolate,4.392900332101809
Astoria,2023-06-21 16:00:00,Flavours,4.392900332101809
Astoria,2023-06-21 16:00:00,Tea,4.392900332101809
Astoria,2023-06-21 17:00:00,Bakery,5.785910653706869
Astoria,2023-06-21 17:00:00,Coffee,5.785910653706869
Astoria,2023-06-21 17:00:00,Coffee beans,5.785910653706869
Astoria,2023-06-21 17:00:00,Drinking Chocolate,5.785910653706869
Astoria,2023-06-21 17:00:00,Flavours,5.785910653706869
Astoria,2023-06-21 17:00:00,Tea,5.785910653706869
Astoria,2023-06-21 18:00:00,Bakery,3.4729921362965435
Astoria,2023-06-21 18:00:00,Coffee,3.4729921362965435
Astoria,2023-06-21 18:00:00,Coffee beans,3.4729921362965435
Astoria,2023-06-21 18:00:00,Drinking Chocolate,3.4729921362965435
Astoria,2023-06-21 18:00:00,Flavours,3.4729921362965435
Astoria,2023-06-21 18:00:00,Tea,3.4729921362965435
Astoria,2023-06-21 19:00:00,Bakery,5.743787591461649
Astoria,2023-06-21 19:00:00,Coffee,5.743787591461649
Astoria,2023-06-21 19:00:00,Coffee beans,5.743787591461649
Astoria,2023-06-21 19:00:00,Drinking Chocolate,5.743787591461649
Astoria,2023-06-21 19:00:00,Flavours,5.743787591461649
Astoria,2023-06-21 19:00:00,Tea,5.743787591461649
Astoria,2023-06-22 07:00:00,Bakery,5.466499823941534
Astoria,2023-06-22 07:00:00,Coffee,5.466499823941534
Astoria,2023-06-22 07:00:00,Coffee beans,5.466499823941534
Astoria,2023-06-22 07:00:00,Drinking Chocolate,5.466499823941534
Astoria,2023-06-22 07:00:00,Flavours,5.466499823941534
Astoria,2023-06-22 07:00:00,Tea,5.466499823941534
Astoria,2023-06-22 08:00:00,Bakery,6.694486167789926
Astoria,2023-06-22 08:00:00,Coffee,6.694486167789926
Astoria,2023-06-22 08:00:00,Coffee beans,6.694486167789926
Astoria,2023-06-22 08:00:00,Drinking Chocolate,6.694486167789926
Astoria,2023-06-22 08:00:00,Flavours,6.694486167789926
Astoria,2023-06-22 08:00:00,Tea,6.694486167789926
Astoria,2023-06-22 09:00:00,Bakery,7.35216202984274
Astoria,2023-06-22 09:00:00,Coffee,7.35216202984274
Astoria,2023-06-22 09:00:00,Coffee beans,7.35216202984274
Astoria,2023-06-22 09:00:00,Drinking Chocolate,7.35216202984274
Astoria,2023-06-22 09:00:00,Flavours,7.35216202984274
Astoria,2023-06-22 09:00:00,Tea,7.35216202984274
Astoria,2023-06-22 10:00:00,Bakery,3.121466183519509
Astoria,2023-06-22 10:00:00,Coffee,3.121466183519509
Astoria,2023-06-22 10:00:00,Coffee beans,3.121466183519509
Astoria,2023-06-22 10:00:00,Drinking Chocolate,3.121466183519509
Astoria,2023-06-22 10:00:00,Flavours,3.121466183519509
Astoria,2023-06-22 10:00:00,Tea,3.121466183519509
Astoria,2023-06-22 11:00:00,Bakery,3.5506633543494535
Astoria,2023-06-22 11:00:00,Coffee,3.5506633543494535
Astoria,2023-06-22 11:00:00,Coffee beans,3.5506633543494535
Astoria,2023-06-22 11:00:00,Drinking Chocolate,3.5506633543494535
Astoria,2023-06-22 11:00:00,Flavours,3.5506633543494535
Astoria,2023-06-22 11:00:00,Tea,3.5506633543494535
Astoria,2023-06-22 12:00:00,Bakery,3.936634992817375
Astoria,2023-06-22 12:00:00,Coffee,3.936634992817375
Astoria,2023-06-22 12:00:00,Coffee beans,3.936634992817375
Astoria,2023-06-22 12:00:00,Drinking Chocolate,3.936634992817375
Astoria,2023-06-22 12:00:00,Flavours,3.936634992817375
Astoria,2023-06-22 12:00:00,Tea,3.936634992817375
Astoria,2023-06-22 13:00:00,Bakery,4.344403765661556
Astoria,2023-06-22 13:00:00,Coffee,4.344403765661556
Astoria,2023-06-22 13:00:00,Coffee beans,4.344403765661556
Astoria,2023-06-22 13:00:00,Drinking Chocolate,4.344403765661556
Astoria,2023-06-22 13:00:00,Flavours,4.344403765661556
Astoria,2023-06-22 13:00:00,Tea,4.344403765661556
Astoria,2023-06-22 14:00:00,Bakery,3.1293215194199333
Astoria,2023-06-22 14:00:00,Coffee,3.1293215194199333
Astoria,2023-06-22 14:00:00,Coffee beans,3.1293215194199333
Astoria,2023-06-22 14:00:00,Drinking Chocolate,3.1293215194199333
Astoria,2023-06-22 14:00:00,Flavours,3.1293215194199333
Astoria,2023-06-22 14:00:00,Tea,3.1293215194199333
Astoria,2023-06-22 15:00:00,Bakery,4.412125818940029
Astoria,2023-06-22 15:00:00,Coffee,4.412125818940029
Astoria,2023-06-22 15:00:00,Coffee beans,4.412125818940029
Astoria,2023-06-22 15:00:00,Drinking Chocolate,4.412125818940029
Astoria,2023-06-22 15:00:00,Flavours,4.412125818940029
Astoria,2023-06-22 15:00:00,Tea,4.412125818940029
Astoria,2023-06-22 16:00:00,Bakery,4.274049827655934
Astoria,2023-06-22 16:00:00,Coffee,4.274049827655934
Astoria,2023-06-22 16:00:00,Coffee beans,4.274049827655934
Astoria,2023-06-22 16:00:00,Drinking Chocolate,4.274049827655934
Astoria,2023-06-22 16:00:00,Flavours,4.274049827655934
Astoria,2023-06-22 16:00:00,Tea,4.274049827655934
Astoria,2023-06-22 17:00:00,Bakery,2.928027740396077
Astoria,2023-06-22 17:00:00,Coffee,2.928027740396077
Astoria,2023-06-22 17:00:00,Coffee beans,2.928027740396077
Astoria,2023-06-22 17:00:00,Drinking Chocolate,2.928027740396077
Astoria,2023-06-22 17:00:00,Flavours,2.928027740396077
Astoria,2023-06-22 17:00:00,Tea,2.928027740396077
Astoria,2023-06-22 18:00:00,Bakery,3.855502660896301
Astoria,2023-06-22 18:00:00,Coffee,3.855502660896301
Astoria,2023-06-22 18:00:00,Coffee beans,3.855502660896301
Astoria,2023-06-22 18:00:00,Drinking Chocolate,3.855502660896301
Astoria,2023-06-22 18:00:00,Flavours,3.855502660896301
Astoria,2023-06-22 18:00:00,Tea,3.855502660896301
Astoria,2023-06-22 19:00:00,Bakery,5.818562157778078
Astoria,2023-06-22 19:00:00,Coffee,5.818562157778078
Astoria,2023-06-22 19:00:00,Coffee beans,5.818562157778078
Astoria,2023-06-22 19:00:00,Drinking Chocolate,5.818562157778078
Astoria,2023-06-22 19:00:00,Flavours,5.818562157778078
Astoria,2023-06-22 19:00:00,Tea,5.818562157778078
Astoria,2023-06-23 07:00:00,Bakery,4.66651879855414
Astoria,2023-06-23 07:00:00,Coffee,4.66651879855414
Astoria,2023-06-23 07:00:00,Coffee beans,4.66651879855414
Astoria,2023-06-23 07:00:00,Drinking Chocolate,4.66651879855414
Astoria,2023-06-23 07:00:00,Flavours,4.66651879855414
Astoria,2023-06-23 07:00:00,Tea,4.66651879855414
Astoria,2023-06-23 08:00:00,Bakery,7.433848965429922
Astoria,2023-06-23 08:00:00,Coffee,7.433848965429922
Astoria,2023-06-23 08:00:00,Coffee beans,7.433848965429922
Astoria,2023-06-23 08:00:00,Drinking Chocolate,7.433848965429922
Astoria,2023-06-23 08:00:00,Flavours,7.433848965429922
Astoria,2023-06-23 08:00:00,Tea,7.433848965429922
Astoria,2023-06-23 09:00:00,Bakery,5.543689197285104
Astoria,2023-06-23 09:00:00,Coffee,5.543689197285104
Astoria,2023-06-23 09:00:00,Coffee beans,5.543689197285104
Astoria,2023-06-23 09:00:00,Drinking Chocolate,5.543689197285104
Astoria,2023-06-23 09:00:00,Flavours,5.543689197285104
Astoria,2023-06-23 09:00:00,Tea,5.543689197285104
Astoria,2023-06-23 10:00:00,Bakery,3.152733693034813
Astoria,2023-06-23 10:00:00,Coffee,3.152733693034813
Astoria,2023-06-23 10:00:00,Coffee beans,3.152733693034813
Astoria,2023-06-23 10:00:00,Drinking Chocolate,3.152733693034813
Astoria,2023-06-23 10:00:00,Flavours,3.152733693034813
Astoria,2023-06-23 10:00:00,Tea,3.152733693034813
Astoria,2023-06-23 11:00:00,Bakery,5.03586366140039
Astoria,2023-06-23 11:00:00,Coffee,5.03586366140039
Astoria,2023-06-23 11:00:00,Coffee beans,5.03586366140039
Astoria,2023-06-23 11:00:00,Drinking Chocolate,5.03586366140039
Astoria,2023-06-23 11:00:00,Flavours,5.03586366140039
Astoria,2023-06-23 11:00:00,Tea,5.03586366140039
Astoria,2023-06-23 12:00:00,Bakery,4.42358845983366
Astoria,2023-06-23 12:00:00,Coffee,4.42358845983366
Astoria,2023-06-23 12:00:00,Coffee beans,4.42358845983366
Astoria,2023-06-23 12:00:00,Drinking Chocolate,4.42358845983366
Astoria,2023-06-23 12:00:00,Flavours,4.42358845983366
Astoria,2023-06-23 12:00:00,Tea,4.42358845983366
Astoria,2023-06-23 13:00:00,Bakery,4.5005469138654295
Astoria,2023-06-23 13:00:00,Coffee,4.5005469138654295
Astoria,2023-06-23 13:00:00,Coffee beans,4.5005469138654295
Astoria,2023-06-23 13:00:00,Drinking Chocolate,4.5005469138654295
Astoria,2023-06-23 13:00:00,Flavours,4.5005469138654295
Astoria,2023-06-23 13:00:00,Tea,4.5005469138654295
Astoria,2023-06-23 14:00:00,Bakery,3.809598291135669
Astoria,2023-06-23 14:00:00,Coffee,3.809598291135669
Astoria,2023-06-23 14:00:00,Coffee beans,3.809598291135669
Astoria,2023-06-23 14:00:00,Drinking Chocolate,3.809598291135669
Astoria,2023-06-23 14:00:00,Flavours,3.809598291135669
Astoria,2023-06-23 14:00:00,Tea,3.809598291135669
Astoria,2023-06-23 15:00:00,Bakery,3.4992108350734363
Astoria,2023-06-23 15:00:00,Coffee,3.4992108350734363
Astoria,2023-06-23 15:00:00,Coffee beans,3.4992108350734363
Astoria,2023-06-23 15:00:00,Drinking Chocolate,3.4992108350734363
Astoria,2023-06-23 15:00:00,Flavours,3.4992108350734363
Astoria,2023-06-23 15:00:00,Tea,3.4992108350734363
Astoria,2023-06-23 16:00:00,Bakery,3.82201235814363
Astoria,2023-06-23 16:00:00,Coffee,3.82201235814363
Astoria,2023-06-23 16:00:00,Coffee beans,3.82201235814363
Astoria,2023-06-23 16:00:00,Drinking Chocolate,3.82201235814363
Astoria,2023-06-23 16:00:00,Flavours,3.82201235814363
Astoria,2023-06-23 16:00:00,Tea,3.82201235814363
Astoria,2023-06-23 17:00:00,Bakery,3.6651244993236793
Astoria,2023-06-23 17:00:00,Coffee,3.6651244993236793
Astoria,2023-06-23 17:00:00,Coffee beans,3.6651244993236793
Astoria,2023-06-23 17:00:00,Drinking Chocolate,3.6651244993236793
Astoria,2023-06-23 17:00:00,Flavours,3.6651244993236793
Astoria,2023-06-23 17:00:00,Tea,3.6651244993236793
Astoria,2023-06-23 18:00:00,Bakery,5.493715544763745
Astoria,2023-06-23 18:00:00,Coffee,5.493715544763745
Astoria,2023-06-23 18:00:00,Coffee beans,5.493715544763745
Astoria,2023-06-23 18:00:00,Drinking Chocolate,5.493715544763745
Astoria,2023-06-23 18:00:00,Flavours,5.493715544763745
Astoria,2023-06-23 18:00:00,Tea,5.493715544763745
Astoria,2023-06-23 19:00:00,Bakery,6.60993686317242
Astoria,2023-06-23 19:00:00,Coffee,6.60993686317242
Astoria,2023-06-23 19:00:00,Coffee beans,6.60993686317242
Astoria,2023-06-23 19:00:00,Drinking Chocolate,6.60993686317242
Astoria,2023-06-23 19:00:00,Flavours,6.60993686317242
Astoria,2023-06-23 19:00:00,Tea,6.60993686317242
Astoria,2023-06-24 07:00:00,Bakery,7.443687095882992
Astoria,2023-06-24 07:00:00,Coffee,7.443687095882992
Astoria,2023-06-24 07:00:00,Coffee beans,7.443687095882992
Astoria,2023-06-24 07:00:00,Drinking Chocolate,7.443687095882992
Astoria,2023-06-24 07:00:00,Flavours,7.443687095882992
Astoria,2023-06-24 07:00:00,Tea,7.443687095882992
Astoria,2023-06-24 08:00:00,Bakery,6.826271188371519
Astoria,2023-06-24 08:00:00,Coffee,6.826271188371519
Astoria,2023-06-24 08:00:00,Coffee beans,6.826271188371519
Astoria,2023-06-24 08:00:00,Drinking Chocolate,6.826271188371519
Astoria,2023-06-24 08:00:00,Flavours,6.826271188371519
Astoria,2023-06-24 08:00:00,Tea,6.826271188371519
Astoria,2023-06-24 09:00:00,Bakery,5.012106216107539
Astoria,2023-06-24 09:00:00,Coffee,5.012106216107539
Astoria,2023-06-24 09:00:00,Coffee beans,5.012106216107539
Astoria,2023-06-24 09:00:00,Drinking Chocolate,5.012106216107539
Astoria,2023-06-24 09:00:00,Flavours,5.012106216107539
Astoria,2023-06-24 09:00:00,Tea,5.012106216107539
Astoria,2023-06-24 10:00:00,Bakery,4.141265072581435
Astoria,2023-06-24 10:00:00,Coffee,4.141265072581435
Astoria,2023-06-24 10:00:00,Coffee beans,4.141265072581435
Astoria,2023-06-24 10:00:00,Drinking Chocolate,4.141265072581435
Astoria,2023-06-24 10:00:00,Flavours,4.141265072581435
Astoria,2023-06-24 10:00:00,Tea,4.141265072581435
Astoria,2023-06-24 11:00:00,Bakery,7.2928273358492195
Astoria,2023-06-24 11:00:00,Coffee,7.2928273358492195
Astoria,2023-06-24 11:00:00,Coffee beans,7.2928273358492195
Astoria,2023-06-24 11:00:00,Drinking Chocolate,7.2928273358492195
Astoria,2023-06-24 11:00:00,Flavours,7.2928273358492195
Astoria,2023-06-24 11:00:00,Tea,7.2928273358492195
Astoria,2023-06-24 12:00:00,Bakery,5.937770103879564
Astoria,2023-06-24 12:00:00,Coffee,5.937770103879564
Astoria,2023-06-24 12:00:00,Coffee beans,5.937770103879564
Astoria,2023-06-24 12:00:00,Drinking Chocolate,5.937770103879564
Astoria,2023-06-24 12:00:00,Flavours,5.937770103879564
Astoria,2023-06-24 12:00:00,Tea,5.937770103879564
Astoria,2023-06-24 13:00:00,Bakery,6.079912886161864
Astoria,2023-06-24 13:00:00,Coffee,6.079912886161864
Astoria,2023-06-24 13:00:00,Coffee beans,6.079912886161864
Astoria,2023-06-24 13:00:00,Drinking Chocolate,6.079912886161864
Astoria,2023-06-24 13:00:00,Flavours,6.079912886161864
Astoria,2023-06-24 13:00:00,Tea,6.079912886161864
Astoria,2023-06-24 14:00:00,Bakery,5.618635130577173
Astoria,2023-06-24 14:00:00,Coffee,5.618635130577173
Astoria,2023-06-24 14:00:00,Coffee beans,5.618635130577173
Astoria,2023-06-24 14:00:00,Drinking Chocolate,5.618635130577173
Astoria,2023-06-24 14:00:00,Flavours,5.618635130577173
Astoria,2023-06-24 14:00:00,Tea,5.618635130577173
Astoria,2023-06-24 15:00:00,Bakery,3.8410079172265346
Astoria,2023-06-24 15:00:00,Coffee,3.8410079172265346
Astoria,2023-06-24 15:00:00,Coffee beans,3.8410079172265346
Astoria,2023-06-24 15:00:00,Drinking Chocolate,3.8410079172265346
Astoria,2023-06-24 15:00:00,Flavours,3.8410079172265346
Astoria,2023-06-24 15:00:00,Tea,3.8410079172265346
Astoria,2023-06-24 16:00:00,Bakery,5.146355848432255
Astoria,2023-06-24 16:00:00,Coffee,5.146355848432255
Astoria,2023-06-24 16:00:00,Coffee beans,5.146355848432255
Astoria,2023-06-24 16:00:00,Drinking Chocolate,5.146355848432255
Astoria,2023-06-24 16:00:00,Flavours,5.146355848432255
Astoria,2023-06-24 16:00:00,Tea,5.146355848432255
Astoria,2023-06-24 17:00:00,Bakery,3.55022953481383
Astoria,2023-06-24 17:00:00,Coffee,3.55022953481383
Astoria,2023-06-24 17:00:00,Coffee beans,3.55022953481383
Astoria,2023-06-24 17:00:00,Drinking Chocolate,3.55022953481383
Astoria,2023-06-24 17:00:00,Flavours,3.55022953481383
Astoria,2023-06-24 17:00:00,Tea,3.55022953481383
Astoria,2023-06-24 18:00:00,Bakery,3.9615929119068896
Astoria,2023-06-24 18:00:00,Coffee,3.9615929119068896
Astoria,2023-06-24 18:00:00,Coffee beans,3.9615929119068896
Astoria,2023-06-24 18:00:00,Drinking Chocolate,3.9615929119068896
Astoria,2023-06-24 18:00:00,Flavours,3.9615929119068896
Astoria,2023-06-24 18:00:00,Tea,3.9615929119068896
Astoria,2023-06-24 19:00:00,Bakery,4.627258830760807
Astoria,2023-06-24 19:00:00,Coffee,4.627258830760807
Astoria,2023-06-24 19:00:00,Coffee beans,4.627258830760807
Astoria,2023-06-24 19:00:00,Drinking Chocolate,4.627258830760807
Astoria,2023-06-24 19:00:00,Flavours,4.627258830760807
Astoria,2023-06-24 19:00:00,Tea,4.627258830760807
Astoria,2023-06-25 07:00:00,Bakery,5.600613777583204
Astoria,2023-06-25 07:00:00,Coffee,5.600613777583204
Astoria,2023-06-25 07:00:00,Coffee beans,5.600613777583204
Astoria,2023-06-25 07:00:00,Drinking Chocolate,5.600613777583204
Astoria,2023-06-25 07:00:00,Flavours,5.600613777583204
Astoria,2023-06-25 07:00:00,Tea,5.600613777583204
Astoria,2023-06-25 08:00:00,Bakery,6.070264609991963
Astoria,2023-06-25 08:00:00,Coffee,6.070264609991963
Astoria,2023-06-25 08:00:00,Coffee beans,6.070264609991963
Astoria,2023-06-25 08:00:00,Drinking Chocolate,6.070264609991963
Astoria,2023-06-25 08:00:00,Flavours,6.070264609991963
Astoria,2023-06-25 08:00:00,Tea,6.070264609991963
Astoria,2023-06-25 09:00:00,Bakery,7.50757507125494
Astoria,2023-06-25 09:00:00,Coffee,7.50757507125494
Astoria,2023-06-25 09:00:00,Coffee beans,7.50757507125494
Astoria,2023-06-25 09:00:00,Drinking Chocolate,7.50757507125494
Astoria,2023-06-25 09:00:00,Flavours,7.50757507125494
Astoria,2023-06-25 09:00:00,Tea,7.50757507125494
Astoria,2023-06-25 10:00:00,Bakery,3.9849492831452342
Astoria,2023-06-25 10:00:00,Coffee,3.9849492831452342
Astoria,2023-06-25 10:00:00,Coffee beans,3.9849492831452342
Astoria,2023-06-25 10:00:00,Drinking Chocolate,3.9849492831452342
Astoria,2023-06-25 10:00:00,Flavours,3.9849492831452342
Astoria,2023-06-25 10:00:00,Tea,3.9849492831452342
Astoria,2023-06-25 11:00:00,Bakery,5.479343214841405
Astoria,2023-06-25 11:00:00,Coffee,5.479343214841405
Astoria,2023-06-25 11:00:00,Coffee beans,5.479343214841405
Astoria,2023-06-25 11:00:00,Drinking Chocolate,5.479343214841405
Astoria,2023-06-25 11:00:00,Flavours,5.479343214841405
Astoria,2023-06-25 11:00:00,Tea,5.479343214841405
Astoria,2023-06-25 12:00:00,Bakery,3.7261142990572775
Astoria,2023-06-25 12:00:00,Coffee,3.7261142990572775
Astoria,2023-06-25 12:00:00,Coffee beans,3.7261142990572775
Astoria,2023-06-25 12:00:00,Drinking Chocolate,3.7261142990572775
Astoria,2023-06-25 12:00:00,Flavours,3.7261142990572775
Astoria,2023-06-25 12:00:00,Tea,3.7261142990572775
Astoria,2023-06-25 13:00:00,Bakery,4.129047583954327
Astoria,2023-06-25 13:00:00,Coffee,4.129047583954327
Astoria,2023-06-25 13:00:00,Coffee beans,4.129047583954327
Astoria,2023-06-25 13:00:00,Drinking Chocolate,4.129047583954327
Astoria,2023-06-25 13:00:00,Flavours,4.129047583954327
Astoria,2023-06-25 13:00:00,Tea,4.129047583954327
Astoria,2023-06-25 14:00:00,Bakery,5.43381764874756
Astoria,2023-06-25 14:00:00,Coffee,5.43381764874756
Astoria,2023-06-25 14:00:00,Coffee beans,5.43381764874756
Astoria,2023-06-25 14:00:00,Drinking Chocolate,5.43381764874756
Astoria,2023-06-25 14:00:00,Flavours,5.43381764874756
Astoria,2023-06-25 14:00:00,Tea,5.43381764874756
Astoria,2023-06-25 15:00:00,Bakery,3.804191099580171
Astoria,2023-06-25 15:00:00,Coffee,3.804191099580171
Astoria,2023-06-25 15:00:00,Coffee beans,3.804191099580171
Astoria,2023-06-25 15:00:00,Drinking Chocolate,3.804191099580171
Astoria,2023-06-25 15:00:00,Flavours,3.804191099580171
Astoria,2023-06-25 15:00:00,Tea,3.804191099580171
Astoria,2023-06-25 16:00:00,Bakery,3.180456480812999
Astoria,2023-06-25 16:00:00,Coffee,3.180456480812999
Astoria,2023-06-25 16:00:00,Coffee beans,3.180456480812999
Astoria,2023-06-25 16:00:00,Drinking Chocolate,3.180456480812999
Astoria,2023-06-25 16:00:00,Flavours,3.180456480812999
Astoria,2023-06-25 16:00:00,Tea,3.180456480812999
Astoria,2023-06-25 17:00:00,Bakery,5.50310970445513
Astoria,2023-06-25 17:00:00,Coffee,5.50310970445513
Astoria,2023-06-25 17:00:00,Coffee beans,5.50310970445513
Astoria,2023-06-25 17:00:00,Drinking Chocolate,5.50310970445513
Astoria,2023-06-25 17:00:00,Flavours,5.50310970445513
Astoria,2023-06-25 17:00:00,Tea,5.50310970445513
Astoria,2023-06-25 18:00:00,Bakery,3.878877977141618
Astoria,2023-06-25 18:00:00,Coffee,3.878877977141618
Astoria,2023-06-25 18:00:00,Coffee beans,3.878877977141618
Astoria,2023-06-25 18:00:00,Drinking Chocolate,3.878877977141618
Astoria,2023-06-25 18:00:00,Flavours,3.878877977141618
Astoria,2023-06-25 18:00:00,Tea,3.878877977141618
Astoria,2023-06-25 19:00:00,Bakery,4.691923441430083
Astoria,2023-06-25 19:00:00,Coffee,4.691923441430083
Astoria,2023-06-25 19:00:00,Coffee beans,4.691923441430083
Astoria,2023-06-25 19:00:00,Drinking Chocolate,4.691923441430083
Astoria,2023-06-25 19:00:00,Flavours,4.691923441430083
Astoria,2023-06-25 19:00:00,Tea,4.691923441430083
Astoria,2023-06-26 07:00:00,Bakery,7.785905023333888
Astoria,2023-06-26 07:00:00,Coffee,7.785905023333888
Astoria,2023-06-26 07:00:00,Coffee beans,7.785905023333888
Astoria,2023-06-26 07:00:00,Drinking Chocolate,7.785905023333888
Astoria,2023-06-26 07:00:00,Flavours,7.785905023333888
Astoria,2023-06-26 07:00:00,Tea,7.785905023333888
Astoria,2023-06-26 08:00:00,Bakery,6.129171123380396
Astoria,2023-06-26 08:00:00,Coffee,6.129171123380396
Astoria,2023-06-26 08:00:00,Coffee beans,6.129171123380396
Astoria,2023-06-26 08:00:00,Drinking Chocolate,6.129171123380396
Astoria,2023-06-26 08:00:00,Flavours,6.129171123380396
Astoria,2023-06-26 08:00:00,Tea,6.129171123380396
Astoria,2023-06-26 09:00:00,Bakery,6.683408829276002
Astoria,2023-06-26 09:00:00,Coffee,6.683408829276002
Astoria,2023-06-26 09:00:00,Coffee beans,6.683408829276002
Astoria,2023-06-26 09:00:00,Drinking Chocolate,6.683408829276002
Astoria,2023-06-26 09:00:00,Flavours,6.683408829276002
Astoria,2023-06-26 09:00:00,Tea,6.683408829276002
Astoria,2023-06-26 10:00:00,Bakery,6.147058705331707
Astoria,2023-06-26 10:00:00,Coffee,6.147058705331707
Astoria,2023-06-26 10:00:00,Coffee beans,6.147058705331707
Astoria,2023-06-26 10:00:00,Drinking Chocolate,6.147058705331707
Astoria,2023-06-26 10:00:00,Flavours,6.147058705331707
Astoria,2023-06-26 10:00:00,Tea,6.147058705331707
Astoria,2023-06-26 11:00:00,Bakery,4.90772377493666
Astoria,2023-06-26 11:00:00,Coffee,4.90772377493666
Astoria,2023-06-26 11:00:00,Coffee beans,4.90772377493666
Astoria,2023-06-26 11:00:00,Drinking Chocolate,4.90772377493666
Astoria,2023-06-26 11:00:00,Flavours,4.90772377493666
Astoria,2023-06-26 11:00:00,Tea,4.90772377493666
Astoria,2023-06-26 12:00:00,Bakery,4.366261577580394
Astoria,2023-06-26 12:00:00,Coffee,4.366261577580394
Astoria,2023-06-26 12:00:00,Coffee beans,4.366261577580394
Astoria,2023-06-26 12:00:00,Drinking Chocolate,4.366261577580394
Astoria,2023-06-26 12:00:00,Flavours,4.366261577580394
Astoria,2023-06-26 12:00:00,Tea,4.366261577580394
Astoria,2023-06-26 13:00:00,Bakery,4.567069583004802
Astoria,2023-06-26 13:00:00,Coffee,4.567069583004802
Astoria,2023-06-26 13:00:00,Coffee beans,4.567069583004802
Astoria,2023-06-26 13:00:00,Drinking Chocolate,4.567069583004802
Astoria,2023-06-26 13:00:00,Flavours,4.567069583004802
Astoria,2023-06-26 13:00:00,Tea,4.567069583004802
Astoria,2023-06-26 14:00:00,Bakery,3.93167365839288
Astoria,2023-06-26 14:00:00,Coffee,3.93167365839288
Astoria,2023-06-26 14:00:00,Coffee beans,3.93167365839288
Astoria,2023-06-26 14:00:00,Drinking Chocolate,3.93167365839288
Astoria,2023-06-26 14:00:00,Flavours,3.93167365839288
Astoria,2023-06-26 14:00:00,Tea,3.93167365839288
Astoria,2023-06-26 15:00:00,Bakery,4.053786138511789
Astoria,2023-06-26 15:00:00,Coffee,4.053786138511789
Astoria,2023-06-26 15:00:00,Coffee beans,4.053786138511789
Astoria,2023-06-26 15:00:00,Drinking Chocolate,4.053786138511789
Astoria,2023-06-26 15:00:00,Flavours,4.053786138511789
Astoria,2023-06-26 15:00:00,Tea,4.053786138511789
Astoria,2023-06-26 16:00:00,Bakery,4.115537341234301
Astoria,2023-06-26 16:00:00,Coffee,4.115537341234301
Astoria,2023-06-26 16:00:00,Coffee beans,4.115537341234301
Astoria,2023-06-26 16:00:00,Drinking Chocolate,4.115537341234301
Astoria,2023-06-26 16:00:00,Flavours,4.115537341234301
Astoria,2023-06-26 16:00:00,Tea,4.115537341234301
Astoria,2023-06-26 17:00:00,Bakery,4.610423083110187
Astoria,2023-06-26 17:00:00,Coffee,4.610423083110187
Astoria,2023-06-26 17:00:00,Coffee beans,4.610423083110187
Astoria,2023-06-26 17:00:00,Drinking Chocolate,4.610423083110187
Astoria,2023-06-26 17:00:00,Flavours,4.610423083110187
Astoria,2023-06-26 17:00:00,Tea,4.610423083110187
Astoria,2023-06-26 18:00:00,Bakery,4.8339854837223415
Astoria,2023-06-26 18:00:00,Coffee,4.8339854837223415
Astoria,2023-06-26 18:00:00,Coffee beans,4.8339854837223415
Astoria,2023-06-26 18:00:00,Drinking Chocolate,4.8339854837223415
Astoria,2023-06-26 18:00:00,Flavours,4.8339854837223415
Astoria,2023-06-26 18:00:00,Tea,4.8339854837223415
Astoria,2023-06-26 19:00:00,Bakery,5.031292485673382
Astoria,2023-06-26 19:00:00,Coffee,5.031292485673382
Astoria,2023-06-26 19:00:00,Coffee beans,5.031292485673382
Astoria,2023-06-26 19:00:00,Drinking Chocolate,5.031292485673382
Astoria,2023-06-26 19:00:00,Flavours,5.031292485673382
Astoria,2023-06-26 19:00:00,Tea,5.031292485673382
Astoria,2023-06-27 07:00:00,Bakery,6.892553320428686
Astoria,2023-06-27 07:00:00,Coffee,6.892553320428686
Astoria,2023-06-27 07:00:00,Coffee beans,6.892553320428686
Astoria,2023-06-27 07:00:00,Drinking Chocolate,6.892553320428686
Astoria,2023-06-27 07:00:00,Flavours,6.892553320428686
Astoria,2023-06-27 07:00:00,Tea,6.892553320428686
Astoria,2023-06-27 08:00:00,Bakery,4.748999403534214
Astoria,2023-06-27 08:00:00,Coffee,4.748999403534214
Astoria,2023-06-27 08:00:00,Coffee beans,4.748999403534214
Astoria,2023-06-27 08:00:00,Drinking Chocolate,4.748999403534214
Astoria,2023-06-27 08:00:00,Flavours,4.748999403534214
Astoria,2023-06-27 08:00:00,Tea,4.748999403534214
Astoria,2023-06-27 09:00:00,Bakery,7.176621200879638
Astoria,2023-06-27 09:00:00,Coffee,7.176621200879638
Astoria,2023-06-27 09:00:00,Coffee beans,7.176621200879638
Astoria,2023-06-27 09:00:00,Drinking Chocolate,7.176621200879638
Astoria,2023-06-27 09:00:00,Flavours,7.176621200879638
Astoria,2023-06-27 09:00:00,Tea,7.176621200879638
Astoria,2023-06-27 10:00:00,Bakery,3.979742535447084
Astoria,2023-06-27 10:00:00,Coffee,3.979742535447084
Astoria,2023-06-27 10:00:00,Coffee beans,3.979742535447084
Astoria,2023-06-27 10:00:00,Drinking Chocolate,3.979742535447084
Astoria,2023-06-27 10:00:00,Flavours,3.979742535447084
Astoria,2023-06-27 10:00:00,Tea,3.979742535447084
Astoria,2023-06-27 11:00:00,Bakery,6.264870165742706
Astoria,2023-06-27 11:00:00,Coffee,6.264870165742706
Astoria,2023-06-27 11:00:00,Coffee beans,6.264870165742706
Astoria,2023-06-27 11:00:00,Drinking Chocolate,6.264870165742706
Astoria,2023-06-27 11:00:00,Flavours,6.264870165742706
Astoria,2023-06-27 11:00:00,Tea,6.264870165742706
Astoria,2023-06-27 12:00:00,Bakery,5.3339680899518305
Astoria,2023-06-27 12:00:00,Coffee,5.3339680899518305
Astoria,2023-06-27 12:00:00,Coffee beans,5.3339680899518305
Astoria,2023-06-27 12:00:00,Drinking Chocolate,5.3339680899518305
Astoria,2023-06-27 12:00:00,Flavours,5.3339680899518305
Astoria,2023-06-27 12:00:00,Tea,5.3339680899518305
Astoria,2023-06-27 13:00:00,Bakery,4.146810098612993
Astoria,2023-06-27 13:00:00,Coffee,4.146810098612993
Astoria,2023-06-27 13:00:00,Coffee beans,4.146810098612993
Astoria,2023-06-27 13:00:00,Drinking Chocolate,4.146810098612993
Astoria,2023-06-27 13:00:00,Flavours,4.146810098612993
Astoria,2023-06-27 13:00:00,Tea,4.146810098612993
Astoria,2023-06-27 14:00:00,Bakery,3.9989065417304626
Astoria,2023-06-27 14:00:00,Coffee,3.9989065417304626
Astoria,2023-06-27 14:00:00,Coffee beans,3.9989065417304626
Astoria,2023-06-27 14:00:00,Drinking Chocolate,3.9989065417304626
Astoria,2023-06-27 14:00:00,Flavours,3.9989065417304626
Astoria,2023-06-27 14:00:00,Tea,3.9989065417304626
Astoria,2023-06-27 15:00:00,Bakery,4.750713140289381
Astoria,2023-06-27 15:00:00,Coffee,4.750713140289381
Astoria,2023-06-27 15:00:00,Coffee beans,4.750713140289381
Astoria,2023-06-27 15:00:00,Drinking Chocolate,4.750713140289381
Astoria,2023-06-27 15:00:00,Flavours,4.750713140289381
Astoria,2023-06-27 15:00:00,Tea,4.750713140289381
Astoria,2023-06-27 16:00:00,Bakery,4.565574725888308
Astoria,2023-06-27 16:00:00,Coffee,4.565574725888308
Astoria,2023-06-27 16:00:00,Coffee beans,4.565574725888308
Astoria,2023-06-27 16:00:00,Drinking Chocolate,4.565574725888308
Astoria,2023-06-27 16:00:00,Flavours,4.565574725888308
Astoria,2023-06-27 16:00:00,Tea,4.565574725888308
Astoria,2023-06-27 17:00:00,Bakery,5.204259219786939
Astoria,2023-06-27 17:00:00,Coffee,5.204259219786939
Astoria,2023-06-27 17:00:00,Coffee beans,5.204259219786939
Astoria,2023-06-27 17:00:00,Drinking Chocolate,5.204259219786939
Astoria,2023-06-27 17:00:00,Flavours,5.204259219786939
Astoria,2023-06-27 17:00:00,Tea,5.204259219786939
Astoria,2023-06-27 18:00:00,Bakery,4.214756842926922
Astoria,2023-06-27 18:00:00,Coffee,4.214756842926922
Astoria,2023-06-27 18:00:00,Coffee beans,4.214756842926922
Astoria,2023-06-27 18:00:00,Drinking Chocolate,4.214756842926922
Astoria,2023-06-27 18:00:00,Flavours,4.214756842926922
Astoria,2023-06-27 18:00:00,Tea,4.214756842926922
Astoria,2023-06-27 19:00:00,Bakery,5.126723497621985
Astoria,2023-06-27 19:00:00,Coffee,5.126723497621985
Astoria,2023-06-27 19:00:00,Coffee beans,5.126723497621985
Astoria,2023-06-27 19:00:00,Drinking Chocolate,5.126723497621985
Astoria,2023-06-27 19:00:00,Flavours,5.126723497621985
Astoria,2023-06-27 19:00:00,Tea,5.126723497621985
Astoria,2023-06-28 07:00:00,Bakery,5.9239971003599345
Astoria,2023-06-28 07:00:00,Coffee,5.9239971003599345
Astoria,2023-06-28 07:00:00,Coffee beans,5.9239971003599345
Astoria,2023-06-28 07:00:00,Drinking Chocolate,5.9239971003599345
Astoria,2023-06-28 07:00:00,Flavours,5.9239971003599345
Astoria,2023-06-28 07:00:00,Tea,5.9239971003599345
Astoria,2023-06-28 08:00:00,Bakery,6.019023124436761
Astoria,2023-06-28 08:00:00,Coffee,6.019023124436761
Astoria,2023-06-28 08:00:00,Coffee beans,6.019023124436761
Astoria,2023-06-28 08:00:00,Drinking Chocolate,6.019023124436761
Astoria,2023-06-28 08:00:00,Flavours,6.019023124436761
Astoria,2023-06-28 08:00:00,Tea,6.019023124436761
Astoria,2023-06-28 09:00:00,Bakery,7.33807220885801
Astoria,2023-06-28 09:00:00,Coffee,7.33807220885801
Astoria,2023-06-28 09:00:00,Coffee beans,7.33807220885801
Astoria,2023-06-28 09:00:00,Drinking Chocolate,7.33807220885801
Astoria,2023-06-28 09:00:00,Flavours,7.33807220885801
Astoria,2023-06-28 09:00:00,Tea,7.33807220885801
Astoria,2023-06-28 10:00:00,Bakery,4.252459561960483
Astoria,2023-06-28 10:00:00,Coffee,4.252459561960483
Astoria,2023-06-28 10:00:00,Coffee beans,4.252459561960483
Astoria,2023-06-28 10:00:00,Drinking Chocolate,4.252459561960483
Astoria,2023-06-28 10:00:00,Flavours,4.252459561960483
Astoria,2023-06-28 10:00:00,Tea,4.252459561960483
Astoria,2023-06-28 11:00:00,Bakery,3.7869645229343445
Astoria,2023-06-28 11:00:00,Coffee,3.7869645229343445
Astoria,2023-06-28 11:00:00,Coffee beans,3.7869645229343445
Astoria,2023-06-28 11:00:00,Drinking Chocolate,3.7869645229343445
Astoria,2023-06-28 11:00:00,Flavours,3.7869645229343445
Astoria,2023-06-28 11:00:00,Tea,3.7869645229343445
Astoria,2023-06-28 12:00:00,Bakery,4.900773668888305
Astoria,2023-06-28 12:00:00,Coffee,4.900773668888305
Astoria,2023-06-28 12:00:00,Coffee beans,4.900773668888305
Astoria,2023-06-28 12:00:00,Drinking Chocolate,4.900773668888305
Astoria,2023-06-28 12:00:00,Flavours,4.900773668888305
Astoria,2023-06-28 12:00:00,Tea,4.900773668888305
Astoria,2023-06-28 13:00:00,Bakery,4.332709004345068
Astoria,2023-06-28 13:00:00,Coffee,4.332709004345068
Astoria,2023-06-28 13:00:00,Coffee beans,4.332709004345068
Astoria,2023-06-28 13:00:00,Drinking Chocolate,4.332709004345068
Astoria,2023-06-28 13:00:00,Flavours,4.332709004345068
Astoria,2023-06-28 13:00:00,Tea,4.332709004345068
Astoria,2023-06-28 14:00:00,Bakery,3.6845151371123697
Astoria,2023-06-28 14:00:00,Coffee,3.6845151371123697
Astoria,2023-06-28 14:00:00,Coffee beans,3.6845151371123697
Astoria,2023-06-28 14:00:00,Drinking Chocolate,3.6845151371123697
Astoria,2023-06-28 14:00:00,Flavours,3.6845151371123697
Astoria,2023-06-28 14:00:00,Tea,3.6845151371123697
Astoria,2023-06-28 15:00:00,Bakery,4.279316780786437
Astoria,2023-06-28 15:00:00,Coffee,4.279316780786437
Astoria,2023-06-28 15:00:00,Coffee beans,4.279316780786437
Astoria,2023-06-28 15:00:00,Drinking Chocolate,4.279316780786437
Astoria,2023-06-28 15:00:00,Flavours,4.279316780786437
Astoria,2023-06-28 15:00:00,Tea,4.279316780786437
Astoria,2023-06-28 16:00:00,Bakery,5.761223386610375
Astoria,2023-06-28 16:00:00,Coffee,5.761223386610375
Astoria,2023-06-28 16:00:00,Coffee beans,5.761223386610375
Astoria,2023-06-28 16:00:00,Drinking Chocolate,5.761223386610375
Astoria,2023-06-28 16:00:00,Flavours,5.761223386610375
Astoria,2023-06-28 16:00:00,Tea,5.761223386610375
Astoria,2023-06-28 17:00:00,Bakery,4.20496201325052
Astoria,2023-06-28 17:00:00,Coffee,4.20496201325052
Astoria,2023-06-28 17:00:00,Coffee beans,4.20496201325052
Astoria,2023-06-28 17:00:00,Drinking Chocolate,4.20496201325052
Astoria,2023-06-28 17:00:00,Flavours,4.20496201325052
Astoria,2023-06-28 17:00:00,Tea,4.20496201325052
Astoria,2023-06-28 18:00:00,Bakery,4.099577833588936
Astoria,2023-06-28 18:00:00,Coffee,4.099577833588936
Astoria,2023-06-28 18:00:00,Coffee beans,4.099577833588936
Astoria,2023-06-28 18:00:00,Drinking Chocolate,4.099577833588936
Astoria,2023-06-28 18:00:00,Flavours,4.099577833588936
Astoria,2023-06-28 18:00:00,Tea,4.099577833588936
Astoria,2023-06-28 19:00:00,Bakery,4.581423315122147
Astoria,2023-06-28 19:00:00,Coffee,4.581423315122147
Astoria,2023-06-28 19:00:00,Coffee beans,4.581423315122147
Astoria,2023-06-28 19:00:00,Drinking Chocolate,4.581423315122147
Astoria,2023-06-28 19:00:00,Flavours,4.581423315122147
Astoria,2023-06-28 19:00:00,Tea,4.581423315122147
Astoria,2023-06-29 07:00:00,Bakery,6.620426041348904
Astoria,2023-06-29 07:00:00,Coffee,6.620426041348904
Astoria,2023-06-29 07:00:00,Coffee beans,6.620426041348904
Astoria,2023-06-29 07:00:00,Drinking Chocolate,6.620426041348904
Astoria,2023-06-29 07:00:00,Flavours,6.620426041348904
Astoria,2023-06-29 07:00:00,Tea,6.620426041348904
Astoria,2023-06-29 08:00:00,Bakery,6.677424197780836
Astoria,2023-06-29 08:00:00,Coffee,6.677424197780836
Astoria,2023-06-29 08:00:00,Coffee beans,6.677424197780836
Astoria,2023-06-29 08:00:00,Drinking Chocolate,6.677424197780836
Astoria,2023-06-29 08:00:00,Flavours,6.677424197780836
Astoria,2023-06-29 08:00:00,Tea,6.677424197780836
Astoria,2023-06-29 09:00:00,Bakery,5.722018178155618
Astoria,2023-06-29 09:00:00,Coffee,5.722018178155618
Astoria,2023-06-29 09:00:00,Coffee beans,5.722018178155618
Astoria,2023-06-29 09:00:00,Drinking Chocolate,5.722018178155618
Astoria,2023-06-29 09:00:00,Flavours,5.722018178155618
Astoria,2023-06-29 09:00:00,Tea,5.722018178155618
Astoria,2023-06-29 10:00:00,Bakery,3.204440729593336
Astoria,2023-06-29 10:00:00,Coffee,3.204440729593336
Astoria,2023-06-29 10:00:00,Coffee beans,3.204440729593336
Astoria,2023-06-29 10:00:00,Drinking Chocolate,3.204440729593336
Astoria,2023-06-29 10:00:00,Flavours,3.204440729593336
Astoria,2023-06-29 10:00:00,Tea,3.204440729593336
Astoria,2023-06-29 11:00:00,Bakery,4.323324993785561
Astoria,2023-06-29 11:00:00,Coffee,4.323324993785561
Astoria,2023-06-29 11:00:00,Coffee beans,4.323324993785561
Astoria,2023-06-29 11:00:00,Drinking Chocolate,4.323324993785561
Astoria,2023-06-29 11:00:00,Flavours,4.323324993785561
Astoria,2023-06-29 11:00:00,Tea,4.323324993785561
Astoria,2023-06-29 12:00:00,Bakery,4.238485699912616
Astoria,2023-06-29 12:00:00,Coffee,4.238485699912616
Astoria,2023-06-29 12:00:00,Coffee beans,4.238485699912616
Astoria,2023-06-29 12:00:00,Drinking Chocolate,4.238485699912616
Astoria,2023-06-29 12:00:00,Flavours,4.238485699912616
Astoria,2023-06-29 12:00:00,Tea,4.238485699912616
Astoria,2023-06-29 13:00:00,Bakery,6.433083524941481
Astoria,2023-06-29 13:00:00,Coffee,6.433083524941481
Astoria,2023-06-29 13:00:00,Coffee beans,6.433083524941481
Astoria,2023-06-29 13:00:00,Drinking Chocolate,6.433083524941481
Astoria,2023-06-29 13:00:00,Flavours,6.433083524941481
Astoria,2023-06-29 13:00:00,Tea,6.433083524941481
Astoria,2023-06-29 14:00:00,Bakery,3.421946257226031
Astoria,2023-06-29 14:00:00,Coffee,3.421946257226031
Astoria,2023-06-29 14:00:00,Coffee beans,3.421946257226031
Astoria,2023-06-29 14:00:00,Drinking Chocolate,3.421946257226031
Astoria,2023-06-29 14:00:00,Flavours,3.421946257226031
Astoria,2023-06-29 14:00:00,Tea,3.421946257226031
Astoria,2023-06-29 15:00:00,Bakery,4.4842973899777405
Astoria,2023-06-29 15:00:00,Coffee,4.4842973899777405
Astoria,2023-06-29 15:00:00,Coffee beans,4.4842973899777405
Astoria,2023-06-29 15:00:00,Drinking Chocolate,4.4842973899777405
Astoria,2023-06-29 15:00:00,Flavours,4.4842973899777405
Astoria,2023-06-29 15:00:00,Tea,4.4842973899777405
Astoria,2023-06-29 16:00:00,Bakery,4.173516711231033
Astoria,2023-06-29 16:00:00,Coffee,4.173516711231033
Astoria,2023-06-29 16:00:00,Coffee beans,4.173516711231033
Astoria,2023-06-29 16:00:00,Drinking Chocolate,4.173516711231033
Astoria,2023-06-29 16:00:00,Flavours,4.173516711231033
Astoria,2023-06-29 16:00:00,Tea,4.173516711231033
Astoria,2023-06-29 17:00:00,Bakery,5.65722992846149
Astoria,2023-06-29 17:00:00,Coffee,5.65722992846149
Astoria,2023-06-29 17:00:00,Coffee beans,5.65722992846149
Astoria,2023-06-29 17:00:00,Drinking Chocolate,5.65722992846149
Astoria,2023-06-29 17:00:00,Flavours,5.65722992846149
Astoria,2023-06-29 17:00:00,Tea,5.65722992846149
Astoria,2023-06-29 18:00:00,Bakery,4.08218424194588
Astoria,2023-06-29 18:00:00,Coffee,4.08218424194588
Astoria,2023-06-29 18:00:00,Coffee beans,4.08218424194588
Astoria,2023-06-29 18:00:00,Drinking Chocolate,4.08218424194588
Astoria,2023-06-29 18:00:00,Flavours,4.08218424194588
Astoria,2023-06-29 18:00:00,Tea,4.08218424194588
Astoria,2023-06-29 19:00:00,Bakery,6.765801282007143
Astoria,2023-06-29 19:00:00,Coffee,6.765801282007143
Astoria,2023-06-29 19:00:00,Coffee beans,6.765801282007143
Astoria,2023-06-29 19:00:00,Drinking Chocolate,6.765801282007143
Astoria,2023-06-29 19:00:00,Flavours,6.765801282007143
Astoria,2023-06-29 19:00:00,Tea,6.765801282007143
Astoria,2023-06-30 07:00:00,Bakery,7.468845910640691
Astoria,2023-06-30 07:00:00,Coffee,7.468845910640691
Astoria,2023-06-30 07:00:00,Coffee beans,7.468845910640691
Astoria,2023-06-30 07:00:00,Drinking Chocolate,7.468845910640691
Astoria,2023-06-30 07:00:00,Flavours,7.468845910640691
Astoria,2023-06-30 07:00:00,Tea,7.468845910640691
Astoria,2023-06-30 08:00:00,Bakery,3.7808839562824
Astoria,2023-06-30 08:00:00,Coffee,3.7808839562824
Astoria,2023-06-30 08:00:00,Coffee beans,3.7808839562824
Astoria,2023-06-30 08:00:00,Drinking Chocolate,3.7808839562824
Astoria,2023-06-30 08:00:00,Flavours,3.7808839562824
Astoria,2023-06-30 08:00:00,Tea,3.7808839562824
Astoria,2023-06-30 09:00:00,Bakery,7.379166036326265
Astoria,2023-06-30 09:00:00,Coffee,7.379166036326265
Astoria,2023-06-30 09:00:00,Coffee beans,7.379166036326265
Astoria,2023-06-30 09:00:00,Drinking Chocolate,7.379166036326265
Astoria,2023-06-30 09:00:00,Flavours,7.379166036326265
Astoria,2023-06-30 09:00:00,Tea,7.379166036326265
Astoria,2023-06-30 10:00:00,Bakery,4.976409230946845
Astoria,2023-06-30 10:00:00,Coffee,4.976409230946845
Astoria,2023-06-30 10:00:00,Coffee beans,4.976409230946845
Astoria,2023-06-30 10:00:00,Drinking Chocolate,4.976409230946845
Astoria,2023-06-30 10:00:00,Flavours,4.976409230946845
Astoria,2023-06-30 10:00:00,Tea,4.976409230946845
Astoria,2023-06-30 11:00:00,Bakery,3.22351240432254
Astoria,2023-06-30 11:00:00,Coffee,3.22351240432254
Astoria,2023-06-30 11:00:00,Coffee beans,3.22351240432254
Astoria,2023-06-30 11:00:00,Drinking Chocolate,3.22351240432254
Astoria,2023-06-30 11:00:00,Flavours,3.22351240432254
Astoria,2023-06-30 11:00:00,Tea,3.22351240432254
Astoria,2023-06-30 12:00:00,Bakery,3.74133298707314
Astoria,2023-06-30 12:00:00,Coffee,3.74133298707314
Astoria,2023-06-30 12:00:00,Coffee beans,3.74133298707314
Astoria,2023-06-30 12:00:00,Drinking Chocolate,3.74133298707314
Astoria,2023-06-30 12:00:00,Flavours,3.74133298707314
Astoria,2023-06-30 12:00:00,Tea,3.74133298707314
Astoria,2023-06-30 13:00:00,Bakery,4.460106459829158
Astoria,2023-06-30 13:00:00,Coffee,4.460106459829158
Astoria,2023-06-30 13:00:00,Coffee beans,4.460106459829158
Astoria,2023-06-30 13:00:00,Drinking Chocolate,4.460106459829158
Astoria,2023-06-30 13:00:00,Flavours,4.460106459829158
Astoria,2023-06-30 13:00:00,Tea,4.460106459829158
Astoria,2023-06-30 14:00:00,Bakery,3.383549934731482
Astoria,2023-06-30 14:00:00,Coffee,3.383549934731482
Astoria,2023-06-30 14:00:00,Coffee beans,3.383549934731482
Astoria,2023-06-30 14:00:00,Drinking Chocolate,3.383549934731482
Astoria,2023-06-30 14:00:00,Flavours,3.383549934731482
Astoria,2023-06-30 14:00:00,Tea,3.383549934731482
Astoria,2023-06-30 15:00:00,Bakery,3.24926061971453
Astoria,2023-06-30 15:00:00,Coffee,3.24926061971453
Astoria,2023-06-30 15:00:00,Coffee beans,3.24926061971453
Astoria,2023-06-30 15:00:00,Drinking Chocolate,3.24926061971453
Astoria,2023-06-30 15:00:00,Flavours,3.24926061971453
Astoria,2023-06-30 15:00:00,Tea,3.24926061971453
Astoria,2023-06-30 16:00:00,Bakery,3.8145903171566347
Astoria,2023-06-30 16:00:00,Coffee,3.8145903171566347
Astoria,2023-06-30 16:00:00,Coffee beans,3.8145903171566347
Astoria,2023-06-30 16:00:00,Drinking Chocolate,3.8145903171566347
Astoria,2023-06-30 16:00:00,Flavours,3.8145903171566347
Astoria,2023-06-30 16:00:00,Tea,3.8145903171566347
Astoria,2023-06-30 17:00:00,Bakery,3.796442609702889
Astoria,2023-06-30 17:00:00,Coffee,3.796442609702889
Astoria,2023-06-30 17:00:00,Coffee beans,3.796442609702889
Astoria,2023-06-30 17:00:00,Drinking Chocolate,3.796442609702889
Astoria,2023-06-30 17:00:00,Flavours,3.796442609702889
Astoria,2023-06-30 17:00:00,Tea,3.796442609702889
Astoria,2023-06-30 18:00:00,Bakery,4.183730865457459
Astoria,2023-06-30 18:00:00,Coffee,4.183730865457459
Astoria,2023-06-30 18:00:00,Coffee beans,4.183730865457459
Astoria,2023-06-30 18:00:00,Drinking Chocolate,4.183730865457459
Astoria,2023-06-30 18:00:00,Flavours,4.183730865457459
Astoria,2023-06-30 18:00:00,Tea,4.183730865457459
Hell's Kitchen,2023-06-04 09:00:00,Bakery,7.815193838676643
Hell's Kitchen,2023-06-04 09:00:00,Coffee,7.815193838676643
Hell's Kitchen,2023-06-04 09:00:00,Coffee beans,7.815193838676643
Hell's Kitchen,2023-06-04 09:00:00,Drinking Chocolate,7.815193838676643
Hell's Kitchen,2023-06-04 09:00:00,Flavours,7.815193838676643
Hell's Kitchen,2023-06-04 09:00:00,Tea,7.815193838676643
Hell's Kitchen,2023-06-04 10:00:00,Bakery,3.962309922789577
Hell's Kitchen,2023-06-04 10:00:00,Coffee,3.962309922789577
Hell's Kitchen,2023-06-04 10:00:00,Coffee beans,3.962309922789577
Hell's Kitchen,2023-06-04 10:00:00,Drinking Chocolate,3.962309922789577
Hell's Kitchen,2023-06-04 10:00:00,Flavours,3.962309922789577
Hell's Kitchen,2023-06-04 10:00:00,Tea,3.962309922789577
Hell's Kitchen,2023-06-04 11:00:00,Bakery,2.0654043223746594
Hell's Kitchen,2023-06-04 11:00:00,Coffee,2.0654043223746594
Hell's Kitchen,2023-06-04 11:00:00,Coffee beans,2.0654043223746594
Hell's Kitchen,2023-06-04 11:00:00,Drinking Chocolate,2.0654043223746594
Hell's Kitchen,2023-06-04 11:00:00,Flavours,2.0654043223746594
Hell's Kitchen,2023-06-04 11:00:00,Tea,2.0654043223746594
Hell's Kitchen,2023-06-04 12:00:00,Bakery,2.0047245681515107
Hell's Kitchen,2023-06-04 12:00:00,Coffee,2.0047245681515107
Hell's Kitchen,2023-06-04 12:00:00,Coffee beans,2.0047245681515107
Hell's Kitchen,2023-06-04 12:00:00,Drinking Chocolate,2.0047245681515107
Hell's Kitchen,2023-06-04 12:00:00,Flavours,2.0047245681515107
Hell's Kitchen,2023-06-04 12:00:00,Tea,2.0047245681515107
Hell's Kitchen,2023-06-04 13:00:00,Bakery,2.304474162965026
Hell's Kitchen,2023-06-04 13:00:00,Coffee,2.304474162965026
Hell's Kitchen,2023-06-04 13:00:00,Coffee beans,2.304474162965026
Hell's Kitchen,2023-06-04 13:00:00,Drinking Chocolate,2.304474162965026
Hell's Kitchen,2023-06-04 13:00:00,Flavours,2.304474162965026
Hell's Kitchen,2023-06-04 13:00:00,Tea,2.304474162965026
Hell's Kitchen,2023-06-04 14:00:00,Bakery,2.067180023455847
Hell's Kitchen,2023-06-04 14:00:00,Coffee,2.067180023455847
Hell's Kitchen,2023-06-04 14:00:00,Coffee beans,2.067180023455847
Hell's Kitchen,2023-06-04 14:00:00,Drinking Chocolate,2.067180023455847
Hell's Kitchen,2023-06-04 14:00:00,Flavours,2.067180023455847
Hell's Kitchen,2023-06-04 14:00:00,Tea,2.067180023455847
Hell's Kitchen,2023-06-04 15:00:00,Bakery,2.9038643010928062
Hell's Kitchen,2023-06-04 15:00:00,Coffee,2.9038643010928062
Hell's Kitchen,2023-06-04 15:00:00,Coffee beans,2.9038643010928062
Hell's Kitchen,2023-06-04 15:00:00,Drinking Chocolate,2.9038643010928062
Hell's Kitchen,2023-06-04 15:00:00,Flavours,2.9038643010928062
Hell's Kitchen,2023-06-04 15:00:00,Tea,2.9038643010928062
Hell's Kitchen,2023-06-04 16:00:00,Bakery,2.771228529968501
Hell's Kitchen,2023-06-04 16:00:00,Coffee,2.771228529968501
Hell's Kitchen,2023-06-04 16:00:00,Coffee beans,2.771228529968501
Hell's Kitchen,2023-06-04 16:00:00,Drinking Chocolate,2.771228529968501
Hell's Kitchen,2023-06-04 16:00:00,Flavours,2.771228529968501
Hell's Kitchen,2023-06-04 16:00:00,Tea,2.771228529968501
Hell's Kitchen,2023-06-04 17:00:00,Bakery,2.507483842572387
Hell's Kitchen,2023-06-04 17:00:00,Coffee,2.507483842572387
Hell's Kitchen,2023-06-04 17:00:00,Coffee beans,2.507483842572387
Hell's Kitchen,2023-06-04 17:00:00,Drinking Chocolate,2.507483842572387
Hell's Kitchen,2023-06-04 17:00:00,Flavours,2.507483842572387
Hell's Kitchen,2023-06-04 17:00:00,Tea,2.507483842572387
Hell's Kitchen,2023-06-04 18:00:00,Bakery,2.405589486275318
Hell's Kitchen,2023-06-04 18:00:00,Coffee,2.405589486275318
Hell's Kitchen,2023-06-04 18:00:00,Coffee beans,2.405589486275318
Hell's Kitchen,2023-06-04 18:00:00,Drinking Chocolate,2.405589486275318
Hell's Kitchen,2023-06-04 18:00:00,Flavours,2.405589486275318
Hell's Kitchen,2023-06-04 18:00:00,Tea,2.405589486275318
Hell's Kitchen,2023-06-04 19:00:00,Bakery,4.765870928849226
Hell's Kitchen,2023-06-04 19:00:00,Coffee,4.765870928849226
Hell's Kitchen,2023-06-04 19:00:00,Coffee beans,4.765870928849226
Hell's Kitchen,2023-06-04 19:00:00,Drinking Chocolate,4.765870928849226
Hell's Kitchen,2023-06-04 19:00:00,Flavours,4.765870928849226
Hell's Kitchen,2023-06-04 19:00:00,Tea,4.765870928849226
Hell's Kitchen,2023-06-05 08:00:00,Bakery,10.263378088772376
Hell's Kitchen,2023-06-05 08:00:00,Coffee,10.263378088772376
Hell's Kitchen,2023-06-05 08:00:00,Coffee beans,10.263378088772376
Hell's Kitchen,2023-06-05 08:00:00,Drinking Chocolate,10.263378088772376
Hell's Kitchen,2023-06-05 08:00:00,Flavours,10.263378088772376
Hell's Kitchen,2023-06-05 08:00:00,Tea,10.263378088772376
Hell's Kitchen,2023-06-05 09:00:00,Bakery,7.841253099539761
Hell's Kitchen,2023-06-05 09:00:00,Coffee,7.841253099539761
Hell's Kitchen,2023-06-05 09:00:00,Coffee beans,7.841253099539761
Hell's Kitchen,2023-06-05 09:00:00,Drinking Chocolate,7.841253099539761
Hell's Kitchen,2023-06-05 09:00:00,Flavours,7.841253099539761
Hell's Kitchen,2023-06-05 09:00:00,Tea,7.841253099539761
Hell's Kitchen,2023-06-05 10:00:00,Bakery,5.176280919881465
Hell's Kitchen,2023-06-05 10:00:00,Coffee,5.176280919881465
Hell's Kitchen,2023-06-05 10:00:00,Coffee beans,5.176280919881465
Hell's Kitchen,2023-06-05 10:00:00,Drinking Chocolate,5.176280919881465
Hell's Kitchen,2023-06-05 10:00:00,Flavours,5.176280919881465
Hell's Kitchen,2023-06-05 10:00:00,Tea,5.176280919881465
Hell's Kitchen,2023-06-05 11:00:00,Bakery,2.210144352015352
Hell's Kitchen,2023-06-05 11:00:00,Coffee,2.210144352015352
Hell's Kitchen,2023-06-05 11:00:00,Coffee beans,2.210144352015352
Hell's Kitchen,2023-06-05 11:00:00,Drinking Chocolate,2.210144352015352
Hell's Kitchen,2023-06-05 11:00:00,Flavours,2.210144352015352
Hell's Kitchen,2023-06-05 11:00:00,Tea,2.210144352015352
Hell's Kitchen,2023-06-05 12:00:00,Bakery,2.095717000436585
Hell's Kitchen,2023-06-05 12:00:00,Coffee,2.095717000436585
Hell's Kitchen,2023-06-05 12:00:00,Coffee beans,2.095717000436585
Hell's Kitchen,2023-06-05 12:00:00,Drinking Chocolate,2.095717000436585
Hell's Kitchen,2023-06-05 12:00:00,Flavours,2.095717000436585
Hell's Kitchen,2023-06-05 12:00:00,Tea,2.095717000436585
Hell's Kitchen,2023-06-05 13:00:00,Bakery,2.7751200608903024
Hell's Kitchen,2023-06-05 13:00:00,Coffee,2.7751200608903024
Hell's Kitchen,2023-06-05 13:00:00,Coffee beans,2.7751200608903024
Hell's Kitchen,2023-06-05 13:00:00,Drinking Chocolate,2.7751200608903024
Hell's Kitchen,2023-06-05 13:00:00,Flavours,2.7751200608903024
Hell's Kitchen,2023-06-05 13:00:00,Tea,2.7751200608903024
Hell's Kitchen,2023-06-05 14:00:00,Bakery,2.5423787410648435
Hell's Kitchen,2023-06-05 14:00:00,Coffee,2.5423787410648435
Hell's Kitchen,2023-06-05 14:00:00,Coffee beans,2.5423787410648435
Hell's Kitchen,2023-06-05 14:00:00,Drinking Chocolate,2.5423787410648435
Hell's Kitchen,2023-06-05 14:00:00,Flavours,2.5423787410648435
Hell's Kitchen,2023-06-05 14:00:00,Tea,2.5423787410648435
Hell's Kitchen,2023-06-05 15:00:00,Bakery,2.774132634775094
Hell's Kitchen,2023-06-05 15:00:00,Coffee,2.774132634775094
Hell's Kitchen,2023-06-05 15:00:00,Coffee beans,2.774132634775094
Hell's Kitchen,2023-06-05 15:00:00,Drinking Chocolate,2.774132634775094
Hell's Kitchen,2023-06-05 15:00:00,Flavours,2.774132634775094
Hell's Kitchen,2023-06-05 15:00:00,Tea,2.774132634775094
Hell's Kitchen,2023-06-05 16:00:00,Bakery,2.552623455249702
Hell's Kitchen,2023-06-05 16:00:00,Coffee,2.552623455249702
Hell's Kitchen,2023-06-05 16:00:00,Coffee beans,2.552623455249702
Hell's Kitchen,2023-06-05 16:00:00,Drinking Chocolate,2.552623455249702
Hell's Kitchen,2023-06-05 16:00:00,Flavours,2.552623455249702
Hell's Kitchen,2023-06-05 16:00:00,Tea,2.552623455249702
Hell's Kitchen,2023-06-05 17:00:00,Bakery,2.566985088761273
Hell's Kitchen,2023-06-05 17:00:00,Coffee,2.566985088761273
Hell's Kitchen,2023-06-05 17:00:00,Coffee beans,2.566985088761273
Hell's Kitchen,2023-06-05 17:00:00,Drinking Chocolate,2.566985088761273
Hell's Kitchen,2023-06-05 17:00:00,Flavours,2.566985088761273
Hell's Kitchen,2023-06-05 17:00:00,Tea,2.566985088761273
Hell's Kitchen,2023-06-05 18:00:00,Bakery,2.5418958642057374
Hell's Kitchen,2023-06-05 18:00:00,Coffee,2.5418958642057374
Hell's Kitchen,2023-06-05 18:00:00,Coffee beans,2.5418958642057374
Hell's Kitchen,2023-06-05 18:00:00,Drinking Chocolate,2.5418958642057374
Hell's Kitchen,2023-06-05 18:00:00,Flavours,2.5418958642057374
Hell's Kitchen,2023-06-05 18:00:00,Tea,2.5418958642057374
Hell's Kitchen,2023-06-05 19:00:00,Bakery,3.6315025920817874
Hell's Kitchen,2023-06-05 19:00:00,Coffee,3.6315025920817874
Hell's Kitchen,2023-06-05 19:00:00,Coffee beans,3.6315025920817874
Hell's Kitchen,2023-06-05 19:00:00,Drinking Chocolate,3.6315025920817874
Hell's Kitchen,2023-06-05 19:00:00,Flavours,3.6315025920817874
Hell's Kitchen,2023-06-05 19:00:00,Tea,3.6315025920817874
Hell's Kitchen,2023-06-06 08:00:00,Bakery,8.230676146293288
Hell's Kitchen,2023-06-06 08:00:00,Coffee,8.230676146293288
Hell's Kitchen,2023-06-06 08:00:00,Coffee beans,8.230676146293288
Hell's Kitchen,2023-06-06 08:00:00,Drinking Chocolate,8.230676146293288
Hell's Kitchen,2023-06-06 08:00:00,Flavours,8.230676146293288
Hell's Kitchen,2023-06-06 08:00:00,Tea,8.230676146293288
Hell's Kitchen,2023-06-06 09:00:00,Bakery,9.290502208984128
Hell's Kitchen,2023-06-06 09:00:00,Coffee,9.290502208984128
Hell's Kitchen,2023-06-06 09:00:00,Coffee beans,9.290502208984128
Hell's Kitchen,2023-06-06 09:00:00,Drinking Chocolate,9.290502208984128
Hell's Kitchen,2023-06-06 09:00:00,Flavours,9.290502208984128
Hell's Kitchen,2023-06-06 09:00:00,Tea,9.290502208984128
Hell's Kitchen,2023-06-06 10:00:00,Bakery,4.794263436803015
Hell's Kitchen,2023-06-06 10:00:00,Coffee,4.794263436803015
Hell's Kitchen,2023-06-06 10:00:00,Coffee beans,4.794263436803015
Hell's Kitchen,2023-06-06 10:00:00,Drinking Chocolate,4.794263436803015
Hell's Kitchen,2023-06-06 10:00:00,Flavours,4.794263436803015
Hell's Kitchen,2023-06-06 10:00:00,Tea,4.794263436803015
Hell's Kitchen,2023-06-06 11:00:00,Bakery,2.053594551569929
Hell's Kitchen,2023-06-06 11:00:00,Coffee,2.053594551569929
Hell's Kitchen,2023-06-06 11:00:00,Coffee beans,2.053594551569929
Hell's Kitchen,2023-06-06 11:00:00,Drinking Chocolate,2.053594551569929
Hell's Kitchen,2023-06-06 11:00:00,Flavours,2.053594551569929
Hell's Kitchen,2023-06-06 11:00:00,Tea,2.053594551569929
Hell's Kitchen,2023-06-06 12:00:00,Bakery,2.413779534691493
Hell's Kitchen,2023-06-06 12:00:00,Coffee,2.413779534691493
Hell's Kitchen,2023-06-06 12:00:00,Coffee beans,2.413779534691493
Hell's Kitchen,2023-06-06 12:00:00,Drinking Chocolate,2.413779534691493
Hell's Kitchen,2023-06-06 12:00:00,Flavours,2.413779534691493
Hell's Kitchen,2023-06-06 12:00:00,Tea,2.413779534691493
Hell's Kitchen,2023-06-06 13:00:00,Bakery,2.5052777756554225
Hell's Kitchen,2023-06-06 13:00:00,Coffee,2.5052777756554225
Hell's Kitchen,2023-06-06 13:00:00,Coffee beans,2.5052777756554225
Hell's Kitchen,2023-06-06 13:00:00,Drinking Chocolate,2.5052777756554225
Hell's Kitchen,2023-06-06 13:00:00,Flavours,2.5052777756554225
Hell's Kitchen,2023-06-06 13:00:00,Tea,2.5052777756554225
Hell's Kitchen,2023-06-06 14:00:00,Bakery,2.2001664756046817
Hell's Kitchen,2023-06-06 14:00:00,Coffee,2.2001664756046817
Hell's Kitchen,2023-06-06 14:00:00,Coffee beans,2.2001664756046817
Hell's Kitchen,2023-06-06 14:00:00,Drinking Chocolate,2.2001664756046817
Hell's Kitchen,2023-06-06 14:00:00,Flavours,2.2001664756046817
Hell's Kitchen,2023-06-06 14:00:00,Tea,2.2001664756046817
Hell's Kitchen,2023-06-06 15:00:00,Bakery,3.3561415840126005
Hell's Kitchen,2023-06-06 15:00:00,Coffee,3.3561415840126005
Hell's Kitchen,2023-06-06 15:00:00,Coffee beans,3.3561415840126005
Hell's Kitchen,2023-06-06 15:00:00,Drinking Chocolate,3.3561415840126005
Hell's Kitchen,2023-06-06 15:00:00,Flavours,3.3561415840126005
Hell's Kitchen,2023-06-06 15:00:00,Tea,3.3561415840126005
Hell's Kitchen,2023-06-06 16:00:00,Bakery,2.827477394439108
Hell's Kitchen,2023-06-06 16:00:00,Coffee,2.827477394439108
Hell's Kitchen,2023-06-06 16:00:00,Coffee beans,2.827477394439108
Hell's Kitchen,2023-06-06 16:00:00,Drinking Chocolate,2.827477394439108
Hell's Kitchen,2023-06-06 16:00:00,Flavours,2.827477394439108
Hell's Kitchen,2023-06-06 16:00:00,Tea,2.827477394439108
Hell's Kitchen,2023-06-06 17:00:00,Bakery,3.000580001838774
Hell's Kitchen,2023-06-06 17:00:00,Coffee,3.000580001838774
Hell's Kitchen,2023-06-06 17:00:00,Coffee beans,3.000580001838774
Hell's Kitchen,2023-06-06 17:00:00,Drinking Chocolate,3.000580001838774
Hell's Kitchen,2023-06-06 17:00:00,Flavours,3.000580001838774
Hell's Kitchen,2023-06-06 17:00:00,Tea,3.000580001838774
Hell's Kitchen,2023-06-06 18:00:00,Bakery,2.630262402188093
Hell's Kitchen,2023-06-06 18:00:00,Coffee,2.630262402188093
Hell's Kitchen,2023-06-06 18:00:00,Coffee beans,2.630262402188093
Hell's Kitchen,2023-06-06 18:00:00,Drinking Chocolate,2.630262402188093
Hell's Kitchen,2023-06-06 18:00:00,Flavours,2.630262402188093
Hell's Kitchen,2023-06-06 18:00:00,Tea,2.630262402188093
Hell's Kitchen,2023-06-06 19:00:00,Bakery,4.974679009279586
Hell's Kitchen,2023-06-06 19:00:00,Coffee,4.974679009279586
Hell's Kitchen,2023-06-06 19:00:00,Coffee beans,4.974679009279586
Hell's Kitchen,2023-06-06 19:00:00,Drinking Chocolate,4.974679009279586
Hell's Kitchen,2023-06-06 19:00:00,Flavours,4.974679009279586
Hell's Kitchen,2023-06-06 19:00:00,Tea,4.974679009279586
Hell's Kitchen,2023-06-07 08:00:00,Bakery,10.013204747152589
Hell's Kitchen,2023-06-07 08:00:00,Coffee,10.013204747152589
Hell's Kitchen,2023-06-07 08:00:00,Coffee beans,10.013204747152589
Hell's Kitchen,2023-06-07 08:00:00,Drinking Chocolate,10.013204747152589
Hell's Kitchen,2023-06-07 08:00:00,Flavours,10.013204747152589
Hell's Kitchen,2023-06-07 08:00:00,Tea,10.013204747152589
Hell's Kitchen,2023-06-07 09:00:00,Bakery,12.15677611074725
Hell's Kitchen,2023-06-07 09:00:00,Coffee,12.15677611074725
Hell's Kitchen,2023-06-07 09:00:00,Coffee beans,12.15677611074725
Hell's Kitchen,2023-06-07 09:00:00,Drinking Chocolate,12.15677611074725
Hell's Kitchen,2023-06-07 09:00:00,Flavours,12.15677611074725
Hell's Kitchen,2023-06-07 09:00:00,Tea,12.15677611074725
Hell's Kitchen,2023-06-07 10:00:00,Bakery,4.053784235397865
Hell's Kitchen,2023-06-07 10:00:00,Coffee,4.053784235397865
Hell's Kitchen,2023-06-07 10:00:00,Coffee beans,4.053784235397865
Hell's Kitchen,2023-06-07 10:00:00,Drinking Chocolate,4.053784235397865
Hell's Kitchen,2023-06-07 10:00:00,Flavours,4.053784235397865
Hell's Kitchen,2023-06-07 10:00:00,Tea,4.053784235397865
Hell's Kitchen,2023-06-07 11:00:00,Bakery,2.865400444530572
Hell's Kitchen,2023-06-07 11:00:00,Coffee,2.865400444530572
Hell's Kitchen,2023-06-07 11:00:00,Coffee beans,2.865400444530572
Hell's Kitchen,2023-06-07 11:00:00,Drinking Chocolate,2.865400444530572
Hell's Kitchen,2023-06-07 11:00:00,Flavours,2.865400444530572
Hell's Kitchen,2023-06-07 11:00:00,Tea,2.865400444530572
Hell's Kitchen,2023-06-07 12:00:00,Bakery,2.572956633315989
Hell's Kitchen,2023-06-07 12:00:00,Coffee,2.572956633315989
Hell's Kitchen,2023-06-07 12:00:00,Coffee beans,2.572956633315989
Hell's Kitchen,2023-06-07 12:00:00,Drinking Chocolate,2.572956633315989
Hell's Kitchen,2023-06-07 12:00:00,Flavours,2.572956633315989
Hell's Kitchen,2023-06-07 12:00:00,Tea,2.572956633315989
Hell's Kitchen,2023-06-07 13:00:00,Bakery,2.64556256836355
Hell's Kitchen,2023-06-07 13:00:00,Coffee,2.64556256836355
Hell's Kitchen,2023-06-07 13:00:00,Coffee beans,2.64556256836355
Hell's Kitchen,2023-06-07 13:00:00,Drinking Chocolate,2.64556256836355
Hell's Kitchen,2023-06-07 13:00:00,Flavours,2.64556256836355
Hell's Kitchen,2023-06-07 13:00:00,Tea,2.64556256836355
Hell's Kitchen,2023-06-07 14:00:00,Bakery,2.4783296564347865
Hell's Kitchen,2023-06-07 14:00:00,Coffee,2.4783296564347865
Hell's Kitchen,2023-06-07 14:00:00,Coffee beans,2.4783296564347865
Hell's Kitchen,2023-06-07 14:00:00,Drinking Chocolate,2.4783296564347865
Hell's Kitchen,2023-06-07 14:00:00,Flavours,2.4783296564347865
Hell's Kitchen,2023-06-07 14:00:00,Tea,2.4783296564347865
Hell's Kitchen,2023-06-07 15:00:00,Bakery,2.4848281355849458
Hell's Kitchen,2023-06-07 15:00:00,Coffee,2.4848281355849458
Hell's Kitchen,2023-06-07 15:00:00,Coffee beans,2.4848281355849458
Hell's Kitchen,2023-06-07 15:00:00,Drinking Chocolate,2.4848281355849458
Hell's Kitchen,2023-06-07 15:00:00,Flavours,2.4848281355849458
Hell's Kitchen,2023-06-07 15:00:00,Tea,2.4848281355849458
Hell's Kitchen,2023-06-07 16:00:00,Bakery,2.6557276591653083
Hell's Kitchen,2023-06-07 16:00:00,Coffee,2.6557276591653083
Hell's Kitchen,2023-06-07 16:00:00,Coffee beans,2.6557276591653083
Hell's Kitchen,2023-06-07 16:00:00,Drinking Chocolate,2.6557276591653083
Hell's Kitchen,2023-06-07 16:00:00,Flavours,2.6557276591653083
Hell's Kitchen,2023-06-07 16:00:00,Tea,2.6557276591653083
Hell's Kitchen,2023-06-07 17:00:00,Bakery,2.988784423112272
Hell's Kitchen,2023-06-07 17:00:00,Coffee,2.988784423112272
Hell's Kitchen,2023-06-07 17:00:00,Coffee beans,2.988784423112272
Hell's Kitchen,2023-06-07 17:00:00,Drinking Chocolate,2.988784423112272
Hell's Kitchen,2023-06-07 17:00:00,Flavours,2.988784423112272
Hell's Kitchen,2023-06-07 17:00:00,Tea,2.988784423112272
Hell's Kitchen,2023-06-07 18:00:00,Bakery,2.58207447078551
Hell's Kitchen,2023-06-07 18:00:00,Coffee,2.58207447078551
Hell's Kitchen,2023-06-07 18:00:00,Coffee beans,2.58207447078551
Hell's Kitchen,2023-06-07 18:00:00,Drinking Chocolate,2.58207447078551
Hell's Kitchen,2023-06-07 18:00:00,Flavours,2.58207447078551
Hell's Kitchen,2023-06-07 18:00:00,Tea,2.58207447078551
Hell's Kitchen,2023-06-07 19:00:00,Bakery,4.650073326833807
Hell's Kitchen,2023-06-07 19:00:00,Coffee,4.650073326833807
Hell's Kitchen,2023-06-07 19:00:00,Coffee beans,4.650073326833807
Hell's Kitchen,2023-06-07 19:00:00,Drinking Chocolate,4.650073326833807
Hell's Kitchen,2023-06-07 19:00:00,Flavours,4.650073326833807
Hell's Kitchen,2023-06-07 19:00:00,Tea,4.650073326833807
Hell's Kitchen,2023-06-07 20:00:00,Bakery,6.1515635484829785
Hell's Kitchen,2023-06-07 20:00:00,Coffee,6.1515635484829785
Hell's Kitchen,2023-06-07 20:00:00,Coffee beans,6.1515635484829785
Hell's Kitchen,2023-06-07 20:00:00,Drinking Chocolate,6.1515635484829785
Hell's Kitchen,2023-06-07 20:00:00,Flavours,6.1515635484829785
Hell's Kitchen,2023-06-07 20:00:00,Tea,6.1515635484829785
Hell's Kitchen,2023-06-08 06:00:00,Bakery,7.08964000402016
Hell's Kitchen,2023-06-08 06:00:00,Coffee,7.08964000402016
Hell's Kitchen,2023-06-08 06:00:00,Coffee beans,7.08964000402016
Hell's Kitchen,2023-06-08 06:00:00,Drinking Chocolate,7.08964000402016
Hell's Kitchen,2023-06-08 06:00:00,Flavours,7.08964000402016
Hell's Kitchen,2023-06-08 06:00:00,Tea,7.08964000402016
Hell's Kitchen,2023-06-08 07:00:00,Bakery,8.636536015302948
Hell's Kitchen,2023-06-08 07:00:00,Coffee,8.636536015302948
Hell's Kitchen,2023-06-08 07:00:00,Coffee beans,8.636536015302948
Hell's Kitchen,2023-06-08 07:00:00,Drinking Chocolate,8.636536015302948
Hell's Kitchen,2023-06-08 07:00:00,Flavours,8.636536015302948
Hell's Kitchen,2023-06-08 07:00:00,Tea,8.636536015302948
Hell's Kitchen,2023-06-08 08:00:00,Bakery,9.484282590568409
Hell's Kitchen,2023-06-08 08:00:00,Coffee,9.484282590568409
Hell's Kitchen,2023-06-08 08:00:00,Coffee beans,9.484282590568409
Hell's Kitchen,2023-06-08 08:00:00,Drinking Chocolate,9.484282590568409
Hell's Kitchen,2023-06-08 08:00:00,Flavours,9.484282590568409
Hell's Kitchen,2023-06-08 08:00:00,Tea,9.484282590568409
Hell's Kitchen,2023-06-08 09:00:00,Bakery,9.429336312821482
Hell's Kitchen,2023-06-08 09:00:00,Coffee,9.429336312821482
Hell's Kitchen,2023-06-08 09:00:00,Coffee beans,9.429336312821482
Hell's Kitchen,2023-06-08 09:00:00,Drinking Chocolate,9.429336312821482
Hell's Kitchen,2023-06-08 09:00:00,Flavours,9.429336312821482
Hell's Kitchen,2023-06-08 09:00:00,Tea,9.429336312821482
Hell's Kitchen,2023-06-08 10:00:00,Bakery,5.200666478376775
Hell's Kitchen,2023-06-08 10:00:00,Coffee,5.200666478376775
Hell's Kitchen,2023-06-08 10:00:00,Coffee beans,5.200666478376775
Hell's Kitchen,2023-06-08 10:00:00,Drinking Chocolate,5.200666478376775
Hell's Kitchen,2023-06-08 10:00:00,Flavours,5.200666478376775
Hell's Kitchen,2023-06-08 10:00:00,Tea,5.200666478376775
Hell's Kitchen,2023-06-08 11:00:00,Bakery,1.9146597800491634
Hell's Kitchen,2023-06-08 11:00:00,Coffee,1.9146597800491634
Hell's Kitchen,2023-06-08 11:00:00,Coffee beans,1.9146597800491634
Hell's Kitchen,2023-06-08 11:00:00,Drinking Chocolate,1.9146597800491634
Hell's Kitchen,2023-06-08 11:00:00,Flavours,1.9146597800491634
Hell's Kitchen,2023-06-08 11:00:00,Tea,1.9146597800491634
Hell's Kitchen,2023-06-08 12:00:00,Bakery,2.0104215732964796
Hell's Kitchen,2023-06-08 12:00:00,Coffee,2.0104215732964796
Hell's Kitchen,2023-06-08 12:00:00,Coffee beans,2.0104215732964796
Hell's Kitchen,2023-06-08 12:00:00,Drinking Chocolate,2.0104215732964796
Hell's Kitchen,2023-06-08 12:00:00,Flavours,2.0104215732964796
Hell's Kitchen,2023-06-08 12:00:00,Tea,2.0104215732964796
Hell's Kitchen,2023-06-08 13:00:00,Bakery,2.1563095479176413
Hell's Kitchen,2023-06-08 13:00:00,Coffee,2.1563095479176413
Hell's Kitchen,2023-06-08 13:00:00,Coffee beans,2.1563095479176413
Hell's Kitchen,2023-06-08 13:00:00,Drinking Chocolate,2.1563095479176413
Hell's Kitchen,2023-06-08 13:00:00,Flavours,2.1563095479176413
Hell's Kitchen,2023-06-08 13:00:00,Tea,2.1563095479176413
Hell's Kitchen,2023-06-08 14:00:00,Bakery,2.0987585277988794
Hell's Kitchen,2023-06-08 14:00:00,Coffee,2.0987585277988794
Hell's Kitchen,2023-06-08 14:00:00,Coffee beans,2.0987585277988794
Hell's Kitchen,2023-06-08 14:00:00,Drinking Chocolate,2.0987585277988794
Hell's Kitchen,2023-06-08 14:00:00,Flavours,2.0987585277988794
Hell's Kitchen,2023-06-08 14:00:00,Tea,2.0987585277988794
Hell's Kitchen,2023-06-08 15:00:00,Bakery,2.6151836009092673
Hell's Kitchen,2023-06-08 15:00:00,Coffee,2.6151836009092673
Hell's Kitchen,2023-06-08 15:00:00,Coffee beans,2.6151836009092673
Hell's Kitchen,2023-06-08 15:00:00,Drinking Chocolate,2.6151836009092673
Hell's Kitchen,2023-06-08 15:00:00,Flavours,2.6151836009092673
Hell's Kitchen,2023-06-08 15:00:00,Tea,2.6151836009092673
Hell's Kitchen,2023-06-08 16:00:00,Bakery,1.6732716588510206
Hell's Kitchen,2023-06-08 16:00:00,Coffee,1.6732716588510206
Hell's Kitchen,2023-06-08 16:00:00,Coffee beans,1.6732716588510206
Hell's Kitchen,2023-06-08 16:00:00,Drinking Chocolate,1.6732716588510206
Hell's Kitchen,2023-06-08 16:00:00,Flavours,1.6732716588510206
Hell's Kitchen,2023-06-08 16:00:00,Tea,1.6732716588510206
Hell's Kitchen,2023-06-08 17:00:00,Bakery,2.3565647126798215
Hell's Kitchen,2023-06-08 17:00:00,Coffee,2.3565647126798215
Hell's Kitchen,2023-06-08 17:00:00,Coffee beans,2.3565647126798215
Hell's Kitchen,2023-06-08 17:00:00,Drinking Chocolate,2.3565647126798215
Hell's Kitchen,2023-06-08 17:00:00,Flavours,2.3565647126798215
Hell's Kitchen,2023-06-08 17:00:00,Tea,2.3565647126798215
Hell's Kitchen,2023-06-08 18:00:00,Bakery,2.143275130530205
Hell's Kitchen,2023-06-08 18:00:00,Coffee,2.143275130530205
Hell's Kitchen,2023-06-08 18:00:00,Coffee beans,2.143275130530205
Hell's Kitchen,2023-06-08 18:00:00,Drinking Chocolate,2.143275130530205
Hell's Kitchen,2023-06-08 18:00:00,Flavours,2.143275130530205
Hell's Kitchen,2023-06-08 18:00:00,Tea,2.143275130530205
Hell's Kitchen,2023-06-08 19:00:00,Bakery,4.891670938501643
Hell's Kitchen,2023-06-08 19:00:00,Coffee,4.891670938501643
Hell's Kitchen,2023-06-08 19:00:00,Coffee beans,4.891670938501643
Hell's Kitchen,2023-06-08 19:00:00,Drinking Chocolate,4.891670938501643
Hell's Kitchen,2023-06-08 19:00:00,Flavours,4.891670938501643
Hell's Kitchen,2023-06-08 19:00:00,Tea,4.891670938501643
Hell's Kitchen,2023-06-09 06:00:00,Bakery,8.271006927907475
Hell's Kitchen,2023-06-09 06:00:00,Coffee,8.271006927907475
Hell's Kitchen,2023-06-09 06:00:00,Coffee beans,8.271006927907475
Hell's Kitchen,2023-06-09 06:00:00,Drinking Chocolate,8.271006927907475
Hell's Kitchen,2023-06-09 06:00:00,Flavours,8.271006927907475
Hell's Kitchen,2023-06-09 06:00:00,Tea,8.271006927907475
Hell's Kitchen,2023-06-09 07:00:00,Bakery,8.73625826452705
Hell's Kitchen,2023-06-09 07:00:00,Coffee,8.73625826452705
Hell's Kitchen,2023-06-09 07:00:00,Coffee beans,8.73625826452705
Hell's Kitchen,2023-06-09 07:00:00,Drinking Chocolate,8.73625826452705
Hell's Kitchen,2023-06-09 07:00:00,Flavours,8.73625826452705
Hell's Kitchen,2023-06-09 07:00:00,Tea,8.73625826452705
Hell's Kitchen,2023-06-09 08:00:00,Bakery,10.441897421957952
Hell's Kitchen,2023-06-09 08:00:00,Coffee,10.441897421957952
Hell's Kitchen,2023-06-09 08:00:00,Coffee beans,10.441897421957952
Hell's Kitchen,2023-06-09 08:00:00,Drinking Chocolate,10.441897421957952
Hell's Kitchen,2023-06-09 08:00:00,Flavours,10.441897421957952
Hell's Kitchen,2023-06-09 08:00:00,Tea,10.441897421957952
Hell's Kitchen,2023-06-09 09:00:00,Bakery,10.307467393755681
Hell's Kitchen,2023-06-09 09:00:00,Coffee,10.307467393755681
Hell's Kitchen,2023-06-09 09:00:00,Coffee beans,10.307467393755681
Hell's Kitchen,2023-06-09 09:00:00,Drinking Chocolate,10.307467393755681
Hell's Kitchen,2023-06-09 09:00:00,Flavours,10.307467393755681
Hell's Kitchen,2023-06-09 09:00:00,Tea,10.307467393755681
Hell's Kitchen,2023-06-09 10:00:00,Bakery,4.6428651149706806
Hell's Kitchen,2023-06-09 10:00:00,Coffee,4.6428651149706806
Hell's Kitchen,2023-06-09 10:00:00,Coffee beans,4.6428651149706806
Hell's Kitchen,2023-06-09 10:00:00,Drinking Chocolate,4.6428651149706806
Hell's Kitchen,2023-06-09 10:00:00,Flavours,4.6428651149706806
Hell's Kitchen,2023-06-09 10:00:00,Tea,4.6428651149706806
Hell's Kitchen,2023-06-09 11:00:00,Bakery,2.5626945224607436
Hell's Kitchen,2023-06-09 11:00:00,Coffee,2.5626945224607436
Hell's Kitchen,2023-06-09 11:00:00,Coffee beans,2.5626945224607436
Hell's Kitchen,2023-06-09 11:00:00,Drinking Chocolate,2.5626945224607436
Hell's Kitchen,2023-06-09 11:00:00,Flavours,2.5626945224607436
Hell's Kitchen,2023-06-09 11:00:00,Tea,2.5626945224607436
Hell's Kitchen,2023-06-09 12:00:00,Bakery,2.5056363652470464
Hell's Kitchen,2023-06-09 12:00:00,Coffee,2.5056363652470464
Hell's Kitchen,2023-06-09 12:00:00,Coffee beans,2.5056363652470464
Hell's Kitchen,2023-06-09 12:00:00,Drinking Chocolate,2.5056363652470464
Hell's Kitchen,2023-06-09 12:00:00,Flavours,2.5056363652470464
Hell's Kitchen,2023-06-09 12:00:00,Tea,2.5056363652470464
Hell's Kitchen,2023-06-09 13:00:00,Bakery,3.0646107858299043
Hell's Kitchen,2023-06-09 13:00:00,Coffee,3.0646107858299043
Hell's Kitchen,2023-06-09 13:00:00,Coffee beans,3.0646107858299043
Hell's Kitchen,2023-06-09 13:00:00,Drinking Chocolate,3.0646107858299043
Hell's Kitchen,2023-06-09 13:00:00,Flavours,3.0646107858299043
Hell's Kitchen,2023-06-09 13:00:00,Tea,3.0646107858299043
Hell's Kitchen,2023-06-09 14:00:00,Bakery,2.510448231912471
Hell's Kitchen,2023-06-09 14:00:00,Coffee,2.510448231912471
Hell's Kitchen,2023-06-09 14:00:00,Coffee beans,2.510448231912471
Hell's Kitchen,2023-06-09 14:00:00,Drinking Chocolate,2.510448231912471
Hell's Kitchen,2023-06-09 14:00:00,Flavours,2.510448231912471
Hell's Kitchen,2023-06-09 14:00:00,Tea,2.510448231912471
Hell's Kitchen,2023-06-09 15:00:00,Bakery,2.4039213972479017
Hell's Kitchen,2023-06-09 15:00:00,Coffee,2.4039213972479017
Hell's Kitchen,2023-06-09 15:00:00,Coffee beans,2.4039213972479017
Hell's Kitchen,2023-06-09 15:00:00,Drinking Chocolate,2.4039213972479017
Hell's Kitchen,2023-06-09 15:00:00,Flavours,2.4039213972479017
Hell's Kitchen,2023-06-09 15:00:00,Tea,2.4039213972479017
Hell's Kitchen,2023-06-09 16:00:00,Bakery,2.359107606649397
Hell's Kitchen,2023-06-09 16:00:00,Coffee,2.359107606649397
Hell's Kitchen,2023-06-09 16:00:00,Coffee beans,2.359107606649397
Hell's Kitchen,2023-06-09 16:00:00,Drinking Chocolate,2.359107606649397
Hell's Kitchen,2023-06-09 16:00:00,Flavours,2.359107606649397
Hell's Kitchen,2023-06-09 16:00:00,Tea,2.359107606649397
Hell's Kitchen,2023-06-09 17:00:00,Bakery,2.1155177800419827
Hell's Kitchen,2023-06-09 17:00:00,Coffee,2.1155177800419827
Hell's Kitchen,2023-06-09 17:00:00,Coffee beans,2.1155177800419827
Hell's Kitchen,2023-06-09 17:00:00,Drinking Chocolate,2.1155177800419827
Hell's Kitchen,2023-06-09 17:00:00,Flavours,2.1155177800419827
Hell's Kitchen,2023-06-09 17:00:00,Tea,2.1155177800419827
Hell's Kitchen,2023-06-09 18:00:00,Bakery,2.3579653064685733
Hell's Kitchen,2023-06-09 18:00:00,Coffee,2.3579653064685733
Hell's Kitchen,2023-06-09 18:00:00,Coffee beans,2.3579653064685733
Hell's Kitchen,2023-06-09 18:00:00,Drinking Chocolate,2.3579653064685733
Hell's Kitchen,2023-06-09 18:00:00,Flavours,2.3579653064685733
Hell's Kitchen,2023-06-09 18:00:00,Tea,2.3579653064685733
Hell's Kitchen,2023-06-09 19:00:00,Bakery,4.687070326774386
Hell's Kitchen,2023-06-09 19:00:00,Coffee,4.687070326774386
Hell's Kitchen,2023-06-09 19:00:00,Coffee beans,4.687070326774386
Hell's Kitchen,2023-06-09 19:00:00,Drinking Chocolate,4.687070326774386
Hell's Kitchen,2023-06-09 19:00:00,Flavours,4.687070326774386
Hell's Kitchen,2023-06-09 19:00:00,Tea,4.687070326774386
Hell's Kitchen,2023-06-10 06:00:00,Bakery,8.515877291174954
Hell's Kitchen,2023-06-10 06:00:00,Coffee,8.515877291174954
Hell's Kitchen,2023-06-10 06:00:00,Coffee beans,8.515877291174954
Hell's Kitchen,2023-06-10 06:00:00,Drinking Chocolate,8.515877291174954
Hell's Kitchen,2023-06-10 06:00:00,Flavours,8.515877291174954
Hell's Kitchen,2023-06-10 06:00:00,Tea,8.515877291174954
Hell's Kitchen,2023-06-10 07:00:00,Bakery,10.616187271666872
Hell's Kitchen,2023-06-10 07:00:00,Coffee,10.616187271666872
Hell's Kitchen,2023-06-10 07:00:00,Coffee beans,10.616187271666872
Hell's Kitchen,2023-06-10 07:00:00,Drinking Chocolate,10.616187271666872
Hell's Kitchen,2023-06-10 07:00:00,Flavours,10.616187271666872
Hell's Kitchen,2023-06-10 07:00:00,Tea,10.616187271666872
Hell's Kitchen,2023-06-10 08:00:00,Bakery,10.020311063403323
Hell's Kitchen,2023-06-10 08:00:00,Coffee,10.020311063403323
Hell's Kitchen,2023-06-10 08:00:00,Coffee beans,10.020311063403323
Hell's Kitchen,2023-06-10 08:00:00,Drinking Chocolate,10.020311063403323
Hell's Kitchen,2023-06-10 08:00:00,Flavours,10.020311063403323
Hell's Kitchen,2023-06-10 08:00:00,Tea,10.020311063403323
Hell's Kitchen,2023-06-10 09:00:00,Bakery,7.827490926092676
Hell's Kitchen,2023-06-10 09:00:00,Coffee,7.827490926092676
Hell's Kitchen,2023-06-10 09:00:00,Coffee beans,7.827490926092676
Hell's Kitchen,2023-06-10 09:00:00,Drinking Chocolate,7.827490926092676
Hell's Kitchen,2023-06-10 09:00:00,Flavours,7.827490926092676
Hell's Kitchen,2023-06-10 09:00:00,Tea,7.827490926092676
Hell's Kitchen,2023-06-10 10:00:00,Bakery,4.323616476332918
Hell's Kitchen,2023-06-10 10:00:00,Coffee,4.323616476332918
Hell's Kitchen,2023-06-10 10:00:00,Coffee beans,4.323616476332918
Hell's Kitchen,2023-06-10 10:00:00,Drinking Chocolate,4.323616476332918
Hell's Kitchen,2023-06-10 10:00:00,Flavours,4.323616476332918
Hell's Kitchen,2023-06-10 10:00:00,Tea,4.323616476332918
Hell's Kitchen,2023-06-10 11:00:00,Bakery,2.4006356216262317
Hell's Kitchen,2023-06-10 11:00:00,Coffee,2.4006356216262317
Hell's Kitchen,2023-06-10 11:00:00,Coffee beans,2.4006356216262317
Hell's Kitchen,2023-06-10 11:00:00,Drinking Chocolate,2.4006356216262317
Hell's Kitchen,2023-06-10 11:00:00,Flavours,2.4006356216262317
Hell's Kitchen,2023-06-10 11:00:00,Tea,2.4006356216262317
Hell's Kitchen,2023-06-10 12:00:00,Bakery,1.8508514714914097
Hell's Kitchen,2023-06-10 12:00:00,Coffee,1.8508514714914097
Hell's Kitchen,2023-06-10 12:00:00,Coffee beans,1.8508514714914097
Hell's Kitchen,2023-06-10 12:00:00,Drinking Chocolate,1.8508514714914097
Hell's Kitchen,2023-06-10 12:00:00,Flavours,1.8508514714914097
Hell's Kitchen,2023-06-10 12:00:00,Tea,1.8508514714914097
Hell's Kitchen,2023-06-10 13:00:00,Bakery,2.282490056407342
Hell's Kitchen,2023-06-10 13:00:00,Coffee,2.282490056407342
Hell's Kitchen,2023-06-10 13:00:00,Coffee beans,2.282490056407342
Hell's Kitchen,2023-06-10 13:00:00,Drinking Chocolate,2.282490056407342
Hell's Kitchen,2023-06-10 13:00:00,Flavours,2.282490056407342
Hell's Kitchen,2023-06-10 13:00:00,Tea,2.282490056407342
Hell's Kitchen,2023-06-10 14:00:00,Bakery,2.4557544557231856
Hell's Kitchen,2023-06-10 14:00:00,Coffee,2.4557544557231856
Hell's Kitchen,2023-06-10 14:00:00,Coffee beans,2.4557544557231856
Hell's Kitchen,2023-06-10 14:00:00,Drinking Chocolate,2.4557544557231856
Hell's Kitchen,2023-06-10 14:00:00,Flavours,2.4557544557231856
Hell's Kitchen,2023-06-10 14:00:00,Tea,2.4557544557231856
Hell's Kitchen,2023-06-10 15:00:00,Bakery,2.164593231236107
Hell's Kitchen,2023-06-10 15:00:00,Coffee,2.164593231236107
Hell's Kitchen,2023-06-10 15:00:00,Coffee beans,2.164593231236107
Hell's Kitchen,2023-06-10 15:00:00,Drinking Chocolate,2.164593231236107
Hell's Kitchen,2023-06-10 15:00:00,Flavours,2.164593231236107
Hell's Kitchen,2023-06-10 15:00:00,Tea,2.164593231236107
Hell's Kitchen,2023-06-10 16:00:00,Bakery,2.609474831391611
Hell's Kitchen,2023-06-10 16:00:00,Coffee,2.609474831391611
Hell's Kitchen,2023-06-10 16:00:00,Coffee beans,2.609474831391611
Hell's Kitchen,2023-06-10 16:00:00,Drinking Chocolate,2.609474831391611
Hell's Kitchen,2023-06-10 16:00:00,Flavours,2.609474831391611
Hell's Kitchen,2023-06-10 16:00:00,Tea,2.609474831391611
Hell's Kitchen,2023-06-10 17:00:00,Bakery,1.9194127296176446
Hell's Kitchen,2023-06-10 17:00:00,Coffee,1.9194127296176446
Hell's Kitchen,2023-06-10 17:00:00,Coffee beans,1.9194127296176446
Hell's Kitchen,2023-06-10 17:00:00,Drinking Chocolate,1.9194127296176446
Hell's Kitchen,2023-06-10 17:00:00,Flavours,1.9194127296176446
Hell's Kitchen,2023-06-10 17:00:00,Tea,1.9194127296176446
Hell's Kitchen,2023-06-10 18:00:00,Bakery,2.2970223700367813
Hell's Kitchen,2023-06-10 18:00:00,Coffee,2.2970223700367813
Hell's Kitchen,2023-06-10 18:00:00,Coffee beans,2.2970223700367813
Hell's Kitchen,2023-06-10 18:00:00,Drinking Chocolate,2.2970223700367813
Hell's Kitchen,2023-06-10 18:00:00,Flavours,2.2970223700367813
Hell's Kitchen,2023-06-10 18:00:00,Tea,2.2970223700367813
Hell's Kitchen,2023-06-10 19:00:00,Bakery,4.064294514627649
Hell's Kitchen,2023-06-10 19:00:00,Coffee,4.064294514627649
Hell's Kitchen,2023-06-10 19:00:00,Coffee beans,4.064294514627649
Hell's Kitchen,2023-06-10 19:00:00,Drinking Chocolate,4.064294514627649
Hell's Kitchen,2023-06-10 19:00:00,Flavours,4.064294514627649
Hell's Kitchen,2023-06-10 19:00:00,Tea,4.064294514627649
Hell's Kitchen,2023-06-11 06:00:00,Bakery,6.758421709180061
Hell's Kitchen,2023-06-11 06:00:00,Coffee,6.758421709180061
Hell's Kitchen,2023-06-11 06:00:00,Coffee beans,6.758421709180061
Hell's Kitchen,2023-06-11 06:00:00,Drinking Chocolate,6.758421709180061
Hell's Kitchen,2023-06-11 06:00:00,Flavours,6.758421709180061
Hell's Kitchen,2023-06-11 06:00:00,Tea,6.758421709180061
Hell's Kitchen,2023-06-11 07:00:00,Bakery,9.433394054629987
Hell's Kitchen,2023-06-11 07:00:00,Coffee,9.433394054629987
Hell's Kitchen,2023-06-11 07:00:00,Coffee beans,9.433394054629987
Hell's Kitchen,2023-06-11 07:00:00,Drinking Chocolate,9.433394054629987
Hell's Kitchen,2023-06-11 07:00:00,Flavours,9.433394054629987
Hell's Kitchen,2023-06-11 07:00:00,Tea,9.433394054629987
Hell's Kitchen,2023-06-11 08:00:00,Bakery,8.64050657464609
Hell's Kitchen,2023-06-11 08:00:00,Coffee,8.64050657464609
Hell's Kitchen,2023-06-11 08:00:00,Coffee beans,8.64050657464609
Hell's Kitchen,2023-06-11 08:00:00,Drinking Chocolate,8.64050657464609
Hell's Kitchen,2023-06-11 08:00:00,Flavours,8.64050657464609
Hell's Kitchen,2023-06-11 08:00:00,Tea,8.64050657464609
Hell's Kitchen,2023-06-11 09:00:00,Bakery,11.08620156620615
Hell's Kitchen,2023-06-11 09:00:00,Coffee,11.08620156620615
Hell's Kitchen,2023-06-11 09:00:00,Coffee beans,11.08620156620615
Hell's Kitchen,2023-06-11 09:00:00,Drinking Chocolate,11.08620156620615
Hell's Kitchen,2023-06-11 09:00:00,Flavours,11.08620156620615
Hell's Kitchen,2023-06-11 09:00:00,Tea,11.08620156620615
Hell's Kitchen,2023-06-11 10:00:00,Bakery,3.991864783168272
Hell's Kitchen,2023-06-11 10:00:00,Coffee,3.991864783168272
Hell's Kitchen,2023-06-11 10:00:00,Coffee beans,3.991864783168272
Hell's Kitchen,2023-06-11 10:00:00,Drinking Chocolate,3.991864783168272
Hell's Kitchen,2023-06-11 10:00:00,Flavours,3.991864783168272
Hell's Kitchen,2023-06-11 10:00:00,Tea,3.991864783168272
Hell's Kitchen,2023-06-11 11:00:00,Bakery,2.4450604112305148
Hell's Kitchen,2023-06-11 11:00:00,Coffee,2.4450604112305148
Hell's Kitchen,2023-06-11 11:00:00,Coffee beans,2.4450604112305148
Hell's Kitchen,2023-06-11 11:00:00,Drinking Chocolate,2.4450604112305148
Hell's Kitchen,2023-06-11 11:00:00,Flavours,2.4450604112305148
Hell's Kitchen,2023-06-11 11:00:00,Tea,2.4450604112305148
Hell's Kitchen,2023-06-11 12:00:00,Bakery,1.9664489429247785
Hell's Kitchen,2023-06-11 12:00:00,Coffee,1.9664489429247785
Hell's Kitchen,2023-06-11 12:00:00,Coffee beans,1.9664489429247785
Hell's Kitchen,2023-06-11 12:00:00,Drinking Chocolate,1.9664489429247785
Hell's Kitchen,2023-06-11 12:00:00,Flavours,1.9664489429247785
Hell's Kitchen,2023-06-11 12:00:00,Tea,1.9664489429247785
Hell's Kitchen,2023-06-11 13:00:00,Bakery,2.237794476736008
Hell's Kitchen,2023-06-11 13:00:00,Coffee,2.237794476736008
Hell's Kitchen,2023-06-11 13:00:00,Coffee beans,2.237794476736008
Hell's Kitchen,2023-06-11 13:00:00,Drinking Chocolate,2.237794476736008
Hell's Kitchen,2023-06-11 13:00:00,Flavours,2.237794476736008
Hell's Kitchen,2023-06-11 13:00:00,Tea,2.237794476736008
Hell's Kitchen,2023-06-11 14:00:00,Bakery,2.191984741334449
Hell's Kitchen,2023-06-11 14:00:00,Coffee,2.191984741334449
Hell's Kitchen,2023-06-11 14:00:00,Coffee beans,2.191984741334449
Hell's Kitchen,2023-06-11 14:00:00,Drinking Chocolate,2.191984741334449
Hell's Kitchen,2023-06-11 14:00:00,Flavours,2.191984741334449
Hell's Kitchen,2023-06-11 14:00:00,Tea,2.191984741334449
Hell's Kitchen,2023-06-11 15:00:00,Bakery,2.5230727935278874
Hell's Kitchen,2023-06-11 15:00:00,Coffee,2.5230727935278874
Hell's Kitchen,2023-06-11 15:00:00,Coffee beans,2.5230727935278874
Hell's Kitchen,2023-06-11 15:00:00,Drinking Chocolate,2.5230727935278874
Hell's Kitchen,2023-06-11 15:00:00,Flavours,2.5230727935278874
Hell's Kitchen,2023-06-11 15:00:00,Tea,2.5230727935278874
Hell's Kitchen,2023-06-11 16:00:00,Bakery,2.1939926350201517
Hell's Kitchen,2023-06-11 16:00:00,Coffee,2.1939926350201517
Hell's Kitchen,2023-06-11 16:00:00,Coffee beans,2.1939926350201517
Hell's Kitchen,2023-06-11 16:00:00,Drinking Chocolate,2.1939926350201517
Hell's Kitchen,2023-06-11 16:00:00,Flavours,2.1939926350201517
Hell's Kitchen,2023-06-11 16:00:00,Tea,2.1939926350201517
Hell's Kitchen,2023-06-11 17:00:00,Bakery,1.933035526593997
Hell's Kitchen,2023-06-11 17:00:00,Coffee,1.933035526593997
Hell's Kitchen,2023-06-11 17:00:00,Coffee beans,1.933035526593997
Hell's Kitchen,2023-06-11 17:00:00,Drinking Chocolate,1.933035526593997
Hell's Kitchen,2023-06-11 17:00:00,Flavours,1.933035526593997
Hell's Kitchen,2023-06-11 17:00:00,Tea,1.933035526593997
Hell's Kitchen,2023-06-11 18:00:00,Bakery,1.8133881168098025
Hell's Kitchen,2023-06-11 18:00:00,Coffee,1.8133881168098025
Hell's Kitchen,2023-06-11 18:00:00,Coffee beans,1.8133881168098025
Hell's Kitchen,2023-06-11 18:00:00,Drinking Chocolate,1.8133881168098025
Hell's Kitchen,2023-06-11 18:00:00,Flavours,1.8133881168098025
Hell's Kitchen,2023-06-11 18:00:00,Tea,1.8133881168098025
Hell's Kitchen,2023-06-11 19:00:00,Bakery,5.124723295284993
Hell's Kitchen,2023-06-11 19:00:00,Coffee,5.124723295284993
Hell's Kitchen,2023-06-11 19:00:00,Coffee beans,5.124723295284993
Hell's Kitchen,2023-06-11 19:00:00,Drinking Chocolate,5.124723295284993
Hell's Kitchen,2023-06-11 19:00:00,Flavours,5.124723295284993
Hell's Kitchen,2023-06-11 19:00:00,Tea,5.124723295284993
Hell's Kitchen,2023-06-12 06:00:00,Bakery,8.480197932128222
Hell's Kitchen,2023-06-12 06:00:00,Coffee,8.480197932128222
Hell's Kitchen,2023-06-12 06:00:00,Coffee beans,8.480197932128222
Hell's Kitchen,2023-06-12 06:00:00,Drinking Chocolate,8.480197932128222
Hell's Kitchen,2023-06-12 06:00:00,Flavours,8.480197932128222
Hell's Kitchen,2023-06-12 06:00:00,Tea,8.480197932128222
Hell's Kitchen,2023-06-12 07:00:00,Bakery,9.5182407863758
Hell's Kitchen,2023-06-12 07:00:00,Coffee,9.5182407863758
Hell's Kitchen,2023-06-12 07:00:00,Coffee beans,9.5182407863758
Hell's Kitchen,2023-06-12 07:00:00,Drinking Chocolate,9.5182407863758
Hell's Kitchen,2023-06-12 07:00:00,Flavours,9.5182407863758
Hell's Kitchen,2023-06-12 07:00:00,Tea,9.5182407863758
Hell's Kitchen,2023-06-12 08:00:00,Bakery,8.70223538233496
Hell's Kitchen,2023-06-12 08:00:00,Coffee,8.70223538233496
Hell's Kitchen,2023-06-12 08:00:00,Coffee beans,8.70223538233496
Hell's Kitchen,2023-06-12 08:00:00,Drinking Chocolate,8.70223538233496
Hell's Kitchen,2023-06-12 08:00:00,Flavours,8.70223538233496
Hell's Kitchen,2023-06-12 08:00:00,Tea,8.70223538233496
Hell's Kitchen,2023-06-12 09:00:00,Bakery,9.122704001103848
Hell's Kitchen,2023-06-12 09:00:00,Coffee,9.122704001103848
Hell's Kitchen,2023-06-12 09:00:00,Coffee beans,9.122704001103848
Hell's Kitchen,2023-06-12 09:00:00,Drinking Chocolate,9.122704001103848
Hell's Kitchen,2023-06-12 09:00:00,Flavours,9.122704001103848
Hell's Kitchen,2023-06-12 09:00:00,Tea,9.122704001103848
Hell's Kitchen,2023-06-12 10:00:00,Bakery,5.504683150578496
Hell's Kitchen,2023-06-12 10:00:00,Coffee,5.504683150578496
Hell's Kitchen,2023-06-12 10:00:00,Coffee beans,5.504683150578496
Hell's Kitchen,2023-06-12 10:00:00,Drinking Chocolate,5.504683150578496
Hell's Kitchen,2023-06-12 10:00:00,Flavours,5.504683150578496
Hell's Kitchen,2023-06-12 10:00:00,Tea,5.504683150578496
Hell's Kitchen,2023-06-12 11:00:00,Bakery,2.1412179387084382
Hell's Kitchen,2023-06-12 11:00:00,Coffee,2.1412179387084382
Hell's Kitchen,2023-06-12 11:00:00,Coffee beans,2.1412179387084382
Hell's Kitchen,2023-06-12 11:00:00,Drinking Chocolate,2.1412179387084382
Hell's Kitchen,2023-06-12 11:00:00,Flavours,2.1412179387084382
Hell's Kitchen,2023-06-12 11:00:00,Tea,2.1412179387084382
Hell's Kitchen,2023-06-12 12:00:00,Bakery,2.8635721190593344
Hell's Kitchen,2023-06-12 12:00:00,Coffee,2.8635721190593344
Hell's Kitchen,2023-06-12 12:00:00,Coffee beans,2.8635721190593344
Hell's Kitchen,2023-06-12 12:00:00,Drinking Chocolate,2.8635721190593344
Hell's Kitchen,2023-06-12 12:00:00,Flavours,2.8635721190593344
Hell's Kitchen,2023-06-12 12:00:00,Tea,2.8635721190593344
Hell's Kitchen,2023-06-12 13:00:00,Bakery,2.6302949953841597
Hell's Kitchen,2023-06-12 13:00:00,Coffee,2.6302949953841597
Hell's Kitchen,2023-06-12 13:00:00,Coffee beans,2.6302949953841597
Hell's Kitchen,2023-06-12 13:00:00,Drinking Chocolate,2.6302949953841597
Hell's Kitchen,2023-06-12 13:00:00,Flavours,2.6302949953841597
Hell's Kitchen,2023-06-12 13:00:00,Tea,2.6302949953841597
Hell's Kitchen,2023-06-12 14:00:00,Bakery,2.268576930696933
Hell's Kitchen,2023-06-12 14:00:00,Coffee,2.268576930696933
Hell's Kitchen,2023-06-12 14:00:00,Coffee beans,2.268576930696933
Hell's Kitchen,2023-06-12 14:00:00,Drinking Chocolate,2.268576930696933
Hell's Kitchen,2023-06-12 14:00:00,Flavours,2.268576930696933
Hell's Kitchen,2023-06-12 14:00:00,Tea,2.268576930696933
Hell's Kitchen,2023-06-12 15:00:00,Bakery,2.3550543564303306
Hell's Kitchen,2023-06-12 15:00:00,Coffee,2.3550543564303306
Hell's Kitchen,2023-06-12 15:00:00,Coffee beans,2.3550543564303306
Hell's Kitchen,2023-06-12 15:00:00,Drinking Chocolate,2.3550543564303306
Hell's Kitchen,2023-06-12 15:00:00,Flavours,2.3550543564303306
Hell's Kitchen,2023-06-12 15:00:00,Tea,2.3550543564303306
Hell's Kitchen,2023-06-12 16:00:00,Bakery,2.608364260838779
Hell's Kitchen,2023-06-12 16:00:00,Coffee,2.608364260838779
Hell's Kitchen,2023-06-12 16:00:00,Coffee beans,2.608364260838779
Hell's Kitchen,2023-06-12 16:00:00,Drinking Chocolate,2.608364260838779
Hell's Kitchen,2023-06-12 16:00:00,Flavours,2.608364260838779
Hell's Kitchen,2023-06-12 16:00:00,Tea,2.608364260838779
Hell's Kitchen,2023-06-12 17:00:00,Bakery,2.5955841259399364
Hell's Kitchen,2023-06-12 17:00:00,Coffee,2.5955841259399364
Hell's Kitchen,2023-06-12 17:00:00,Coffee beans,2.5955841259399364
Hell's Kitchen,2023-06-12 17:00:00,Drinking Chocolate,2.5955841259399364
Hell's Kitchen,2023-06-12 17:00:00,Flavours,2.5955841259399364
Hell's Kitchen,2023-06-12 17:00:00,Tea,2.5955841259399364
Hell's Kitchen,2023-06-12 18:00:00,Bakery,2.2478204051882353
Hell's Kitchen,2023-06-12 18:00:00,Coffee,2.2478204051882353
Hell's Kitchen,2023-06-12 18:00:00,Coffee beans,2.2478204051882353
Hell's Kitchen,2023-06-12 18:00:00,Drinking Chocolate,2.2478204051882353
Hell's Kitchen,2023-06-12 18:00:00,Flavours,2.2478204051882353
Hell's Kitchen,2023-06-12 18:00:00,Tea,2.2478204051882353
Hell's Kitchen,2023-06-12 19:00:00,Bakery,5.315439300299778
Hell's Kitchen,2023-06-12 19:00:00,Coffee,5.315439300299778
Hell's Kitchen,2023-06-12 19:00:00,Coffee beans,5.315439300299778
Hell's Kitchen,2023-06-12 19:00:00,Drinking Chocolate,5.315439300299778
Hell's Kitchen,2023-06-12 19:00:00,Flavours,5.315439300299778
Hell's Kitchen,2023-06-12 19:00:00,Tea,5.315439300299778
Hell's Kitchen,2023-06-13 08:00:00,Bakery,10.496311161912923
Hell's Kitchen,2023-06-13 08:00:00,Coffee,10.496311161912923
Hell's Kitchen,2023-06-13 08:00:00,Coffee beans,10.496311161912923
Hell's Kitchen,2023-06-13 08:00:00,Drinking Chocolate,10.496311161912923
Hell's Kitchen,2023-06-13 08:00:00,Flavours,10.496311161912923
Hell's Kitchen,2023-06-13 08:00:00,Tea,10.496311161912923
Hell's Kitchen,2023-06-13 09:00:00,Bakery,12.050845055310203
Hell's Kitchen,2023-06-13 09:00:00,Coffee,12.050845055310203
Hell's Kitchen,2023-06-13 09:00:00,Coffee beans,12.050845055310203
Hell's Kitchen,2023-06-13 09:00:00,Drinking Chocolate,12.050845055310203
Hell's Kitchen,2023-06-13 09:00:00,Flavours,12.050845055310203
Hell's Kitchen,2023-06-13 09:00:00,Tea,12.050845055310203
Hell's Kitchen,2023-06-13 10:00:00,Bakery,4.978196860455976
Hell's Kitchen,2023-06-13 10:00:00,Coffee,4.978196860455976
Hell's Kitchen,2023-06-13 10:00:00,Coffee beans,4.978196860455976
Hell's Kitchen,2023-06-13 10:00:00,Drinking Chocolate,4.978196860455976
Hell's Kitchen,2023-06-13 10:00:00,Flavours,4.978196860455976
Hell's Kitchen,2023-06-13 10:00:00,Tea,4.978196860455976
Hell's Kitchen,2023-06-13 11:00:00,Bakery,2.5470124065313517
Hell's Kitchen,2023-06-13 11:00:00,Coffee,2.5470124065313517
Hell's Kitchen,2023-06-13 11:00:00,Coffee beans,2.5470124065313517
Hell's Kitchen,2023-06-13 11:00:00,Drinking Chocolate,2.5470124065313517
Hell's Kitchen,2023-06-13 11:00:00,Flavours,2.5470124065313517
Hell's Kitchen,2023-06-13 11:00:00,Tea,2.5470124065313517
Hell's Kitchen,2023-06-13 12:00:00,Bakery,2.7900752677179104
Hell's Kitchen,2023-06-13 12:00:00,Coffee,2.7900752677179104
Hell's Kitchen,2023-06-13 12:00:00,Coffee beans,2.7900752677179104
Hell's Kitchen,2023-06-13 12:00:00,Drinking Chocolate,2.7900752677179104
Hell's Kitchen,2023-06-13 12:00:00,Flavours,2.7900752677179104
Hell's Kitchen,2023-06-13 12:00:00,Tea,2.7900752677179104
Hell's Kitchen,2023-06-13 13:00:00,Bakery,2.5581785930716627
Hell's Kitchen,2023-06-13 13:00:00,Coffee,2.5581785930716627
Hell's Kitchen,2023-06-13 13:00:00,Coffee beans,2.5581785930716627
Hell's Kitchen,2023-06-13 13:00:00,Drinking Chocolate,2.5581785930716627
Hell's Kitchen,2023-06-13 13:00:00,Flavours,2.5581785930716627
Hell's Kitchen,2023-06-13 13:00:00,Tea,2.5581785930716627
Hell's Kitchen,2023-06-13 14:00:00,Bakery,2.324055483128374
Hell's Kitchen,2023-06-13 14:00:00,Coffee,2.324055483128374
Hell's Kitchen,2023-06-13 14:00:00,Coffee beans,2.324055483128374
Hell's Kitchen,2023-06-13 14:00:00,Drinking Chocolate,2.324055483128374
Hell's Kitchen,2023-06-13 14:00:00,Flavours,2.324055483128374
Hell's Kitchen,2023-06-13 14:00:00,Tea,2.324055483128374
Hell's Kitchen,2023-06-13 15:00:00,Bakery,2.1747395263344216
Hell's Kitchen,2023-06-13 15:00:00,Coffee,2.1747395263344216
Hell's Kitchen,2023-06-13 15:00:00,Coffee beans,2.1747395263344216
Hell's Kitchen,2023-06-13 15:00:00,Drinking Chocolate,2.1747395263344216
Hell's Kitchen,2023-06-13 15:00:00,Flavours,2.1747395263344216
Hell's Kitchen,2023-06-13 15:00:00,Tea,2.1747395263344216
Hell's Kitchen,2023-06-13 16:00:00,Bakery,2.591337355621333
Hell's Kitchen,2023-06-13 16:00:00,Coffee,2.591337355621333
Hell's Kitchen,2023-06-13 16:00:00,Coffee beans,2.591337355621333
Hell's Kitchen,2023-06-13 16:00:00,Drinking Chocolate,2.591337355621333
Hell's Kitchen,2023-06-13 16:00:00,Flavours,2.591337355621333
Hell's Kitchen,2023-06-13 16:00:00,Tea,2.591337355621333
Hell's Kitchen,2023-06-13 17:00:00,Bakery,3.0612085647979157
Hell's Kitchen,2023-06-13 17:00:00,Coffee,3.0612085647979157
Hell's Kitchen,2023-06-13 17:00:00,Coffee beans,3.0612085647979157
Hell's Kitchen,2023-06-13 17:00:00,Drinking Chocolate,3.0612085647979157
Hell's Kitchen,2023-06-13 17:00:00,Flavours,3.0612085647979157
Hell's Kitchen,2023-06-13 17:00:00,Tea,3.0612085647979157
Hell's Kitchen,2023-06-13 18:00:00,Bakery,1.781846398189779
Hell's Kitchen,2023-06-13 18:00:00,Coffee,1.781846398189779
Hell's Kitchen,2023-06-13 18:00:00,Coffee beans,1.781846398189779
Hell's Kitchen,2023-06-13 18:00:00,Drinking Chocolate,1.781846398189779
Hell's Kitchen,2023-06-13 18:00:00,Flavours,1.781846398189779
Hell's Kitchen,2023-06-13 18:00:00,Tea,1.781846398189779
Hell's Kitchen,2023-06-13 19:00:00,Bakery,3.873050192878395
Hell's Kitchen,2023-06-13 19:00:00,Coffee,3.873050192878395
Hell's Kitchen,2023-06-13 19:00:00,Coffee beans,3.873050192878395
Hell's Kitchen,2023-06-13 19:00:00,Drinking Chocolate,3.873050192878395
Hell's Kitchen,2023-06-13 19:00:00,Flavours,3.873050192878395
Hell's Kitchen,2023-06-13 19:00:00,Tea,3.873050192878395
Hell's Kitchen,2023-06-13 20:00:00,Bakery,5.446046249190575
Hell's Kitchen,2023-06-13 20:00:00,Coffee,5.446046249190575
Hell's Kitchen,2023-06-13 20:00:00,Coffee beans,5.446046249190575
Hell's Kitchen,2023-06-13 20:00:00,Drinking Chocolate,5.446046249190575
Hell's Kitchen,2023-06-13 20:00:00,Flavours,5.446046249190575
Hell's Kitchen,2023-06-13 20:00:00,Tea,5.446046249190575
Hell's Kitchen,2023-06-14 08:00:00,Bakery,10.006992929308229
Hell's Kitchen,2023-06-14 08:00:00,Coffee,10.006992929308229
Hell's Kitchen,2023-06-14 08:00:00,Coffee beans,10.006992929308229
Hell's Kitchen,2023-06-14 08:00:00,Drinking Chocolate,10.006992929308229
Hell's Kitchen,2023-06-14 08:00:00,Flavours,10.006992929308229
Hell's Kitchen,2023-06-14 08:00:00,Tea,10.006992929308229
Hell's Kitchen,2023-06-14 09:00:00,Bakery,11.410909340393365
Hell's Kitchen,2023-06-14 09:00:00,Coffee,11.410909340393365
Hell's Kitchen,2023-06-14 09:00:00,Coffee beans,11.410909340393365
Hell's Kitchen,2023-06-14 09:00:00,Drinking Chocolate,11.410909340393365
Hell's Kitchen,2023-06-14 09:00:00,Flavours,11.410909340393365
Hell's Kitchen,2023-06-14 09:00:00,Tea,11.410909340393365
Hell's Kitchen,2023-06-14 10:00:00,Bakery,4.3898598735661425
Hell's Kitchen,2023-06-14 10:00:00,Coffee,4.3898598735661425
Hell's Kitchen,2023-06-14 10:00:00,Coffee beans,4.3898598735661425
Hell's Kitchen,2023-06-14 10:00:00,Drinking Chocolate,4.3898598735661425
Hell's Kitchen,2023-06-14 10:00:00,Flavours,4.3898598735661425
Hell's Kitchen,2023-06-14 10:00:00,Tea,4.3898598735661425
Hell's Kitchen,2023-06-14 11:00:00,Bakery,2.742008071666835
Hell's Kitchen,2023-06-14 11:00:00,Coffee,2.742008071666835
Hell's Kitchen,2023-06-14 11:00:00,Coffee beans,2.742008071666835
Hell's Kitchen,2023-06-14 11:00:00,Drinking Chocolate,2.742008071666835
Hell's Kitchen,2023-06-14 11:00:00,Flavours,2.742008071666835
Hell's Kitchen,2023-06-14 11:00:00,Tea,2.742008071666835
Hell's Kitchen,2023-06-14 12:00:00,Bakery,2.488571752914716
Hell's Kitchen,2023-06-14 12:00:00,Coffee,2.488571752914716
Hell's Kitchen,2023-06-14 12:00:00,Coffee beans,2.488571752914716
Hell's Kitchen,2023-06-14 12:00:00,Drinking Chocolate,2.488571752914716
Hell's Kitchen,2023-06-14 12:00:00,Flavours,2.488571752914716
Hell's Kitchen,2023-06-14 12:00:00,Tea,2.488571752914716
Hell's Kitchen,2023-06-14 13:00:00,Bakery,2.537858434845593
Hell's Kitchen,2023-06-14 13:00:00,Coffee,2.537858434845593
Hell's Kitchen,2023-06-14 13:00:00,Coffee beans,2.537858434845593
Hell's Kitchen,2023-06-14 13:00:00,Drinking Chocolate,2.537858434845593
Hell's Kitchen,2023-06-14 13:00:00,Flavours,2.537858434845593
Hell's Kitchen,2023-06-14 13:00:00,Tea,2.537858434845593
Hell's Kitchen,2023-06-14 14:00:00,Bakery,2.5128548341961676
Hell's Kitchen,2023-06-14 14:00:00,Coffee,2.5128548341961676
Hell's Kitchen,2023-06-14 14:00:00,Coffee beans,2.5128548341961676
Hell's Kitchen,2023-06-14 14:00:00,Drinking Chocolate,2.5128548341961676
Hell's Kitchen,2023-06-14 14:00:00,Flavours,2.5128548341961676
Hell's Kitchen,2023-06-14 14:00:00,Tea,2.5128548341961676
Hell's Kitchen,2023-06-14 15:00:00,Bakery,2.5971705463884294
Hell's Kitchen,2023-06-14 15:00:00,Coffee,2.5971705463884294
Hell's Kitchen,2023-06-14 15:00:00,Coffee beans,2.5971705463884294
Hell's Kitchen,2023-06-14 15:00:00,Drinking Chocolate,2.5971705463884294
Hell's Kitchen,2023-06-14 15:00:00,Flavours,2.5971705463884294
Hell's Kitchen,2023-06-14 15:00:00,Tea,2.5971705463884294
Hell's Kitchen,2023-06-14 16:00:00,Bakery,2.5634923564432257
Hell's Kitchen,2023-06-14 16:00:00,Coffee,2.5634923564432257
Hell's Kitchen,2023-06-14 16:00:00,Coffee beans,2.5634923564432257
Hell's Kitchen,2023-06-14 16:00:00,Drinking Chocolate,2.5634923564432257
Hell's Kitchen,2023-06-14 16:00:00,Flavours,2.5634923564432257
Hell's Kitchen,2023-06-14 16:00:00,Tea,2.5634923564432257
Hell's Kitchen,2023-06-14 17:00:00,Bakery,2.619655747482507
Hell's Kitchen,2023-06-14 17:00:00,Coffee,2.619655747482507
Hell's Kitchen,2023-06-14 17:00:00,Coffee beans,2.619655747482507
Hell's Kitchen,2023-06-14 17:00:00,Drinking Chocolate,2.619655747482507
Hell's Kitchen,2023-06-14 17:00:00,Flavours,2.619655747482507
Hell's Kitchen,2023-06-14 17:00:00,Tea,2.619655747482507
Hell's Kitchen,2023-06-14 18:00:00,Bakery,2.5558655947893003
Hell's Kitchen,2023-06-14 18:00:00,Coffee,2.5558655947893003
Hell's Kitchen,2023-06-14 18:00:00,Coffee beans,2.5558655947893003
Hell's Kitchen,2023-06-14 18:00:00,Drinking Chocolate,2.5558655947893003
Hell's Kitchen,2023-06-14 18:00:00,Flavours,2.5558655947893003
Hell's Kitchen,2023-06-14 18:00:00,Tea,2.5558655947893003
Hell's Kitchen,2023-06-14 19:00:00,Bakery,4.321102848892927
Hell's Kitchen,2023-06-14 19:00:00,Coffee,4.321102848892927
Hell's Kitchen,2023-06-14 19:00:00,Coffee beans,4.321102848892927
Hell's Kitchen,2023-06-14 19:00:00,Drinking Chocolate,4.321102848892927
Hell's Kitchen,2023-06-14 19:00:00,Flavours,4.321102848892927
Hell's Kitchen,2023-06-14 19:00:00,Tea,4.321102848892927
Hell's Kitchen,2023-06-14 20:00:00,Bakery,4.909596133617581
Hell's Kitchen,2023-06-14 20:00:00,Coffee,4.909596133617581
Hell's Kitchen,2023-06-14 20:00:00,Coffee beans,4.909596133617581
Hell's Kitchen,2023-06-14 20:00:00,Drinking Chocolate,4.909596133617581
Hell's Kitchen,2023-06-14 20:00:00,Flavours,4.909596133617581
Hell's Kitchen,2023-06-14 20:00:00,Tea,4.909596133617581
Hell's Kitchen,2023-06-15 06:00:00,Bakery,7.7957214478041825
Hell's Kitchen,2023-06-15 06:00:00,Coffee,7.7957214478041825
Hell's Kitchen,2023-06-15 06:00:00,Coffee beans,7.7957214478041825
Hell's Kitchen,2023-06-15 06:00:00,Drinking Chocolate,7.7957214478041825
Hell's Kitchen,2023-06-15 06:00:00,Flavours,7.7957214478041825
Hell's Kitchen,2023-06-15 06:00:00,Tea,7.7957214478041825
Hell's Kitchen,2023-06-15 07:00:00,Bakery,7.9711061069029885
Hell's Kitchen,2023-06-15 07:00:00,Coffee,7.9711061069029885
Hell's Kitchen,2023-06-15 07:00:00,Coffee beans,7.9711061069029885
Hell's Kitchen,2023-06-15 07:00:00,Drinking Chocolate,7.9711061069029885
Hell's Kitchen,2023-06-15 07:00:00,Flavours,7.9711061069029885
Hell's Kitchen,2023-06-15 07:00:00,Tea,7.9711061069029885
Hell's Kitchen,2023-06-15 08:00:00,Bakery,10.364460793996578
Hell's Kitchen,2023-06-15 08:00:00,Coffee,10.364460793996578
Hell's Kitchen,2023-06-15 08:00:00,Coffee beans,10.364460793996578
Hell's Kitchen,2023-06-15 08:00:00,Drinking Chocolate,10.364460793996578
Hell's Kitchen,2023-06-15 08:00:00,Flavours,10.364460793996578
Hell's Kitchen,2023-06-15 08:00:00,Tea,10.364460793996578
Hell's Kitchen,2023-06-15 09:00:00,Bakery,9.011517608799087
Hell's Kitchen,2023-06-15 09:00:00,Coffee,9.011517608799087
Hell's Kitchen,2023-06-15 09:00:00,Coffee beans,9.011517608799087
Hell's Kitchen,2023-06-15 09:00:00,Drinking Chocolate,9.011517608799087
Hell's Kitchen,2023-06-15 09:00:00,Flavours,9.011517608799087
Hell's Kitchen,2023-06-15 09:00:00,Tea,9.011517608799087
Hell's Kitchen,2023-06-15 10:00:00,Bakery,3.9842103861209903
Hell's Kitchen,2023-06-15 10:00:00,Coffee,3.9842103861209903
Hell's Kitchen,2023-06-15 10:00:00,Coffee beans,3.9842103861209903
Hell's Kitchen,2023-06-15 10:00:00,Drinking Chocolate,3.9842103861209903
Hell's Kitchen,2023-06-15 10:00:00,Flavours,3.9842103861209903
Hell's Kitchen,2023-06-15 10:00:00,Tea,3.9842103861209903
Hell's Kitchen,2023-06-15 11:00:00,Bakery,1.9662941685232678
Hell's Kitchen,2023-06-15 11:00:00,Coffee,1.9662941685232678
Hell's Kitchen,2023-06-15 11:00:00,Coffee beans,1.9662941685232678
Hell's Kitchen,2023-06-15 11:00:00,Drinking Chocolate,1.9662941685232678
Hell's Kitchen,2023-06-15 11:00:00,Flavours,1.9662941685232678
Hell's Kitchen,2023-06-15 11:00:00,Tea,1.9662941685232678
Hell's Kitchen,2023-06-15 12:00:00,Bakery,1.648416505201312
Hell's Kitchen,2023-06-15 12:00:00,Coffee,1.648416505201312
Hell's Kitchen,2023-06-15 12:00:00,Coffee beans,1.648416505201312
Hell's Kitchen,2023-06-15 12:00:00,Drinking Chocolate,1.648416505201312
Hell's Kitchen,2023-06-15 12:00:00,Flavours,1.648416505201312
Hell's Kitchen,2023-06-15 12:00:00,Tea,1.648416505201312
Hell's Kitchen,2023-06-15 13:00:00,Bakery,2.466395245053763
Hell's Kitchen,2023-06-15 13:00:00,Coffee,2.466395245053763
Hell's Kitchen,2023-06-15 13:00:00,Coffee beans,2.466395245053763
Hell's Kitchen,2023-06-15 13:00:00,Drinking Chocolate,2.466395245053763
Hell's Kitchen,2023-06-15 13:00:00,Flavours,2.466395245053763
Hell's Kitchen,2023-06-15 13:00:00,Tea,2.466395245053763
Hell's Kitchen,2023-06-15 14:00:00,Bakery,2.0432571613323485
Hell's Kitchen,2023-06-15 14:00:00,Coffee,2.0432571613323485
Hell's Kitchen,2023-06-15 14:00:00,Coffee beans,2.0432571613323485
Hell's Kitchen,2023-06-15 14:00:00,Drinking Chocolate,2.0432571613323485
Hell's Kitchen,2023-06-15 14:00:00,Flavours,2.0432571613323485
Hell's Kitchen,2023-06-15 14:00:00,Tea,2.0432571613323485
Hell's Kitchen,2023-06-15 15:00:00,Bakery,2.2258982740885043
Hell's Kitchen,2023-06-15 15:00:00,Coffee,2.2258982740885043
Hell's Kitchen,2023-06-15 15:00:00,Coffee beans,2.2258982740885043
Hell's Kitchen,2023-06-15 15:00:00,Drinking Chocolate,2.2258982740885043
Hell's Kitchen,2023-06-15 15:00:00,Flavours,2.2258982740885043
Hell's Kitchen,2023-06-15 15:00:00,Tea,2.2258982740885043
Hell's Kitchen,2023-06-15 16:00:00,Bakery,2.2103577768277543
Hell's Kitchen,2023-06-15 16:00:00,Coffee,2.2103577768277543
Hell's Kitchen,2023-06-15 16:00:00,Coffee beans,2.2103577768277543
Hell's Kitchen,2023-06-15 16:00:00,Drinking Chocolate,2.2103577768277543
Hell's Kitchen,2023-06-15 16:00:00,Flavours,2.2103577768277543
Hell's Kitchen,2023-06-15 16:00:00,Tea,2.2103577768277543
Hell's Kitchen,2023-06-15 17:00:00,Bakery,1.6628126543140413
Hell's Kitchen,2023-06-15 17:00:00,Coffee,1.6628126543140413
Hell's Kitchen,2023-06-15 17:00:00,Coffee beans,1.6628126543140413
Hell's Kitchen,2023-06-15 17:00:00,Drinking Chocolate,1.6628126543140413
Hell's Kitchen,2023-06-15 17:00:00,Flavours,1.6628126543140413
Hell's Kitchen,2023-06-15 17:00:00,Tea,1.6628126543140413
Hell's Kitchen,2023-06-15 18:00:00,Bakery,2.2773381935893227
Hell's Kitchen,2023-06-15 18:00:00,Coffee,2.2773381935893227
Hell's Kitchen,2023-06-15 18:00:00,Coffee beans,2.2773381935893227
Hell's Kitchen,2023-06-15 18:00:00,Drinking Chocolate,2.2773381935893227
Hell's Kitchen,2023-06-15 18:00:00,Flavours,2.2773381935893227
Hell's Kitchen,2023-06-15 18:00:00,Tea,2.2773381935893227
Hell's Kitchen,2023-06-15 19:00:00,Bakery,4.679323120963571
Hell's Kitchen,2023-06-15 19:00:00,Coffee,4.679323120963571
Hell's Kitchen,2023-06-15 19:00:00,Coffee beans,4.679323120963571
Hell's Kitchen,2023-06-15 19:00:00,Drinking Chocolate,4.679323120963571
Hell's Kitchen,2023-06-15 19:00:00,Flavours,4.679323120963571
Hell's Kitchen,2023-06-15 19:00:00,Tea,4.679323120963571
Hell's Kitchen,2023-06-16 06:00:00,Bakery,6.155109063560893
Hell's Kitchen,2023-06-16 06:00:00,Coffee,6.155109063560893
Hell's Kitchen,2023-06-16 06:00:00,Coffee beans,6.155109063560893
Hell's Kitchen,2023-06-16 06:00:00,Drinking Chocolate,6.155109063560893
Hell's Kitchen,2023-06-16 06:00:00,Flavours,6.155109063560893
Hell's Kitchen,2023-06-16 06:00:00,Tea,6.155109063560893
Hell's Kitchen,2023-06-16 07:00:00,Bakery,8.00354777926573
Hell's Kitchen,2023-06-16 07:00:00,Coffee,8.00354777926573
Hell's Kitchen,2023-06-16 07:00:00,Coffee beans,8.00354777926573
Hell's Kitchen,2023-06-16 07:00:00,Drinking Chocolate,8.00354777926573
Hell's Kitchen,2023-06-16 07:00:00,Flavours,8.00354777926573
Hell's Kitchen,2023-06-16 07:00:00,Tea,8.00354777926573
Hell's Kitchen,2023-06-16 08:00:00,Bakery,9.412317304014735
Hell's Kitchen,2023-06-16 08:00:00,Coffee,9.412317304014735
Hell's Kitchen,2023-06-16 08:00:00,Coffee beans,9.412317304014735
Hell's Kitchen,2023-06-16 08:00:00,Drinking Chocolate,9.412317304014735
Hell's Kitchen,2023-06-16 08:00:00,Flavours,9.412317304014735
Hell's Kitchen,2023-06-16 08:00:00,Tea,9.412317304014735
Hell's Kitchen,2023-06-16 09:00:00,Bakery,8.952535413543993
Hell's Kitchen,2023-06-16 09:00:00,Coffee,8.952535413543993
Hell's Kitchen,2023-06-16 09:00:00,Coffee beans,8.952535413543993
Hell's Kitchen,2023-06-16 09:00:00,Drinking Chocolate,8.952535413543993
Hell's Kitchen,2023-06-16 09:00:00,Flavours,8.952535413543993
Hell's Kitchen,2023-06-16 09:00:00,Tea,8.952535413543993
Hell's Kitchen,2023-06-16 10:00:00,Bakery,4.1723115877869015
Hell's Kitchen,2023-06-16 10:00:00,Coffee,4.1723115877869015
Hell's Kitchen,2023-06-16 10:00:00,Coffee beans,4.1723115877869015
Hell's Kitchen,2023-06-16 10:00:00,Drinking Chocolate,4.1723115877869015
Hell's Kitchen,2023-06-16 10:00:00,Flavours,4.1723115877869015
Hell's Kitchen,2023-06-16 10:00:00,Tea,4.1723115877869015
Hell's Kitchen,2023-06-16 11:00:00,Bakery,3.0904284004590306
Hell's Kitchen,2023-06-16 11:00:00,Coffee,3.0904284004590306
Hell's Kitchen,2023-06-16 11:00:00,Coffee beans,3.0904284004590306
Hell's Kitchen,2023-06-16 11:00:00,Drinking Chocolate,3.0904284004590306
Hell's Kitchen,2023-06-16 11:00:00,Flavours,3.0904284004590306
Hell's Kitchen,2023-06-16 11:00:00,Tea,3.0904284004590306
Hell's Kitchen,2023-06-16 12:00:00,Bakery,2.0782316420962164
Hell's Kitchen,2023-06-16 12:00:00,Coffee,2.0782316420962164
Hell's Kitchen,2023-06-16 12:00:00,Coffee beans,2.0782316420962164
Hell's Kitchen,2023-06-16 12:00:00,Drinking Chocolate,2.0782316420962164
Hell's Kitchen,2023-06-16 12:00:00,Flavours,2.0782316420962164
Hell's Kitchen,2023-06-16 12:00:00,Tea,2.0782316420962164
Hell's Kitchen,2023-06-16 13:00:00,Bakery,2.2713758619966478
Hell's Kitchen,2023-06-16 13:00:00,Coffee,2.2713758619966478
Hell's Kitchen,2023-06-16 13:00:00,Coffee beans,2.2713758619966478
Hell's Kitchen,2023-06-16 13:00:00,Drinking Chocolate,2.2713758619966478
Hell's Kitchen,2023-06-16 13:00:00,Flavours,2.2713758619966478
Hell's Kitchen,2023-06-16 13:00:00,Tea,2.2713758619966478
Hell's Kitchen,2023-06-16 14:00:00,Bakery,2.193373523336949
Hell's Kitchen,2023-06-16 14:00:00,Coffee,2.193373523336949
Hell's Kitchen,2023-06-16 14:00:00,Coffee beans,2.193373523336949
Hell's Kitchen,2023-06-16 14:00:00,Drinking Chocolate,2.193373523336949
Hell's Kitchen,2023-06-16 14:00:00,Flavours,2.193373523336949
Hell's Kitchen,2023-06-16 14:00:00,Tea,2.193373523336949
Hell's Kitchen,2023-06-16 15:00:00,Bakery,2.3859591624316727
Hell's Kitchen,2023-06-16 15:00:00,Coffee,2.3859591624316727
Hell's Kitchen,2023-06-16 15:00:00,Coffee beans,2.3859591624316727
Hell's Kitchen,2023-06-16 15:00:00,Drinking Chocolate,2.3859591624316727
Hell's Kitchen,2023-06-16 15:00:00,Flavours,2.3859591624316727
Hell's Kitchen,2023-06-16 15:00:00,Tea,2.3859591624316727
Hell's Kitchen,2023-06-16 16:00:00,Bakery,1.9499390507866285
Hell's Kitchen,2023-06-16 16:00:00,Coffee,1.9499390507866285
Hell's Kitchen,2023-06-16 16:00:00,Coffee beans,1.9499390507866285
Hell's Kitchen,2023-06-16 16:00:00,Drinking Chocolate,1.9499390507866285
Hell's Kitchen,2023-06-16 16:00:00,Flavours,1.9499390507866285
Hell's Kitchen,2023-06-16 16:00:00,Tea,1.9499390507866285
Hell's Kitchen,2023-06-16 17:00:00,Bakery,1.7419386303484947
Hell's Kitchen,2023-06-16 17:00:00,Coffee,1.7419386303484947
Hell's Kitchen,2023-06-16 17:00:00,Coffee beans,1.7419386303484947
Hell's Kitchen,2023-06-16 17:00:00,Drinking Chocolate,1.7419386303484947
Hell's Kitchen,2023-06-16 17:00:00,Flavours,1.7419386303484947
Hell's Kitchen,2023-06-16 17:00:00,Tea,1.7419386303484947
Hell's Kitchen,2023-06-16 18:00:00,Bakery,1.8338956870327594
Hell's Kitchen,2023-06-16 18:00:00,Coffee,1.8338956870327594
Hell's Kitchen,2023-06-16 18:00:00,Coffee beans,1.8338956870327594
Hell's Kitchen,2023-06-16 18:00:00,Drinking Chocolate,1.8338956870327594
Hell's Kitchen,2023-06-16 18:00:00,Flavours,1.8338956870327594
Hell's Kitchen,2023-06-16 18:00:00,Tea,1.8338956870327594
Hell's Kitchen,2023-06-16 19:00:00,Bakery,5.031747090220491
Hell's Kitchen,2023-06-16 19:00:00,Coffee,5.031747090220491
Hell's Kitchen,2023-06-16 19:00:00,Coffee beans,5.031747090220491
Hell's Kitchen,2023-06-16 19:00:00,Drinking Chocolate,5.031747090220491
Hell's Kitchen,2023-06-16 19:00:00,Flavours,5.031747090220491
Hell's Kitchen,2023-06-16 19:00:00,Tea,5.031747090220491
Hell's Kitchen,2023-06-17 06:00:00,Bakery,6.777878730505692
Hell's Kitchen,2023-06-17 06:00:00,Coffee,6.777878730505692
Hell's Kitchen,2023-06-17 06:00:00,Coffee beans,6.777878730505692
Hell's Kitchen,2023-06-17 06:00:00,Drinking Chocolate,6.777878730505692
Hell's Kitchen,2023-06-17 06:00:00,Flavours,6.777878730505692
Hell's Kitchen,2023-06-17 06:00:00,Tea,6.777878730505692
Hell's Kitchen,2023-06-17 07:00:00,Bakery,7.646380994725101
Hell's Kitchen,2023-06-17 07:00:00,Coffee,7.646380994725101
Hell's Kitchen,2023-06-17 07:00:00,Coffee beans,7.646380994725101
Hell's Kitchen,2023-06-17 07:00:00,Drinking Chocolate,7.646380994725101
Hell's Kitchen,2023-06-17 07:00:00,Flavours,7.646380994725101
Hell's Kitchen,2023-06-17 07:00:00,Tea,7.646380994725101
Hell's Kitchen,2023-06-17 08:00:00,Bakery,7.225676500478811
Hell's Kitchen,2023-06-17 08:00:00,Coffee,7.225676500478811
Hell's Kitchen,2023-06-17 08:00:00,Coffee beans,7.225676500478811
Hell's Kitchen,2023-06-17 08:00:00,Drinking Chocolate,7.225676500478811
Hell's Kitchen,2023-06-17 08:00:00,Flavours,7.225676500478811
Hell's Kitchen,2023-06-17 08:00:00,Tea,7.225676500478811
Hell's Kitchen,2023-06-17 09:00:00,Bakery,7.896761776886283
Hell's Kitchen,2023-06-17 09:00:00,Coffee,7.896761776886283
Hell's Kitchen,2023-06-17 09:00:00,Coffee beans,7.896761776886283
Hell's Kitchen,2023-06-17 09:00:00,Drinking Chocolate,7.896761776886283
Hell's Kitchen,2023-06-17 09:00:00,Flavours,7.896761776886283
Hell's Kitchen,2023-06-17 09:00:00,Tea,7.896761776886283
Hell's Kitchen,2023-06-17 10:00:00,Bakery,4.769881552721036
Hell's Kitchen,2023-06-17 10:00:00,Coffee,4.769881552721036
Hell's Kitchen,2023-06-17 10:00:00,Coffee beans,4.769881552721036
Hell's Kitchen,2023-06-17 10:00:00,Drinking Chocolate,4.769881552721036
Hell's Kitchen,2023-06-17 10:00:00,Flavours,4.769881552721036
Hell's Kitchen,2023-06-17 10:00:00,Tea,4.769881552721036
Hell's Kitchen,2023-06-17 11:00:00,Bakery,2.564249063680861
Hell's Kitchen,2023-06-17 11:00:00,Coffee,2.564249063680861
Hell's Kitchen,2023-06-17 11:00:00,Coffee beans,2.564249063680861
Hell's Kitchen,2023-06-17 11:00:00,Drinking Chocolate,2.564249063680861
Hell's Kitchen,2023-06-17 11:00:00,Flavours,2.564249063680861
Hell's Kitchen,2023-06-17 11:00:00,Tea,2.564249063680861
Hell's Kitchen,2023-06-17 12:00:00,Bakery,2.7238221813429098
Hell's Kitchen,2023-06-17 12:00:00,Coffee,2.7238221813429098
Hell's Kitchen,2023-06-17 12:00:00,Coffee beans,2.7238221813429098
Hell's Kitchen,2023-06-17 12:00:00,Drinking Chocolate,2.7238221813429098
Hell's Kitchen,2023-06-17 12:00:00,Flavours,2.7238221813429098
Hell's Kitchen,2023-06-17 12:00:00,Tea,2.7238221813429098
Hell's Kitchen,2023-06-17 13:00:00,Bakery,2.3923432452695557
Hell's Kitchen,2023-06-17 13:00:00,Coffee,2.3923432452695557
Hell's Kitchen,2023-06-17 13:00:00,Coffee beans,2.3923432452695557
Hell's Kitchen,2023-06-17 13:00:00,Drinking Chocolate,2.3923432452695557
Hell's Kitchen,2023-06-17 13:00:00,Flavours,2.3923432452695557
Hell's Kitchen,2023-06-17 13:00:00,Tea,2.3923432452695557
Hell's Kitchen,2023-06-17 14:00:00,Bakery,1.9783270179096262
Hell's Kitchen,2023-06-17 14:00:00,Coffee,1.9783270179096262
Hell's Kitchen,2023-06-17 14:00:00,Coffee beans,1.9783270179096262
Hell's Kitchen,2023-06-17 14:00:00,Drinking Chocolate,1.9783270179096262
Hell's Kitchen,2023-06-17 14:00:00,Flavours,1.9783270179096262
Hell's Kitchen,2023-06-17 14:00:00,Tea,1.9783270179096262
Hell's Kitchen,2023-06-17 15:00:00,Bakery,2.0289386846731707
Hell's Kitchen,2023-06-17 15:00:00,Coffee,2.0289386846731707
Hell's Kitchen,2023-06-17 15:00:00,Coffee beans,2.0289386846731707
Hell's Kitchen,2023-06-17 15:00:00,Drinking Chocolate,2.0289386846731707
Hell's Kitchen,2023-06-17 15:00:00,Flavours,2.0289386846731707
Hell's Kitchen,2023-06-17 15:00:00,Tea,2.0289386846731707
Hell's Kitchen,2023-06-17 16:00:00,Bakery,2.141551869610922
Hell's Kitchen,2023-06-17 16:00:00,Coffee,2.141551869610922
Hell's Kitchen,2023-06-17 16:00:00,Coffee beans,2.141551869610922
Hell's Kitchen,2023-06-17 16:00:00,Drinking Chocolate,2.141551869610922
Hell's Kitchen,2023-06-17 16:00:00,Flavours,2.141551869610922
Hell's Kitchen,2023-06-17 16:00:00,Tea,2.141551869610922
Hell's Kitchen,2023-06-17 17:00:00,Bakery,2.3187865378583354
Hell's Kitchen,2023-06-17 17:00:00,Coffee,2.3187865378583354
Hell's Kitchen,2023-06-17 17:00:00,Coffee beans,2.3187865378583354
Hell's Kitchen,2023-06-17 17:00:00,Drinking Chocolate,2.3187865378583354
Hell's Kitchen,2023-06-17 17:00:00,Flavours,2.3187865378583354
Hell's Kitchen,2023-06-17 17:00:00,Tea,2.3187865378583354
Hell's Kitchen,2023-06-17 18:00:00,Bakery,1.7218972522251021
Hell's Kitchen,2023-06-17 18:00:00,Coffee,1.7218972522251021
Hell's Kitchen,2023-06-17 18:00:00,Coffee beans,1.7218972522251021
Hell's Kitchen,2023-06-17 18:00:00,Drinking Chocolate,1.7218972522251021
Hell's Kitchen,2023-06-17 18:00:00,Flavours,1.7218972522251021
Hell's Kitchen,2023-06-17 18:00:00,Tea,1.7218972522251021
Hell's Kitchen,2023-06-17 19:00:00,Bakery,4.926280556169987
Hell's Kitchen,2023-06-17 19:00:00,Coffee,4.926280556169987
Hell's Kitchen,2023-06-17 19:00:00,Coffee beans,4.926280556169987
Hell's Kitchen,2023-06-17 19:00:00,Drinking Chocolate,4.926280556169987
Hell's Kitchen,2023-06-17 19:00:00,Flavours,4.926280556169987
Hell's Kitchen,2023-06-17 19:00:00,Tea,4.926280556169987
Hell's Kitchen,2023-06-18 06:00:00,Bakery,8.662207423277351
Hell's Kitchen,2023-06-18 06:00:00,Coffee,8.662207423277351
Hell's Kitchen,2023-06-18 06:00:00,Coffee beans,8.662207423277351
Hell's Kitchen,2023-06-18 06:00:00,Drinking Chocolate,8.662207423277351
Hell's Kitchen,2023-06-18 06:00:00,Flavours,8.662207423277351
Hell's Kitchen,2023-06-18 06:00:00,Tea,8.662207423277351
Hell's Kitchen,2023-06-18 07:00:00,Bakery,8.164585070147966
Hell's Kitchen,2023-06-18 07:00:00,Coffee,8.164585070147966
Hell's Kitchen,2023-06-18 07:00:00,Coffee beans,8.164585070147966
Hell's Kitchen,2023-06-18 07:00:00,Drinking Chocolate,8.164585070147966
Hell's Kitchen,2023-06-18 07:00:00,Flavours,8.164585070147966
Hell's Kitchen,2023-06-18 07:00:00,Tea,8.164585070147966
Hell's Kitchen,2023-06-18 08:00:00,Bakery,9.91147018471403
Hell's Kitchen,2023-06-18 08:00:00,Coffee,9.91147018471403
Hell's Kitchen,2023-06-18 08:00:00,Coffee beans,9.91147018471403
Hell's Kitchen,2023-06-18 08:00:00,Drinking Chocolate,9.91147018471403
Hell's Kitchen,2023-06-18 08:00:00,Flavours,9.91147018471403
Hell's Kitchen,2023-06-18 08:00:00,Tea,9.91147018471403
Hell's Kitchen,2023-06-18 09:00:00,Bakery,9.729583415843827
Hell's Kitchen,2023-06-18 09:00:00,Coffee,9.729583415843827
Hell's Kitchen,2023-06-18 09:00:00,Coffee beans,9.729583415843827
Hell's Kitchen,2023-06-18 09:00:00,Drinking Chocolate,9.729583415843827
Hell's Kitchen,2023-06-18 09:00:00,Flavours,9.729583415843827
Hell's Kitchen,2023-06-18 09:00:00,Tea,9.729583415843827
Hell's Kitchen,2023-06-18 10:00:00,Bakery,4.68157109218228
Hell's Kitchen,2023-06-18 10:00:00,Coffee,4.68157109218228
Hell's Kitchen,2023-06-18 10:00:00,Coffee beans,4.68157109218228
Hell's Kitchen,2023-06-18 10:00:00,Drinking Chocolate,4.68157109218228
Hell's Kitchen,2023-06-18 10:00:00,Flavours,4.68157109218228
Hell's Kitchen,2023-06-18 10:00:00,Tea,4.68157109218228
Hell's Kitchen,2023-06-18 11:00:00,Bakery,2.274094324369728
Hell's Kitchen,2023-06-18 11:00:00,Coffee,2.274094324369728
Hell's Kitchen,2023-06-18 11:00:00,Coffee beans,2.274094324369728
Hell's Kitchen,2023-06-18 11:00:00,Drinking Chocolate,2.274094324369728
Hell's Kitchen,2023-06-18 11:00:00,Flavours,2.274094324369728
Hell's Kitchen,2023-06-18 11:00:00,Tea,2.274094324369728
Hell's Kitchen,2023-06-18 12:00:00,Bakery,1.9576240853204263
Hell's Kitchen,2023-06-18 12:00:00,Coffee,1.9576240853204263
Hell's Kitchen,2023-06-18 12:00:00,Coffee beans,1.9576240853204263
Hell's Kitchen,2023-06-18 12:00:00,Drinking Chocolate,1.9576240853204263
Hell's Kitchen,2023-06-18 12:00:00,Flavours,1.9576240853204263
Hell's Kitchen,2023-06-18 12:00:00,Tea,1.9576240853204263
Hell's Kitchen,2023-06-18 13:00:00,Bakery,2.2449043028886844
Hell's Kitchen,2023-06-18 13:00:00,Coffee,2.2449043028886844
Hell's Kitchen,2023-06-18 13:00:00,Coffee beans,2.2449043028886844
Hell's Kitchen,2023-06-18 13:00:00,Drinking Chocolate,2.2449043028886844
Hell's Kitchen,2023-06-18 13:00:00,Flavours,2.2449043028886844
Hell's Kitchen,2023-06-18 13:00:00,Tea,2.2449043028886844
Hell's Kitchen,2023-06-18 14:00:00,Bakery,2.046661673080877
Hell's Kitchen,2023-06-18 14:00:00,Coffee,2.046661673080877
Hell's Kitchen,2023-06-18 14:00:00,Coffee beans,2.046661673080877
Hell's Kitchen,2023-06-18 14:00:00,Drinking Chocolate,2.046661673080877
Hell's Kitchen,2023-06-18 14:00:00,Flavours,2.046661673080877
Hell's Kitchen,2023-06-18 14:00:00,Tea,2.046661673080877
Hell's Kitchen,2023-06-18 15:00:00,Bakery,2.183335477324515
Hell's Kitchen,2023-06-18 15:00:00,Coffee,2.183335477324515
Hell's Kitchen,2023-06-18 15:00:00,Coffee beans,2.183335477324515
Hell's Kitchen,2023-06-18 15:00:00,Drinking Chocolate,2.183335477324515
Hell's Kitchen,2023-06-18 15:00:00,Flavours,2.183335477324515
Hell's Kitchen,2023-06-18 15:00:00,Tea,2.183335477324515
Hell's Kitchen,2023-06-18 16:00:00,Bakery,2.101959211425469
Hell's Kitchen,2023-06-18 16:00:00,Coffee,2.101959211425469
Hell's Kitchen,2023-06-18 16:00:00,Coffee beans,2.101959211425469
Hell's Kitchen,2023-06-18 16:00:00,Drinking Chocolate,2.101959211425469
Hell's Kitchen,2023-06-18 16:00:00,Flavours,2.101959211425469
Hell's Kitchen,2023-06-18 16:00:00,Tea,2.101959211425469
Hell's Kitchen,2023-06-18 17:00:00,Bakery,2.1876488923145856
Hell's Kitchen,2023-06-18 17:00:00,Coffee,2.1876488923145856
Hell's Kitchen,2023-06-18 17:00:00,Coffee beans,2.1876488923145856
Hell's Kitchen,2023-06-18 17:00:00,Drinking Chocolate,2.1876488923145856
Hell's Kitchen,2023-06-18 17:00:00,Flavours,2.1876488923145856
Hell's Kitchen,2023-06-18 17:00:00,Tea,2.1876488923145856
Hell's Kitchen,2023-06-18 18:00:00,Bakery,2.9801318606119818
Hell's Kitchen,2023-06-18 18:00:00,Coffee,2.9801318606119818
Hell's Kitchen,2023-06-18 18:00:00,Coffee beans,2.9801318606119818
Hell's Kitchen,2023-06-18 18:00:00,Drinking Chocolate,2.9801318606119818
Hell's Kitchen,2023-06-18 18:00:00,Flavours,2.9801318606119818
Hell's Kitchen,2023-06-18 18:00:00,Tea,2.9801318606119818
Hell's Kitchen,2023-06-18 19:00:00,Bakery,4.056955494878087
Hell's Kitchen,2023-06-18 19:00:00,Coffee,4.056955494878087
Hell's Kitchen,2023-06-18 19:00:00,Coffee beans,4.056955494878087
Hell's Kitchen,2023-06-18 19:00:00,Drinking Chocolate,4.056955494878087
Hell's Kitchen,2023-06-18 19:00:00,Flavours,4.056955494878087
Hell's Kitchen,2023-06-18 19:00:00,Tea,4.056955494878087
Hell's Kitchen,2023-06-19 06:00:00,Bakery,8.670722147739259
Hell's Kitchen,2023-06-19 06:00:00,Coffee,8.670722147739259
Hell's Kitchen,2023-06-19 06:00:00,Coffee beans,8.670722147739259
Hell's Kitchen,2023-06-19 06:00:00,Drinking Chocolate,8.670722147739259
Hell's Kitchen,2023-06-19 06:00:00,Flavours,8.670722147739259
Hell's Kitchen,2023-06-19 06:00:00,Tea,8.670722147739259
Hell's Kitchen,2023-06-19 07:00:00,Bakery,10.654351413617501
Hell's Kitchen,2023-06-19 07:00:00,Coffee,10.654351413617501
Hell's Kitchen,2023-06-19 07:00:00,Coffee beans,10.654351413617501
Hell's Kitchen,2023-06-19 07:00:00,Drinking Chocolate,10.654351413617501
Hell's Kitchen,2023-06-19 07:00:00,Flavours,10.654351413617501
Hell's Kitchen,2023-06-19 07:00:00,Tea,10.654351413617501
Hell's Kitchen,2023-06-19 08:00:00,Bakery,10.623383449272248
Hell's Kitchen,2023-06-19 08:00:00,Coffee,10.623383449272248
Hell's Kitchen,2023-06-19 08:00:00,Coffee beans,10.623383449272248
Hell's Kitchen,2023-06-19 08:00:00,Drinking Chocolate,10.623383449272248
Hell's Kitchen,2023-06-19 08:00:00,Flavours,10.623383449272248
Hell's Kitchen,2023-06-19 08:00:00,Tea,10.623383449272248
Hell's Kitchen,2023-06-19 09:00:00,Bakery,11.131476299929476
Hell's Kitchen,2023-06-19 09:00:00,Coffee,11.131476299929476
Hell's Kitchen,2023-06-19 09:00:00,Coffee beans,11.131476299929476
Hell's Kitchen,2023-06-19 09:00:00,Drinking Chocolate,11.131476299929476
Hell's Kitchen,2023-06-19 09:00:00,Flavours,11.131476299929476
Hell's Kitchen,2023-06-19 09:00:00,Tea,11.131476299929476
Hell's Kitchen,2023-06-19 10:00:00,Bakery,4.953093557290096
Hell's Kitchen,2023-06-19 10:00:00,Coffee,4.953093557290096
Hell's Kitchen,2023-06-19 10:00:00,Coffee beans,4.953093557290096
Hell's Kitchen,2023-06-19 10:00:00,Drinking Chocolate,4.953093557290096
Hell's Kitchen,2023-06-19 10:00:00,Flavours,4.953093557290096
Hell's Kitchen,2023-06-19 10:00:00,Tea,4.953093557290096
Hell's Kitchen,2023-06-19 11:00:00,Bakery,2.6402745764432702
Hell's Kitchen,2023-06-19 11:00:00,Coffee,2.6402745764432702
Hell's Kitchen,2023-06-19 11:00:00,Coffee beans,2.6402745764432702
Hell's Kitchen,2023-06-19 11:00:00,Drinking Chocolate,2.6402745764432702
Hell's Kitchen,2023-06-19 11:00:00,Flavours,2.6402745764432702
Hell's Kitchen,2023-06-19 11:00:00,Tea,2.6402745764432702
Hell's Kitchen,2023-06-19 12:00:00,Bakery,2.101659563182008
Hell's Kitchen,2023-06-19 12:00:00,Coffee,2.101659563182008
Hell's Kitchen,2023-06-19 12:00:00,Coffee beans,2.101659563182008
Hell's Kitchen,2023-06-19 12:00:00,Drinking Chocolate,2.101659563182008
Hell's Kitchen,2023-06-19 12:00:00,Flavours,2.101659563182008
Hell's Kitchen,2023-06-19 12:00:00,Tea,2.101659563182008
Hell's Kitchen,2023-06-19 13:00:00,Bakery,2.4853099223569854
Hell's Kitchen,2023-06-19 13:00:00,Coffee,2.4853099223569854
Hell's Kitchen,2023-06-19 13:00:00,Coffee beans,2.4853099223569854
Hell's Kitchen,2023-06-19 13:00:00,Drinking Chocolate,2.4853099223569854
Hell's Kitchen,2023-06-19 13:00:00,Flavours,2.4853099223569854
Hell's Kitchen,2023-06-19 13:00:00,Tea,2.4853099223569854
Hell's Kitchen,2023-06-19 14:00:00,Bakery,2.0190077827431607
Hell's Kitchen,2023-06-19 14:00:00,Coffee,2.0190077827431607
Hell's Kitchen,2023-06-19 14:00:00,Coffee beans,2.0190077827431607
Hell's Kitchen,2023-06-19 14:00:00,Drinking Chocolate,2.0190077827431607
Hell's Kitchen,2023-06-19 14:00:00,Flavours,2.0190077827431607
Hell's Kitchen,2023-06-19 14:00:00,Tea,2.0190077827431607
Hell's Kitchen,2023-06-19 15:00:00,Bakery,2.030869775951352
Hell's Kitchen,2023-06-19 15:00:00,Coffee,2.030869775951352
Hell's Kitchen,2023-06-19 15:00:00,Coffee beans,2.030869775951352
Hell's Kitchen,2023-06-19 15:00:00,Drinking Chocolate,2.030869775951352
Hell's Kitchen,2023-06-19 15:00:00,Flavours,2.030869775951352
Hell's Kitchen,2023-06-19 15:00:00,Tea,2.030869775951352
Hell's Kitchen,2023-06-19 16:00:00,Bakery,2.957013808028033
Hell's Kitchen,2023-06-19 16:00:00,Coffee,2.957013808028033
Hell's Kitchen,2023-06-19 16:00:00,Coffee beans,2.957013808028033
Hell's Kitchen,2023-06-19 16:00:00,Drinking Chocolate,2.957013808028033
Hell's Kitchen,2023-06-19 16:00:00,Flavours,2.957013808028033
Hell's Kitchen,2023-06-19 16:00:00,Tea,2.957013808028033
Hell's Kitchen,2023-06-19 17:00:00,Bakery,2.300606506739792
Hell's Kitchen,2023-06-19 17:00:00,Coffee,2.300606506739792
Hell's Kitchen,2023-06-19 17:00:00,Coffee beans,2.300606506739792
Hell's Kitchen,2023-06-19 17:00:00,Drinking Chocolate,2.300606506739792
Hell's Kitchen,2023-06-19 17:00:00,Flavours,2.300606506739792
Hell's Kitchen,2023-06-19 17:00:00,Tea,2.300606506739792
Hell's Kitchen,2023-06-19 18:00:00,Bakery,1.510276181623952
Hell's Kitchen,2023-06-19 18:00:00,Coffee,1.510276181623952
Hell's Kitchen,2023-06-19 18:00:00,Coffee beans,1.510276181623952
Hell's Kitchen,2023-06-19 18:00:00,Drinking Chocolate,1.510276181623952
Hell's Kitchen,2023-06-19 18:00:00,Flavours,1.510276181623952
Hell's Kitchen,2023-06-19 18:00:00,Tea,1.510276181623952
Hell's Kitchen,2023-06-19 19:00:00,Bakery,5.3177908792109685
Hell's Kitchen,2023-06-19 19:00:00,Coffee,5.3177908792109685
Hell's Kitchen,2023-06-19 19:00:00,Coffee beans,5.3177908792109685
Hell's Kitchen,2023-06-19 19:00:00,Drinking Chocolate,5.3177908792109685
Hell's Kitchen,2023-06-19 19:00:00,Flavours,5.3177908792109685
Hell's Kitchen,2023-06-19 19:00:00,Tea,5.3177908792109685
Hell's Kitchen,2023-06-20 08:00:00,Bakery,10.540215608742237
Hell's Kitchen,2023-06-20 08:00:00,Coffee,10.540215608742237
Hell's Kitchen,2023-06-20 08:00:00,Coffee beans,10.540215608742237
Hell's Kitchen,2023-06-20 08:00:00,Drinking Chocolate,10.540215608742237
Hell's Kitchen,2023-06-20 08:00:00,Flavours,10.540215608742237
Hell's Kitchen,2023-06-20 08:00:00,Tea,10.540215608742237
Hell's Kitchen,2023-06-20 09:00:00,Bakery,11.563798788374037
Hell's Kitchen,2023-06-20 09:00:00,Coffee,11.563798788374037
Hell's Kitchen,2023-06-20 09:00:00,Coffee beans,11.563798788374037
Hell's Kitchen,2023-06-20 09:00:00,Drinking Chocolate,11.563798788374037
Hell's Kitchen,2023-06-20 09:00:00,Flavours,11.563798788374037
Hell's Kitchen,2023-06-20 09:00:00,Tea,11.563798788374037
Hell's Kitchen,2023-06-20 10:00:00,Bakery,4.906341807977257
Hell's Kitchen,2023-06-20 10:00:00,Coffee,4.906341807977257
Hell's Kitchen,2023-06-20 10:00:00,Coffee beans,4.906341807977257
Hell's Kitchen,2023-06-20 10:00:00,Drinking Chocolate,4.906341807977257
Hell's Kitchen,2023-06-20 10:00:00,Flavours,4.906341807977257
Hell's Kitchen,2023-06-20 10:00:00,Tea,4.906341807977257
Hell's Kitchen,2023-06-20 11:00:00,Bakery,3.099605924569584
Hell's Kitchen,2023-06-20 11:00:00,Coffee,3.099605924569584
Hell's Kitchen,2023-06-20 11:00:00,Coffee beans,3.099605924569584
Hell's Kitchen,2023-06-20 11:00:00,Drinking Chocolate,3.099605924569584
Hell's Kitchen,2023-06-20 11:00:00,Flavours,3.099605924569584
Hell's Kitchen,2023-06-20 11:00:00,Tea,3.099605924569584
Hell's Kitchen,2023-06-20 12:00:00,Bakery,2.5491611000666574
Hell's Kitchen,2023-06-20 12:00:00,Coffee,2.5491611000666574
Hell's Kitchen,2023-06-20 12:00:00,Coffee beans,2.5491611000666574
Hell's Kitchen,2023-06-20 12:00:00,Drinking Chocolate,2.5491611000666574
Hell's Kitchen,2023-06-20 12:00:00,Flavours,2.5491611000666574
Hell's Kitchen,2023-06-20 12:00:00,Tea,2.5491611000666574
Hell's Kitchen,2023-06-20 13:00:00,Bakery,2.4886773681155434
Hell's Kitchen,2023-06-20 13:00:00,Coffee,2.4886773681155434
Hell's Kitchen,2023-06-20 13:00:00,Coffee beans,2.4886773681155434
Hell's Kitchen,2023-06-20 13:00:00,Drinking Chocolate,2.4886773681155434
Hell's Kitchen,2023-06-20 13:00:00,Flavours,2.4886773681155434
Hell's Kitchen,2023-06-20 13:00:00,Tea,2.4886773681155434
Hell's Kitchen,2023-06-20 14:00:00,Bakery,2.4186262801506757
Hell's Kitchen,2023-06-20 14:00:00,Coffee,2.4186262801506757
Hell's Kitchen,2023-06-20 14:00:00,Coffee beans,2.4186262801506757
Hell's Kitchen,2023-06-20 14:00:00,Drinking Chocolate,2.4186262801506757
Hell's Kitchen,2023-06-20 14:00:00,Flavours,2.4186262801506757
Hell's Kitchen,2023-06-20 14:00:00,Tea,2.4186262801506757
Hell's Kitchen,2023-06-20 15:00:00,Bakery,2.693268395251752
Hell's Kitchen,2023-06-20 15:00:00,Coffee,2.693268395251752
Hell's Kitchen,2023-06-20 15:00:00,Coffee beans,2.693268395251752
Hell's Kitchen,2023-06-20 15:00:00,Drinking Chocolate,2.693268395251752
Hell's Kitchen,2023-06-20 15:00:00,Flavours,2.693268395251752
Hell's Kitchen,2023-06-20 15:00:00,Tea,2.693268395251752
Hell's Kitchen,2023-06-20 16:00:00,Bakery,2.735169668139174
Hell's Kitchen,2023-06-20 16:00:00,Coffee,2.735169668139174
Hell's Kitchen,2023-06-20 16:00:00,Coffee beans,2.735169668139174
Hell's Kitchen,2023-06-20 16:00:00,Drinking Chocolate,2.735169668139174
Hell's Kitchen,2023-06-20 16:00:00,Flavours,2.735169668139174
Hell's Kitchen,2023-06-20 16:00:00,Tea,2.735169668139174
Hell's Kitchen,2023-06-20 17:00:00,Bakery,2.2073471003605323
Hell's Kitchen,2023-06-20 17:00:00,Coffee,2.2073471003605323
Hell's Kitchen,2023-06-20 17:00:00,Coffee beans,2.2073471003605323
Hell's Kitchen,2023-06-20 17:00:00,Drinking Chocolate,2.2073471003605323
Hell's Kitchen,2023-06-20 17:00:00,Flavours,2.2073471003605323
Hell's Kitchen,2023-06-20 17:00:00,Tea,2.2073471003605323
Hell's Kitchen,2023-06-20 18:00:00,Bakery,1.6155045020441774
Hell's Kitchen,2023-06-20 18:00:00,Coffee,1.6155045020441774
Hell's Kitchen,2023-06-20 18:00:00,Coffee beans,1.6155045020441774
Hell's Kitchen,2023-06-20 18:00:00,Drinking Chocolate,1.6155045020441774
Hell's Kitchen,2023-06-20 18:00:00,Flavours,1.6155045020441774
Hell's Kitchen,2023-06-20 18:00:00,Tea,1.6155045020441774
Hell's Kitchen,2023-06-20 19:00:00,Bakery,3.249458450485476
Hell's Kitchen,2023-06-20 19:00:00,Coffee,3.249458450485476
Hell's Kitchen,2023-06-20 19:00:00,Coffee beans,3.249458450485476
Hell's Kitchen,2023-06-20 19:00:00,Drinking Chocolate,3.249458450485476
Hell's Kitchen,2023-06-20 19:00:00,Flavours,3.249458450485476
Hell's Kitchen,2023-06-20 19:00:00,Tea,3.249458450485476
Hell's Kitchen,2023-06-20 20:00:00,Bakery,5.05999339280548
Hell's Kitchen,2023-06-20 20:00:00,Coffee,5.05999339280548
Hell's Kitchen,2023-06-20 20:00:00,Coffee beans,5.05999339280548
Hell's Kitchen,2023-06-20 20:00:00,Drinking Chocolate,5.05999339280548
Hell's Kitchen,2023-06-20 20:00:00,Flavours,5.05999339280548
Hell's Kitchen,2023-06-20 20:00:00,Tea,5.05999339280548
Hell's Kitchen,2023-06-21 08:00:00,Bakery,10.178255472506544
Hell's Kitchen,2023-06-21 08:00:00,Coffee,10.178255472506544
Hell's Kitchen,2023-06-21 08:00:00,Coffee beans,10.178255472506544
Hell's Kitchen,2023-06-21 08:00:00,Drinking Chocolate,10.178255472506544
Hell's Kitchen,2023-06-21 08:00:00,Flavours,10.178255472506544
Hell's Kitchen,2023-06-21 08:00:00,Tea,10.178255472506544
Hell's Kitchen,2023-06-21 09:00:00,Bakery,12.050845055310203
Hell's Kitchen,2023-06-21 09:00:00,Coffee,12.050845055310203
Hell's Kitchen,2023-06-21 09:00:00,Coffee beans,12.050845055310203
Hell's Kitchen,2023-06-21 09:00:00,Drinking Chocolate,12.050845055310203
Hell's Kitchen,2023-06-21 09:00:00,Flavours,12.050845055310203
Hell's Kitchen,2023-06-21 09:00:00,Tea,12.050845055310203
Hell's Kitchen,2023-06-21 10:00:00,Bakery,3.663842115926937
Hell's Kitchen,2023-06-21 10:00:00,Coffee,3.663842115926937
Hell's Kitchen,2023-06-21 10:00:00,Coffee beans,3.663842115926937
Hell's Kitchen,2023-06-21 10:00:00,Drinking Chocolate,3.663842115926937
Hell's Kitchen,2023-06-21 10:00:00,Flavours,3.663842115926937
Hell's Kitchen,2023-06-21 10:00:00,Tea,3.663842115926937
Hell's Kitchen,2023-06-21 11:00:00,Bakery,2.7032642832788847
Hell's Kitchen,2023-06-21 11:00:00,Coffee,2.7032642832788847
Hell's Kitchen,2023-06-21 11:00:00,Coffee beans,2.7032642832788847
Hell's Kitchen,2023-06-21 11:00:00,Drinking Chocolate,2.7032642832788847
Hell's Kitchen,2023-06-21 11:00:00,Flavours,2.7032642832788847
Hell's Kitchen,2023-06-21 11:00:00,Tea,2.7032642832788847
Hell's Kitchen,2023-06-21 12:00:00,Bakery,2.785298645966725
Hell's Kitchen,2023-06-21 12:00:00,Coffee,2.785298645966725
Hell's Kitchen,2023-06-21 12:00:00,Coffee beans,2.785298645966725
Hell's Kitchen,2023-06-21 12:00:00,Drinking Chocolate,2.785298645966725
Hell's Kitchen,2023-06-21 12:00:00,Flavours,2.785298645966725
Hell's Kitchen,2023-06-21 12:00:00,Tea,2.785298645966725
Hell's Kitchen,2023-06-21 13:00:00,Bakery,2.722409738720203
Hell's Kitchen,2023-06-21 13:00:00,Coffee,2.722409738720203
Hell's Kitchen,2023-06-21 13:00:00,Coffee beans,2.722409738720203
Hell's Kitchen,2023-06-21 13:00:00,Drinking Chocolate,2.722409738720203
Hell's Kitchen,2023-06-21 13:00:00,Flavours,2.722409738720203
Hell's Kitchen,2023-06-21 13:00:00,Tea,2.722409738720203
Hell's Kitchen,2023-06-21 14:00:00,Bakery,2.7907150903199938
Hell's Kitchen,2023-06-21 14:00:00,Coffee,2.7907150903199938
Hell's Kitchen,2023-06-21 14:00:00,Coffee beans,2.7907150903199938
Hell's Kitchen,2023-06-21 14:00:00,Drinking Chocolate,2.7907150903199938
Hell's Kitchen,2023-06-21 14:00:00,Flavours,2.7907150903199938
Hell's Kitchen,2023-06-21 14:00:00,Tea,2.7907150903199938
Hell's Kitchen,2023-06-21 15:00:00,Bakery,2.771461565715751
Hell's Kitchen,2023-06-21 15:00:00,Coffee,2.771461565715751
Hell's Kitchen,2023-06-21 15:00:00,Coffee beans,2.771461565715751
Hell's Kitchen,2023-06-21 15:00:00,Drinking Chocolate,2.771461565715751
Hell's Kitchen,2023-06-21 15:00:00,Flavours,2.771461565715751
Hell's Kitchen,2023-06-21 15:00:00,Tea,2.771461565715751
Hell's Kitchen,2023-06-21 16:00:00,Bakery,2.557537078406273
Hell's Kitchen,2023-06-21 16:00:00,Coffee,2.557537078406273
Hell's Kitchen,2023-06-21 16:00:00,Coffee beans,2.557537078406273
Hell's Kitchen,2023-06-21 16:00:00,Drinking Chocolate,2.557537078406273
Hell's Kitchen,2023-06-21 16:00:00,Flavours,2.557537078406273
Hell's Kitchen,2023-06-21 16:00:00,Tea,2.557537078406273
Hell's Kitchen,2023-06-21 17:00:00,Bakery,2.414877965674922
Hell's Kitchen,2023-06-21 17:00:00,Coffee,2.414877965674922
Hell's Kitchen,2023-06-21 17:00:00,Coffee beans,2.414877965674922
Hell's Kitchen,2023-06-21 17:00:00,Drinking Chocolate,2.414877965674922
Hell's Kitchen,2023-06-21 17:00:00,Flavours,2.414877965674922
Hell's Kitchen,2023-06-21 17:00:00,Tea,2.414877965674922
Hell's Kitchen,2023-06-21 18:00:00,Bakery,2.2285933207142175
Hell's Kitchen,2023-06-21 18:00:00,Coffee,2.2285933207142175
Hell's Kitchen,2023-06-21 18:00:00,Coffee beans,2.2285933207142175
Hell's Kitchen,2023-06-21 18:00:00,Drinking Chocolate,2.2285933207142175
Hell's Kitchen,2023-06-21 18:00:00,Flavours,2.2285933207142175
Hell's Kitchen,2023-06-21 18:00:00,Tea,2.2285933207142175
Hell's Kitchen,2023-06-21 19:00:00,Bakery,5.720492877848983
Hell's Kitchen,2023-06-21 19:00:00,Coffee,5.720492877848983
Hell's Kitchen,2023-06-21 19:00:00,Coffee beans,5.720492877848983
Hell's Kitchen,2023-06-21 19:00:00,Drinking Chocolate,5.720492877848983
Hell's Kitchen,2023-06-21 19:00:00,Flavours,5.720492877848983
Hell's Kitchen,2023-06-21 19:00:00,Tea,5.720492877848983
Hell's Kitchen,2023-06-21 20:00:00,Bakery,4.840333878759297
Hell's Kitchen,2023-06-21 20:00:00,Coffee,4.840333878759297
Hell's Kitchen,2023-06-21 20:00:00,Coffee beans,4.840333878759297
Hell's Kitchen,2023-06-21 20:00:00,Drinking Chocolate,4.840333878759297
Hell's Kitchen,2023-06-21 20:00:00,Flavours,4.840333878759297
Hell's Kitchen,2023-06-21 20:00:00,Tea,4.840333878759297
Hell's Kitchen,2023-06-22 06:00:00,Bakery,7.782670220053177
Hell's Kitchen,2023-06-22 06:00:00,Coffee,7.782670220053177
Hell's Kitchen,2023-06-22 06:00:00,Coffee beans,7.782670220053177
Hell's Kitchen,2023-06-22 06:00:00,Drinking Chocolate,7.782670220053177
Hell's Kitchen,2023-06-22 06:00:00,Flavours,7.782670220053177
Hell's Kitchen,2023-06-22 06:00:00,Tea,7.782670220053177
Hell's Kitchen,2023-06-22 07:00:00,Bakery,6.391066598522345
Hell's Kitchen,2023-06-22 07:00:00,Coffee,6.391066598522345
Hell's Kitchen,2023-06-22 07:00:00,Coffee beans,6.391066598522345
Hell's Kitchen,2023-06-22 07:00:00,Drinking Chocolate,6.391066598522345
Hell's Kitchen,2023-06-22 07:00:00,Flavours,6.391066598522345
Hell's Kitchen,2023-06-22 07:00:00,Tea,6.391066598522345
Hell's Kitchen,2023-06-22 08:00:00,Bakery,6.041347556291812
Hell's Kitchen,2023-06-22 08:00:00,Coffee,6.041347556291812
Hell's Kitchen,2023-06-22 08:00:00,Coffee beans,6.041347556291812
Hell's Kitchen,2023-06-22 08:00:00,Drinking Chocolate,6.041347556291812
Hell's Kitchen,2023-06-22 08:00:00,Flavours,6.041347556291812
Hell's Kitchen,2023-06-22 08:00:00,Tea,6.041347556291812
Hell's Kitchen,2023-06-22 09:00:00,Bakery,8.724636788467443
Hell's Kitchen,2023-06-22 09:00:00,Coffee,8.724636788467443
Hell's Kitchen,2023-06-22 09:00:00,Coffee beans,8.724636788467443
Hell's Kitchen,2023-06-22 09:00:00,Drinking Chocolate,8.724636788467443
Hell's Kitchen,2023-06-22 09:00:00,Flavours,8.724636788467443
Hell's Kitchen,2023-06-22 09:00:00,Tea,8.724636788467443
Hell's Kitchen,2023-06-22 10:00:00,Bakery,4.298462870414133
Hell's Kitchen,2023-06-22 10:00:00,Coffee,4.298462870414133
Hell's Kitchen,2023-06-22 10:00:00,Coffee beans,4.298462870414133
Hell's Kitchen,2023-06-22 10:00:00,Drinking Chocolate,4.298462870414133
Hell's Kitchen,2023-06-22 10:00:00,Flavours,4.298462870414133
Hell's Kitchen,2023-06-22 10:00:00,Tea,4.298462870414133
Hell's Kitchen,2023-06-22 11:00:00,Bakery,2.0362194297602403
Hell's Kitchen,2023-06-22 11:00:00,Coffee,2.0362194297602403
Hell's Kitchen,2023-06-22 11:00:00,Coffee beans,2.0362194297602403
Hell's Kitchen,2023-06-22 11:00:00,Drinking Chocolate,2.0362194297602403
Hell's Kitchen,2023-06-22 11:00:00,Flavours,2.0362194297602403
Hell's Kitchen,2023-06-22 11:00:00,Tea,2.0362194297602403
Hell's Kitchen,2023-06-22 12:00:00,Bakery,2.010217885144131
Hell's Kitchen,2023-06-22 12:00:00,Coffee,2.010217885144131
Hell's Kitchen,2023-06-22 12:00:00,Coffee beans,2.010217885144131
Hell's Kitchen,2023-06-22 12:00:00,Drinking Chocolate,2.010217885144131
Hell's Kitchen,2023-06-22 12:00:00,Flavours,2.010217885144131
Hell's Kitchen,2023-06-22 12:00:00,Tea,2.010217885144131
Hell's Kitchen,2023-06-22 13:00:00,Bakery,2.7615553138042928
Hell's Kitchen,2023-06-22 13:00:00,Coffee,2.7615553138042928
Hell's Kitchen,2023-06-22 13:00:00,Coffee beans,2.7615553138042928
Hell's Kitchen,2023-06-22 13:00:00,Drinking Chocolate,2.7615553138042928
Hell's Kitchen,2023-06-22 13:00:00,Flavours,2.7615553138042928
Hell's Kitchen,2023-06-22 13:00:00,Tea,2.7615553138042928
Hell's Kitchen,2023-06-22 14:00:00,Bakery,2.431518304337761
Hell's Kitchen,2023-06-22 14:00:00,Coffee,2.431518304337761
Hell's Kitchen,2023-06-22 14:00:00,Coffee beans,2.431518304337761
Hell's Kitchen,2023-06-22 14:00:00,Drinking Chocolate,2.431518304337761
Hell's Kitchen,2023-06-22 14:00:00,Flavours,2.431518304337761
Hell's Kitchen,2023-06-22 14:00:00,Tea,2.431518304337761
Hell's Kitchen,2023-06-22 15:00:00,Bakery,2.448395409053271
Hell's Kitchen,2023-06-22 15:00:00,Coffee,2.448395409053271
Hell's Kitchen,2023-06-22 15:00:00,Coffee beans,2.448395409053271
Hell's Kitchen,2023-06-22 15:00:00,Drinking Chocolate,2.448395409053271
Hell's Kitchen,2023-06-22 15:00:00,Flavours,2.448395409053271
Hell's Kitchen,2023-06-22 15:00:00,Tea,2.448395409053271
Hell's Kitchen,2023-06-22 16:00:00,Bakery,2.4652142172779348
Hell's Kitchen,2023-06-22 16:00:00,Coffee,2.4652142172779348
Hell's Kitchen,2023-06-22 16:00:00,Coffee beans,2.4652142172779348
Hell's Kitchen,2023-06-22 16:00:00,Drinking Chocolate,2.4652142172779348
Hell's Kitchen,2023-06-22 16:00:00,Flavours,2.4652142172779348
Hell's Kitchen,2023-06-22 16:00:00,Tea,2.4652142172779348
Hell's Kitchen,2023-06-22 17:00:00,Bakery,2.1988328035832096
Hell's Kitchen,2023-06-22 17:00:00,Coffee,2.1988328035832096
Hell's Kitchen,2023-06-22 17:00:00,Coffee beans,2.1988328035832096
Hell's Kitchen,2023-06-22 17:00:00,Drinking Chocolate,2.1988328035832096
Hell's Kitchen,2023-06-22 17:00:00,Flavours,2.1988328035832096
Hell's Kitchen,2023-06-22 17:00:00,Tea,2.1988328035832096
Hell's Kitchen,2023-06-22 18:00:00,Bakery,2.1237432927964432
Hell's Kitchen,2023-06-22 18:00:00,Coffee,2.1237432927964432
Hell's Kitchen,2023-06-22 18:00:00,Coffee beans,2.1237432927964432
Hell's Kitchen,2023-06-22 18:00:00,Drinking Chocolate,2.1237432927964432
Hell's Kitchen,2023-06-22 18:00:00,Flavours,2.1237432927964432
Hell's Kitchen,2023-06-22 18:00:00,Tea,2.1237432927964432
Hell's Kitchen,2023-06-22 19:00:00,Bakery,5.057557431271675
Hell's Kitchen,2023-06-22 19:00:00,Coffee,5.057557431271675
Hell's Kitchen,2023-06-22 19:00:00,Coffee beans,5.057557431271675
Hell's Kitchen,2023-06-22 19:00:00,Drinking Chocolate,5.057557431271675
Hell's Kitchen,2023-06-22 19:00:00,Flavours,5.057557431271675
Hell's Kitchen,2023-06-22 19:00:00,Tea,5.057557431271675
Hell's Kitchen,2023-06-23 06:00:00,Bakery,5.649792375226829
Hell's Kitchen,2023-06-23 06:00:00,Coffee,5.649792375226829
Hell's Kitchen,2023-06-23 06:00:00,Coffee beans,5.649792375226829
Hell's Kitchen,2023-06-23 06:00:00,Drinking Chocolate,5.649792375226829
Hell's Kitchen,2023-06-23 06:00:00,Flavours,5.649792375226829
Hell's Kitchen,2023-06-23 06:00:00,Tea,5.649792375226829
Hell's Kitchen,2023-06-23 07:00:00,Bakery,7.878642466786929
Hell's Kitchen,2023-06-23 07:00:00,Coffee,7.878642466786929
Hell's Kitchen,2023-06-23 07:00:00,Coffee beans,7.878642466786929
Hell's Kitchen,2023-06-23 07:00:00,Drinking Chocolate,7.878642466786929
Hell's Kitchen,2023-06-23 07:00:00,Flavours,7.878642466786929
Hell's Kitchen,2023-06-23 07:00:00,Tea,7.878642466786929
Hell's Kitchen,2023-06-23 08:00:00,Bakery,11.547766810714716
Hell's Kitchen,2023-06-23 08:00:00,Coffee,11.547766810714716
Hell's Kitchen,2023-06-23 08:00:00,Coffee beans,11.547766810714716
Hell's Kitchen,2023-06-23 08:00:00,Drinking Chocolate,11.547766810714716
Hell's Kitchen,2023-06-23 08:00:00,Flavours,11.547766810714716
Hell's Kitchen,2023-06-23 08:00:00,Tea,11.547766810714716
Hell's Kitchen,2023-06-23 09:00:00,Bakery,10.122471353653378
Hell's Kitchen,2023-06-23 09:00:00,Coffee,10.122471353653378
Hell's Kitchen,2023-06-23 09:00:00,Coffee beans,10.122471353653378
Hell's Kitchen,2023-06-23 09:00:00,Drinking Chocolate,10.122471353653378
Hell's Kitchen,2023-06-23 09:00:00,Flavours,10.122471353653378
Hell's Kitchen,2023-06-23 09:00:00,Tea,10.122471353653378
Hell's Kitchen,2023-06-23 10:00:00,Bakery,4.974607063512657
Hell's Kitchen,2023-06-23 10:00:00,Coffee,4.974607063512657
Hell's Kitchen,2023-06-23 10:00:00,Coffee beans,4.974607063512657
Hell's Kitchen,2023-06-23 10:00:00,Drinking Chocolate,4.974607063512657
Hell's Kitchen,2023-06-23 10:00:00,Flavours,4.974607063512657
Hell's Kitchen,2023-06-23 10:00:00,Tea,4.974607063512657
Hell's Kitchen,2023-06-23 11:00:00,Bakery,2.2942244884633336
Hell's Kitchen,2023-06-23 11:00:00,Coffee,2.2942244884633336
Hell's Kitchen,2023-06-23 11:00:00,Coffee beans,2.2942244884633336
Hell's Kitchen,2023-06-23 11:00:00,Drinking Chocolate,2.2942244884633336
Hell's Kitchen,2023-06-23 11:00:00,Flavours,2.2942244884633336
Hell's Kitchen,2023-06-23 11:00:00,Tea,2.2942244884633336
Hell's Kitchen,2023-06-23 12:00:00,Bakery,2.2839979488787434
Hell's Kitchen,2023-06-23 12:00:00,Coffee,2.2839979488787434
Hell's Kitchen,2023-06-23 12:00:00,Coffee beans,2.2839979488787434
Hell's Kitchen,2023-06-23 12:00:00,Drinking Chocolate,2.2839979488787434
Hell's Kitchen,2023-06-23 12:00:00,Flavours,2.2839979488787434
Hell's Kitchen,2023-06-23 12:00:00,Tea,2.2839979488787434
Hell's Kitchen,2023-06-23 13:00:00,Bakery,2.6328737758356575
Hell's Kitchen,2023-06-23 13:00:00,Coffee,2.6328737758356575
Hell's Kitchen,2023-06-23 13:00:00,Coffee beans,2.6328737758356575
Hell's Kitchen,2023-06-23 13:00:00,Drinking Chocolate,2.6328737758356575
Hell's Kitchen,2023-06-23 13:00:00,Flavours,2.6328737758356575
Hell's Kitchen,2023-06-23 13:00:00,Tea,2.6328737758356575
Hell's Kitchen,2023-06-23 14:00:00,Bakery,2.5655952491792577
Hell's Kitchen,2023-06-23 14:00:00,Coffee,2.5655952491792577
Hell's Kitchen,2023-06-23 14:00:00,Coffee beans,2.5655952491792577
Hell's Kitchen,2023-06-23 14:00:00,Drinking Chocolate,2.5655952491792577
Hell's Kitchen,2023-06-23 14:00:00,Flavours,2.5655952491792577
Hell's Kitchen,2023-06-23 14:00:00,Tea,2.5655952491792577
Hell's Kitchen,2023-06-23 15:00:00,Bakery,2.2506072383168902
Hell's Kitchen,2023-06-23 15:00:00,Coffee,2.2506072383168902
Hell's Kitchen,2023-06-23 15:00:00,Coffee beans,2.2506072383168902
Hell's Kitchen,2023-06-23 15:00:00,Drinking Chocolate,2.2506072383168902
Hell's Kitchen,2023-06-23 15:00:00,Flavours,2.2506072383168902
Hell's Kitchen,2023-06-23 15:00:00,Tea,2.2506072383168902
Hell's Kitchen,2023-06-23 16:00:00,Bakery,2.301153926449363
Hell's Kitchen,2023-06-23 16:00:00,Coffee,2.301153926449363
Hell's Kitchen,2023-06-23 16:00:00,Coffee beans,2.301153926449363
Hell's Kitchen,2023-06-23 16:00:00,Drinking Chocolate,2.301153926449363
Hell's Kitchen,2023-06-23 16:00:00,Flavours,2.301153926449363
Hell's Kitchen,2023-06-23 16:00:00,Tea,2.301153926449363
Hell's Kitchen,2023-06-23 17:00:00,Bakery,1.8964314958136905
Hell's Kitchen,2023-06-23 17:00:00,Coffee,1.8964314958136905
Hell's Kitchen,2023-06-23 17:00:00,Coffee beans,1.8964314958136905
Hell's Kitchen,2023-06-23 17:00:00,Drinking Chocolate,1.8964314958136905
Hell's Kitchen,2023-06-23 17:00:00,Flavours,1.8964314958136905
Hell's Kitchen,2023-06-23 17:00:00,Tea,1.8964314958136905
Hell's Kitchen,2023-06-23 18:00:00,Bakery,1.9599399563583657
Hell's Kitchen,2023-06-23 18:00:00,Coffee,1.9599399563583657
Hell's Kitchen,2023-06-23 18:00:00,Coffee beans,1.9599399563583657
Hell's Kitchen,2023-06-23 18:00:00,Drinking Chocolate,1.9599399563583657
Hell's Kitchen,2023-06-23 18:00:00,Flavours,1.9599399563583657
Hell's Kitchen,2023-06-23 18:00:00,Tea,1.9599399563583657
Hell's Kitchen,2023-06-23 19:00:00,Bakery,4.40961607442084
Hell's Kitchen,2023-06-23 19:00:00,Coffee,4.40961607442084
Hell's Kitchen,2023-06-23 19:00:00,Coffee beans,4.40961607442084
Hell's Kitchen,2023-06-23 19:00:00,Drinking Chocolate,4.40961607442084
Hell's Kitchen,2023-06-23 19:00:00,Flavours,4.40961607442084
Hell's Kitchen,2023-06-23 19:00:00,Tea,4.40961607442084
Hell's Kitchen,2023-06-24 06:00:00,Bakery,8.391148965894251
Hell's Kitchen,2023-06-24 06:00:00,Coffee,8.391148965894251
Hell's Kitchen,2023-06-24 06:00:00,Coffee beans,8.391148965894251
Hell's Kitchen,2023-06-24 06:00:00,Drinking Chocolate,8.391148965894251
Hell's Kitchen,2023-06-24 06:00:00,Flavours,8.391148965894251
Hell's Kitchen,2023-06-24 06:00:00,Tea,8.391148965894251
Hell's Kitchen,2023-06-24 07:00:00,Bakery,5.498276179276074
Hell's Kitchen,2023-06-24 07:00:00,Coffee,5.498276179276074
Hell's Kitchen,2023-06-24 07:00:00,Coffee beans,5.498276179276074
Hell's Kitchen,2023-06-24 07:00:00,Drinking Chocolate,5.498276179276074
Hell's Kitchen,2023-06-24 07:00:00,Flavours,5.498276179276074
Hell's Kitchen,2023-06-24 07:00:00,Tea,5.498276179276074
Hell's Kitchen,2023-06-24 08:00:00,Bakery,6.820582670422782
Hell's Kitchen,2023-06-24 08:00:00,Coffee,6.820582670422782
Hell's Kitchen,2023-06-24 08:00:00,Coffee beans,6.820582670422782
Hell's Kitchen,2023-06-24 08:00:00,Drinking Chocolate,6.820582670422782
Hell's Kitchen,2023-06-24 08:00:00,Flavours,6.820582670422782
Hell's Kitchen,2023-06-24 08:00:00,Tea,6.820582670422782
Hell's Kitchen,2023-06-24 09:00:00,Bakery,7.809544597763502
Hell's Kitchen,2023-06-24 09:00:00,Coffee,7.809544597763502
Hell's Kitchen,2023-06-24 09:00:00,Coffee beans,7.809544597763502
Hell's Kitchen,2023-06-24 09:00:00,Drinking Chocolate,7.809544597763502
Hell's Kitchen,2023-06-24 09:00:00,Flavours,7.809544597763502
Hell's Kitchen,2023-06-24 09:00:00,Tea,7.809544597763502
Hell's Kitchen,2023-06-24 10:00:00,Bakery,4.241829116302057
Hell's Kitchen,2023-06-24 10:00:00,Coffee,4.241829116302057
Hell's Kitchen,2023-06-24 10:00:00,Coffee beans,4.241829116302057
Hell's Kitchen,2023-06-24 10:00:00,Drinking Chocolate,4.241829116302057
Hell's Kitchen,2023-06-24 10:00:00,Flavours,4.241829116302057
Hell's Kitchen,2023-06-24 10:00:00,Tea,4.241829116302057
Hell's Kitchen,2023-06-24 11:00:00,Bakery,2.08950429755976
Hell's Kitchen,2023-06-24 11:00:00,Coffee,2.08950429755976
Hell's Kitchen,2023-06-24 11:00:00,Coffee beans,2.08950429755976
Hell's Kitchen,2023-06-24 11:00:00,Drinking Chocolate,2.08950429755976
Hell's Kitchen,2023-06-24 11:00:00,Flavours,2.08950429755976
Hell's Kitchen,2023-06-24 11:00:00,Tea,2.08950429755976
Hell's Kitchen,2023-06-24 12:00:00,Bakery,2.0836837034393527
Hell's Kitchen,2023-06-24 12:00:00,Coffee,2.0836837034393527
Hell's Kitchen,2023-06-24 12:00:00,Coffee beans,2.0836837034393527
Hell's Kitchen,2023-06-24 12:00:00,Drinking Chocolate,2.0836837034393527
Hell's Kitchen,2023-06-24 12:00:00,Flavours,2.0836837034393527
Hell's Kitchen,2023-06-24 12:00:00,Tea,2.0836837034393527
Hell's Kitchen,2023-06-24 13:00:00,Bakery,2.7877197461428302
Hell's Kitchen,2023-06-24 13:00:00,Coffee,2.7877197461428302
Hell's Kitchen,2023-06-24 13:00:00,Coffee beans,2.7877197461428302
Hell's Kitchen,2023-06-24 13:00:00,Drinking Chocolate,2.7877197461428302
Hell's Kitchen,2023-06-24 13:00:00,Flavours,2.7877197461428302
Hell's Kitchen,2023-06-24 13:00:00,Tea,2.7877197461428302
Hell's Kitchen,2023-06-24 14:00:00,Bakery,2.6725521652694653
Hell's Kitchen,2023-06-24 14:00:00,Coffee,2.6725521652694653
Hell's Kitchen,2023-06-24 14:00:00,Coffee beans,2.6725521652694653
Hell's Kitchen,2023-06-24 14:00:00,Drinking Chocolate,2.6725521652694653
Hell's Kitchen,2023-06-24 14:00:00,Flavours,2.6725521652694653
Hell's Kitchen,2023-06-24 14:00:00,Tea,2.6725521652694653
Hell's Kitchen,2023-06-24 15:00:00,Bakery,2.700523929001755
Hell's Kitchen,2023-06-24 15:00:00,Coffee,2.700523929001755
Hell's Kitchen,2023-06-24 15:00:00,Coffee beans,2.700523929001755
Hell's Kitchen,2023-06-24 15:00:00,Drinking Chocolate,2.700523929001755
Hell's Kitchen,2023-06-24 15:00:00,Flavours,2.700523929001755
Hell's Kitchen,2023-06-24 15:00:00,Tea,2.700523929001755
Hell's Kitchen,2023-06-24 16:00:00,Bakery,2.627027930781837
Hell's Kitchen,2023-06-24 16:00:00,Coffee,2.627027930781837
Hell's Kitchen,2023-06-24 16:00:00,Coffee beans,2.627027930781837
Hell's Kitchen,2023-06-24 16:00:00,Drinking Chocolate,2.627027930781837
Hell's Kitchen,2023-06-24 16:00:00,Flavours,2.627027930781837
Hell's Kitchen,2023-06-24 16:00:00,Tea,2.627027930781837
Hell's Kitchen,2023-06-24 17:00:00,Bakery,1.9821037143865194
Hell's Kitchen,2023-06-24 17:00:00,Coffee,1.9821037143865194
Hell's Kitchen,2023-06-24 17:00:00,Coffee beans,1.9821037143865194
Hell's Kitchen,2023-06-24 17:00:00,Drinking Chocolate,1.9821037143865194
Hell's Kitchen,2023-06-24 17:00:00,Flavours,1.9821037143865194
Hell's Kitchen,2023-06-24 17:00:00,Tea,1.9821037143865194
Hell's Kitchen,2023-06-24 18:00:00,Bakery,2.2973162117912023
Hell's Kitchen,2023-06-24 18:00:00,Coffee,2.2973162117912023
Hell's Kitchen,2023-06-24 18:00:00,Coffee beans,2.2973162117912023
Hell's Kitchen,2023-06-24 18:00:00,Drinking Chocolate,2.2973162117912023
Hell's Kitchen,2023-06-24 18:00:00,Flavours,2.2973162117912023
Hell's Kitchen,2023-06-24 18:00:00,Tea,2.2973162117912023
Hell's Kitchen,2023-06-24 19:00:00,Bakery,4.409817641492528
Hell's Kitchen,2023-06-24 19:00:00,Coffee,4.409817641492528
Hell's Kitchen,2023-06-24 19:00:00,Coffee beans,4.409817641492528
Hell's Kitchen,2023-06-24 19:00:00,Drinking Chocolate,4.409817641492528
Hell's Kitchen,2023-06-24 19:00:00,Flavours,4.409817641492528
Hell's Kitchen,2023-06-24 19:00:00,Tea,4.409817641492528
Hell's Kitchen,2023-06-25 06:00:00,Bakery,7.266500112934912
Hell's Kitchen,2023-06-25 06:00:00,Coffee,7.266500112934912
Hell's Kitchen,2023-06-25 06:00:00,Coffee beans,7.266500112934912
Hell's Kitchen,2023-06-25 06:00:00,Drinking Chocolate,7.266500112934912
Hell's Kitchen,2023-06-25 06:00:00,Flavours,7.266500112934912
Hell's Kitchen,2023-06-25 06:00:00,Tea,7.266500112934912
Hell's Kitchen,2023-06-25 07:00:00,Bakery,10.074410713165621
Hell's Kitchen,2023-06-25 07:00:00,Coffee,10.074410713165621
Hell's Kitchen,2023-06-25 07:00:00,Coffee beans,10.074410713165621
Hell's Kitchen,2023-06-25 07:00:00,Drinking Chocolate,10.074410713165621
Hell's Kitchen,2023-06-25 07:00:00,Flavours,10.074410713165621
Hell's Kitchen,2023-06-25 07:00:00,Tea,10.074410713165621
Hell's Kitchen,2023-06-25 08:00:00,Bakery,9.129582579030727
Hell's Kitchen,2023-06-25 08:00:00,Coffee,9.129582579030727
Hell's Kitchen,2023-06-25 08:00:00,Coffee beans,9.129582579030727
Hell's Kitchen,2023-06-25 08:00:00,Drinking Chocolate,9.129582579030727
Hell's Kitchen,2023-06-25 08:00:00,Flavours,9.129582579030727
Hell's Kitchen,2023-06-25 08:00:00,Tea,9.129582579030727
Hell's Kitchen,2023-06-25 09:00:00,Bakery,9.388317080202505
Hell's Kitchen,2023-06-25 09:00:00,Coffee,9.388317080202505
Hell's Kitchen,2023-06-25 09:00:00,Coffee beans,9.388317080202505
Hell's Kitchen,2023-06-25 09:00:00,Drinking Chocolate,9.388317080202505
Hell's Kitchen,2023-06-25 09:00:00,Flavours,9.388317080202505
Hell's Kitchen,2023-06-25 09:00:00,Tea,9.388317080202505
Hell's Kitchen,2023-06-25 10:00:00,Bakery,5.1778364489551185
Hell's Kitchen,2023-06-25 10:00:00,Coffee,5.1778364489551185
Hell's Kitchen,2023-06-25 10:00:00,Coffee beans,5.1778364489551185
Hell's Kitchen,2023-06-25 10:00:00,Drinking Chocolate,5.1778364489551185
Hell's Kitchen,2023-06-25 10:00:00,Flavours,5.1778364489551185
Hell's Kitchen,2023-06-25 10:00:00,Tea,5.1778364489551185
Hell's Kitchen,2023-06-25 11:00:00,Bakery,2.3836429431981188
Hell's Kitchen,2023-06-25 11:00:00,Coffee,2.3836429431981188
Hell's Kitchen,2023-06-25 11:00:00,Coffee beans,2.3836429431981188
Hell's Kitchen,2023-06-25 11:00:00,Drinking Chocolate,2.3836429431981188
Hell's Kitchen,2023-06-25 11:00:00,Flavours,2.3836429431981188
Hell's Kitchen,2023-06-25 11:00:00,Tea,2.3836429431981188
Hell's Kitchen,2023-06-25 12:00:00,Bakery,2.2796260748101886
Hell's Kitchen,2023-06-25 12:00:00,Coffee,2.2796260748101886
Hell's Kitchen,2023-06-25 12:00:00,Coffee beans,2.2796260748101886
Hell's Kitchen,2023-06-25 12:00:00,Drinking Chocolate,2.2796260748101886
Hell's Kitchen,2023-06-25 12:00:00,Flavours,2.2796260748101886
Hell's Kitchen,2023-06-25 12:00:00,Tea,2.2796260748101886
Hell's Kitchen,2023-06-25 13:00:00,Bakery,2.669284979753055
Hell's Kitchen,2023-06-25 13:00:00,Coffee,2.669284979753055
Hell's Kitchen,2023-06-25 13:00:00,Coffee beans,2.669284979753055
Hell's Kitchen,2023-06-25 13:00:00,Drinking Chocolate,2.669284979753055
Hell's Kitchen,2023-06-25 13:00:00,Flavours,2.669284979753055
Hell's Kitchen,2023-06-25 13:00:00,Tea,2.669284979753055
Hell's Kitchen,2023-06-25 14:00:00,Bakery,2.3548412738528315
Hell's Kitchen,2023-06-25 14:00:00,Coffee,2.3548412738528315
Hell's Kitchen,2023-06-25 14:00:00,Coffee beans,2.3548412738528315
Hell's Kitchen,2023-06-25 14:00:00,Drinking Chocolate,2.3548412738528315
Hell's Kitchen,2023-06-25 14:00:00,Flavours,2.3548412738528315
Hell's Kitchen,2023-06-25 14:00:00,Tea,2.3548412738528315
Hell's Kitchen,2023-06-25 15:00:00,Bakery,2.2137863457536833
Hell's Kitchen,2023-06-25 15:00:00,Coffee,2.2137863457536833
Hell's Kitchen,2023-06-25 15:00:00,Coffee beans,2.2137863457536833
Hell's Kitchen,2023-06-25 15:00:00,Drinking Chocolate,2.2137863457536833
Hell's Kitchen,2023-06-25 15:00:00,Flavours,2.2137863457536833
Hell's Kitchen,2023-06-25 15:00:00,Tea,2.2137863457536833
Hell's Kitchen,2023-06-25 16:00:00,Bakery,2.3140332384706177
Hell's Kitchen,2023-06-25 16:00:00,Coffee,2.3140332384706177
Hell's Kitchen,2023-06-25 16:00:00,Coffee beans,2.3140332384706177
Hell's Kitchen,2023-06-25 16:00:00,Drinking Chocolate,2.3140332384706177
Hell's Kitchen,2023-06-25 16:00:00,Flavours,2.3140332384706177
Hell's Kitchen,2023-06-25 16:00:00,Tea,2.3140332384706177
Hell's Kitchen,2023-06-25 17:00:00,Bakery,2.2819110950023114
Hell's Kitchen,2023-06-25 17:00:00,Coffee,2.2819110950023114
Hell's Kitchen,2023-06-25 17:00:00,Coffee beans,2.2819110950023114
Hell's Kitchen,2023-06-25 17:00:00,Drinking Chocolate,2.2819110950023114
Hell's Kitchen,2023-06-25 17:00:00,Flavours,2.2819110950023114
Hell's Kitchen,2023-06-25 17:00:00,Tea,2.2819110950023114
Hell's Kitchen,2023-06-25 18:00:00,Bakery,2.099514364116564
Hell's Kitchen,2023-06-25 18:00:00,Coffee,2.099514364116564
Hell's Kitchen,2023-06-25 18:00:00,Coffee beans,2.099514364116564
Hell's Kitchen,2023-06-25 18:00:00,Drinking Chocolate,2.099514364116564
Hell's Kitchen,2023-06-25 18:00:00,Flavours,2.099514364116564
Hell's Kitchen,2023-06-25 18:00:00,Tea,2.099514364116564
Hell's Kitchen,2023-06-25 19:00:00,Bakery,5.808180737332268
Hell's Kitchen,2023-06-25 19:00:00,Coffee,5.808180737332268
Hell's Kitchen,2023-06-25 19:00:00,Coffee beans,5.808180737332268
Hell's Kitchen,2023-06-25 19:00:00,Drinking Chocolate,5.808180737332268
Hell's Kitchen,2023-06-25 19:00:00,Flavours,5.808180737332268
Hell's Kitchen,2023-06-25 19:00:00,Tea,5.808180737332268
Hell's Kitchen,2023-06-26 06:00:00,Bakery,8.079184236589215
Hell's Kitchen,2023-06-26 06:00:00,Coffee,8.079184236589215
Hell's Kitchen,2023-06-26 06:00:00,Coffee beans,8.079184236589215
Hell's Kitchen,2023-06-26 06:00:00,Drinking Chocolate,8.079184236589215
Hell's Kitchen,2023-06-26 06:00:00,Flavours,8.079184236589215
Hell's Kitchen,2023-06-26 06:00:00,Tea,8.079184236589215
Hell's Kitchen,2023-06-26 07:00:00,Bakery,9.840232282920764
Hell's Kitchen,2023-06-26 07:00:00,Coffee,9.840232282920764
Hell's Kitchen,2023-06-26 07:00:00,Coffee beans,9.840232282920764
Hell's Kitchen,2023-06-26 07:00:00,Drinking Chocolate,9.840232282920764
Hell's Kitchen,2023-06-26 07:00:00,Flavours,9.840232282920764
Hell's Kitchen,2023-06-26 07:00:00,Tea,9.840232282920764
Hell's Kitchen,2023-06-26 08:00:00,Bakery,11.227535657872375
Hell's Kitchen,2023-06-26 08:00:00,Coffee,11.227535657872375
Hell's Kitchen,2023-06-26 08:00:00,Coffee beans,11.227535657872375
Hell's Kitchen,2023-06-26 08:00:00,Drinking Chocolate,11.227535657872375
Hell's Kitchen,2023-06-26 08:00:00,Flavours,11.227535657872375
Hell's Kitchen,2023-06-26 08:00:00,Tea,11.227535657872375
Hell's Kitchen,2023-06-26 09:00:00,Bakery,6.9320726366184315
Hell's Kitchen,2023-06-26 09:00:00,Coffee,6.9320726366184315
Hell's Kitchen,2023-06-26 09:00:00,Coffee beans,6.9320726366184315
Hell's Kitchen,2023-06-26 09:00:00,Drinking Chocolate,6.9320726366184315
Hell's Kitchen,2023-06-26 09:00:00,Flavours,6.9320726366184315
Hell's Kitchen,2023-06-26 09:00:00,Tea,6.9320726366184315
Hell's Kitchen,2023-06-26 10:00:00,Bakery,5.157016436495528
Hell's Kitchen,2023-06-26 10:00:00,Coffee,5.157016436495528
Hell's Kitchen,2023-06-26 10:00:00,Coffee beans,5.157016436495528
Hell's Kitchen,2023-06-26 10:00:00,Drinking Chocolate,5.157016436495528
Hell's Kitchen,2023-06-26 10:00:00,Flavours,5.157016436495528
Hell's Kitchen,2023-06-26 10:00:00,Tea,5.157016436495528
Hell's Kitchen,2023-06-26 11:00:00,Bakery,2.687318244021235
Hell's Kitchen,2023-06-26 11:00:00,Coffee,2.687318244021235
Hell's Kitchen,2023-06-26 11:00:00,Coffee beans,2.687318244021235
Hell's Kitchen,2023-06-26 11:00:00,Drinking Chocolate,2.687318244021235
Hell's Kitchen,2023-06-26 11:00:00,Flavours,2.687318244021235
Hell's Kitchen,2023-06-26 11:00:00,Tea,2.687318244021235
Hell's Kitchen,2023-06-26 12:00:00,Bakery,2.2702007404191717
Hell's Kitchen,2023-06-26 12:00:00,Coffee,2.2702007404191717
Hell's Kitchen,2023-06-26 12:00:00,Coffee beans,2.2702007404191717
Hell's Kitchen,2023-06-26 12:00:00,Drinking Chocolate,2.2702007404191717
Hell's Kitchen,2023-06-26 12:00:00,Flavours,2.2702007404191717
Hell's Kitchen,2023-06-26 12:00:00,Tea,2.2702007404191717
Hell's Kitchen,2023-06-26 13:00:00,Bakery,2.3808107304227764
Hell's Kitchen,2023-06-26 13:00:00,Coffee,2.3808107304227764
Hell's Kitchen,2023-06-26 13:00:00,Coffee beans,2.3808107304227764
Hell's Kitchen,2023-06-26 13:00:00,Drinking Chocolate,2.3808107304227764
Hell's Kitchen,2023-06-26 13:00:00,Flavours,2.3808107304227764
Hell's Kitchen,2023-06-26 13:00:00,Tea,2.3808107304227764
Hell's Kitchen,2023-06-26 14:00:00,Bakery,2.4277363211281813
Hell's Kitchen,2023-06-26 14:00:00,Coffee,2.4277363211281813
Hell's Kitchen,2023-06-26 14:00:00,Coffee beans,2.4277363211281813
Hell's Kitchen,2023-06-26 14:00:00,Drinking Chocolate,2.4277363211281813
Hell's Kitchen,2023-06-26 14:00:00,Flavours,2.4277363211281813
Hell's Kitchen,2023-06-26 14:00:00,Tea,2.4277363211281813
Hell's Kitchen,2023-06-26 15:00:00,Bakery,2.658073119555582
Hell's Kitchen,2023-06-26 15:00:00,Coffee,2.658073119555582
Hell's Kitchen,2023-06-26 15:00:00,Coffee beans,2.658073119555582
Hell's Kitchen,2023-06-26 15:00:00,Drinking Chocolate,2.658073119555582
Hell's Kitchen,2023-06-26 15:00:00,Flavours,2.658073119555582
Hell's Kitchen,2023-06-26 15:00:00,Tea,2.658073119555582
Hell's Kitchen,2023-06-26 16:00:00,Bakery,2.1278888679035415
Hell's Kitchen,2023-06-26 16:00:00,Coffee,2.1278888679035415
Hell's Kitchen,2023-06-26 16:00:00,Coffee beans,2.1278888679035415
Hell's Kitchen,2023-06-26 16:00:00,Drinking Chocolate,2.1278888679035415
Hell's Kitchen,2023-06-26 16:00:00,Flavours,2.1278888679035415
Hell's Kitchen,2023-06-26 16:00:00,Tea,2.1278888679035415
Hell's Kitchen,2023-06-26 17:00:00,Bakery,1.8257920879281082
Hell's Kitchen,2023-06-26 17:00:00,Coffee,1.8257920879281082
Hell's Kitchen,2023-06-26 17:00:00,Coffee beans,1.8257920879281082
Hell's Kitchen,2023-06-26 17:00:00,Drinking Chocolate,1.8257920879281082
Hell's Kitchen,2023-06-26 17:00:00,Flavours,1.8257920879281082
Hell's Kitchen,2023-06-26 17:00:00,Tea,1.8257920879281082
Hell's Kitchen,2023-06-26 18:00:00,Bakery,2.0658977737976127
Hell's Kitchen,2023-06-26 18:00:00,Coffee,2.0658977737976127
Hell's Kitchen,2023-06-26 18:00:00,Coffee beans,2.0658977737976127
Hell's Kitchen,2023-06-26 18:00:00,Drinking Chocolate,2.0658977737976127
Hell's Kitchen,2023-06-26 18:00:00,Flavours,2.0658977737976127
Hell's Kitchen,2023-06-26 18:00:00,Tea,2.0658977737976127
Hell's Kitchen,2023-06-26 19:00:00,Bakery,5.837410530241052
Hell's Kitchen,2023-06-26 19:00:00,Coffee,5.837410530241052
Hell's Kitchen,2023-06-26 19:00:00,Coffee beans,5.837410530241052
Hell's Kitchen,2023-06-26 19:00:00,Drinking Chocolate,5.837410530241052
Hell's Kitchen,2023-06-26 19:00:00,Flavours,5.837410530241052
Hell's Kitchen,2023-06-26 19:00:00,Tea,5.837410530241052
Hell's Kitchen,2023-06-27 08:00:00,Bakery,9.947333159416699
Hell's Kitchen,2023-06-27 08:00:00,Coffee,9.947333159416699
Hell's Kitchen,2023-06-27 08:00:00,Coffee beans,9.947333159416699
Hell's Kitchen,2023-06-27 08:00:00,Drinking Chocolate,9.947333159416699
Hell's Kitchen,2023-06-27 08:00:00,Flavours,9.947333159416699
Hell's Kitchen,2023-06-27 08:00:00,Tea,9.947333159416699
Hell's Kitchen,2023-06-27 09:00:00,Bakery,10.450679653566235
Hell's Kitchen,2023-06-27 09:00:00,Coffee,10.450679653566235
Hell's Kitchen,2023-06-27 09:00:00,Coffee beans,10.450679653566235
Hell's Kitchen,2023-06-27 09:00:00,Drinking Chocolate,10.450679653566235
Hell's Kitchen,2023-06-27 09:00:00,Flavours,10.450679653566235
Hell's Kitchen,2023-06-27 09:00:00,Tea,10.450679653566235
Hell's Kitchen,2023-06-27 10:00:00,Bakery,3.5489249517307786
Hell's Kitchen,2023-06-27 10:00:00,Coffee,3.5489249517307786
Hell's Kitchen,2023-06-27 10:00:00,Coffee beans,3.5489249517307786
Hell's Kitchen,2023-06-27 10:00:00,Drinking Chocolate,3.5489249517307786
Hell's Kitchen,2023-06-27 10:00:00,Flavours,3.5489249517307786
Hell's Kitchen,2023-06-27 10:00:00,Tea,3.5489249517307786
Hell's Kitchen,2023-06-27 11:00:00,Bakery,2.7662352942836943
Hell's Kitchen,2023-06-27 11:00:00,Coffee,2.7662352942836943
Hell's Kitchen,2023-06-27 11:00:00,Coffee beans,2.7662352942836943
Hell's Kitchen,2023-06-27 11:00:00,Drinking Chocolate,2.7662352942836943
Hell's Kitchen,2023-06-27 11:00:00,Flavours,2.7662352942836943
Hell's Kitchen,2023-06-27 11:00:00,Tea,2.7662352942836943
Hell's Kitchen,2023-06-27 12:00:00,Bakery,2.2472608994185297
Hell's Kitchen,2023-06-27 12:00:00,Coffee,2.2472608994185297
Hell's Kitchen,2023-06-27 12:00:00,Coffee beans,2.2472608994185297
Hell's Kitchen,2023-06-27 12:00:00,Drinking Chocolate,2.2472608994185297
Hell's Kitchen,2023-06-27 12:00:00,Flavours,2.2472608994185297
Hell's Kitchen,2023-06-27 12:00:00,Tea,2.2472608994185297
Hell's Kitchen,2023-06-27 13:00:00,Bakery,2.788517077258911
Hell's Kitchen,2023-06-27 13:00:00,Coffee,2.788517077258911
Hell's Kitchen,2023-06-27 13:00:00,Coffee beans,2.788517077258911
Hell's Kitchen,2023-06-27 13:00:00,Drinking Chocolate,2.788517077258911
Hell's Kitchen,2023-06-27 13:00:00,Flavours,2.788517077258911
Hell's Kitchen,2023-06-27 13:00:00,Tea,2.788517077258911
Hell's Kitchen,2023-06-27 14:00:00,Bakery,2.262745179370616
Hell's Kitchen,2023-06-27 14:00:00,Coffee,2.262745179370616
Hell's Kitchen,2023-06-27 14:00:00,Coffee beans,2.262745179370616
Hell's Kitchen,2023-06-27 14:00:00,Drinking Chocolate,2.262745179370616
Hell's Kitchen,2023-06-27 14:00:00,Flavours,2.262745179370616
Hell's Kitchen,2023-06-27 14:00:00,Tea,2.262745179370616
Hell's Kitchen,2023-06-27 15:00:00,Bakery,2.1654444352828257
Hell's Kitchen,2023-06-27 15:00:00,Coffee,2.1654444352828257
Hell's Kitchen,2023-06-27 15:00:00,Coffee beans,2.1654444352828257
Hell's Kitchen,2023-06-27 15:00:00,Drinking Chocolate,2.1654444352828257
Hell's Kitchen,2023-06-27 15:00:00,Flavours,2.1654444352828257
Hell's Kitchen,2023-06-27 15:00:00,Tea,2.1654444352828257
Hell's Kitchen,2023-06-27 16:00:00,Bakery,2.514530312369444
Hell's Kitchen,2023-06-27 16:00:00,Coffee,2.514530312369444
Hell's Kitchen,2023-06-27 16:00:00,Coffee beans,2.514530312369444
Hell's Kitchen,2023-06-27 16:00:00,Drinking Chocolate,2.514530312369444
Hell's Kitchen,2023-06-27 16:00:00,Flavours,2.514530312369444
Hell's Kitchen,2023-06-27 16:00:00,Tea,2.514530312369444
Hell's Kitchen,2023-06-27 17:00:00,Bakery,1.9909695384182295
Hell's Kitchen,2023-06-27 17:00:00,Coffee,1.9909695384182295
Hell's Kitchen,2023-06-27 17:00:00,Coffee beans,1.9909695384182295
Hell's Kitchen,2023-06-27 17:00:00,Drinking Chocolate,1.9909695384182295
Hell's Kitchen,2023-06-27 17:00:00,Flavours,1.9909695384182295
Hell's Kitchen,2023-06-27 17:00:00,Tea,1.9909695384182295
Hell's Kitchen,2023-06-27 18:00:00,Bakery,1.9759159468798484
Hell's Kitchen,2023-06-27 18:00:00,Coffee,1.9759159468798484
Hell's Kitchen,2023-06-27 18:00:00,Coffee beans,1.9759159468798484
Hell's Kitchen,2023-06-27 18:00:00,Drinking Chocolate,1.9759159468798484
Hell's Kitchen,2023-06-27 18:00:00,Flavours,1.9759159468798484
Hell's Kitchen,2023-06-27 18:00:00,Tea,1.9759159468798484
Hell's Kitchen,2023-06-27 19:00:00,Bakery,3.772725415009501
Hell's Kitchen,2023-06-27 19:00:00,Coffee,3.772725415009501
Hell's Kitchen,2023-06-27 19:00:00,Coffee beans,3.772725415009501
Hell's Kitchen,2023-06-27 19:00:00,Drinking Chocolate,3.772725415009501
Hell's Kitchen,2023-06-27 19:00:00,Flavours,3.772725415009501
Hell's Kitchen,2023-06-27 19:00:00,Tea,3.772725415009501
Hell's Kitchen,2023-06-27 20:00:00,Bakery,5.640356581460553
Hell's Kitchen,2023-06-27 20:00:00,Coffee,5.640356581460553
Hell's Kitchen,2023-06-27 20:00:00,Coffee beans,5.640356581460553
Hell's Kitchen,2023-06-27 20:00:00,Drinking Chocolate,5.640356581460553
Hell's Kitchen,2023-06-27 20:00:00,Flavours,5.640356581460553
Hell's Kitchen,2023-06-27 20:00:00,Tea,5.640356581460553
Hell's Kitchen,2023-06-28 08:00:00,Bakery,8.154641287785791
Hell's Kitchen,2023-06-28 08:00:00,Coffee,8.154641287785791
Hell's Kitchen,2023-06-28 08:00:00,Coffee beans,8.154641287785791
Hell's Kitchen,2023-06-28 08:00:00,Drinking Chocolate,8.154641287785791
Hell's Kitchen,2023-06-28 08:00:00,Flavours,8.154641287785791
Hell's Kitchen,2023-06-28 08:00:00,Tea,8.154641287785791
Hell's Kitchen,2023-06-28 09:00:00,Bakery,9.199502433336745
Hell's Kitchen,2023-06-28 09:00:00,Coffee,9.199502433336745
Hell's Kitchen,2023-06-28 09:00:00,Coffee beans,9.199502433336745
Hell's Kitchen,2023-06-28 09:00:00,Drinking Chocolate,9.199502433336745
Hell's Kitchen,2023-06-28 09:00:00,Flavours,9.199502433336745
Hell's Kitchen,2023-06-28 09:00:00,Tea,9.199502433336745
Hell's Kitchen,2023-06-28 10:00:00,Bakery,4.550401741666893
Hell's Kitchen,2023-06-28 10:00:00,Coffee,4.550401741666893
Hell's Kitchen,2023-06-28 10:00:00,Coffee beans,4.550401741666893
Hell's Kitchen,2023-06-28 10:00:00,Drinking Chocolate,4.550401741666893
Hell's Kitchen,2023-06-28 10:00:00,Flavours,4.550401741666893
Hell's Kitchen,2023-06-28 10:00:00,Tea,4.550401741666893
Hell's Kitchen,2023-06-28 11:00:00,Bakery,2.4242830014594032
Hell's Kitchen,2023-06-28 11:00:00,Coffee,2.4242830014594032
Hell's Kitchen,2023-06-28 11:00:00,Coffee beans,2.4242830014594032
Hell's Kitchen,2023-06-28 11:00:00,Drinking Chocolate,2.4242830014594032
Hell's Kitchen,2023-06-28 11:00:00,Flavours,2.4242830014594032
Hell's Kitchen,2023-06-28 11:00:00,Tea,2.4242830014594032
Hell's Kitchen,2023-06-28 12:00:00,Bakery,3.0327245248605714
Hell's Kitchen,2023-06-28 12:00:00,Coffee,3.0327245248605714
Hell's Kitchen,2023-06-28 12:00:00,Coffee beans,3.0327245248605714
Hell's Kitchen,2023-06-28 12:00:00,Drinking Chocolate,3.0327245248605714
Hell's Kitchen,2023-06-28 12:00:00,Flavours,3.0327245248605714
Hell's Kitchen,2023-06-28 12:00:00,Tea,3.0327245248605714
Hell's Kitchen,2023-06-28 13:00:00,Bakery,3.0241754680119373
Hell's Kitchen,2023-06-28 13:00:00,Coffee,3.0241754680119373
Hell's Kitchen,2023-06-28 13:00:00,Coffee beans,3.0241754680119373
Hell's Kitchen,2023-06-28 13:00:00,Drinking Chocolate,3.0241754680119373
Hell's Kitchen,2023-06-28 13:00:00,Flavours,3.0241754680119373
Hell's Kitchen,2023-06-28 13:00:00,Tea,3.0241754680119373
Hell's Kitchen,2023-06-28 14:00:00,Bakery,2.407223052627655
Hell's Kitchen,2023-06-28 14:00:00,Coffee,2.407223052627655
Hell's Kitchen,2023-06-28 14:00:00,Coffee beans,2.407223052627655
Hell's Kitchen,2023-06-28 14:00:00,Drinking Chocolate,2.407223052627655
Hell's Kitchen,2023-06-28 14:00:00,Flavours,2.407223052627655
Hell's Kitchen,2023-06-28 14:00:00,Tea,2.407223052627655
Hell's Kitchen,2023-06-28 15:00:00,Bakery,3.107579175023145
Hell's Kitchen,2023-06-28 15:00:00,Coffee,3.107579175023145
Hell's Kitchen,2023-06-28 15:00:00,Coffee beans,3.107579175023145
Hell's Kitchen,2023-06-28 15:00:00,Drinking Chocolate,3.107579175023145
Hell's Kitchen,2023-06-28 15:00:00,Flavours,3.107579175023145
Hell's Kitchen,2023-06-28 15:00:00,Tea,3.107579175023145
Hell's Kitchen,2023-06-28 16:00:00,Bakery,2.718829879084381
Hell's Kitchen,2023-06-28 16:00:00,Coffee,2.718829879084381
Hell's Kitchen,2023-06-28 16:00:00,Coffee beans,2.718829879084381
Hell's Kitchen,2023-06-28 16:00:00,Drinking Chocolate,2.718829879084381
Hell's Kitchen,2023-06-28 16:00:00,Flavours,2.718829879084381
Hell's Kitchen,2023-06-28 16:00:00,Tea,2.718829879084381
Hell's Kitchen,2023-06-28 17:00:00,Bakery,2.674855537774669
Hell's Kitchen,2023-06-28 17:00:00,Coffee,2.674855537774669
Hell's Kitchen,2023-06-28 17:00:00,Coffee beans,2.674855537774669
Hell's Kitchen,2023-06-28 17:00:00,Drinking Chocolate,2.674855537774669
Hell's Kitchen,2023-06-28 17:00:00,Flavours,2.674855537774669
Hell's Kitchen,2023-06-28 17:00:00,Tea,2.674855537774669
Hell's Kitchen,2023-06-28 18:00:00,Bakery,2.4979800142702633
Hell's Kitchen,2023-06-28 18:00:00,Coffee,2.4979800142702633
Hell's Kitchen,2023-06-28 18:00:00,Coffee beans,2.4979800142702633
Hell's Kitchen,2023-06-28 18:00:00,Drinking Chocolate,2.4979800142702633
Hell's Kitchen,2023-06-28 18:00:00,Flavours,2.4979800142702633
Hell's Kitchen,2023-06-28 18:00:00,Tea,2.4979800142702633
Hell's Kitchen,2023-06-28 19:00:00,Bakery,5.5293395996877
Hell's Kitchen,2023-06-28 19:00:00,Coffee,5.5293395996877
Hell's Kitchen,2023-06-28 19:00:00,Coffee beans,5.5293395996877
Hell's Kitchen,2023-06-28 19:00:00,Drinking Chocolate,5.5293395996877
Hell's Kitchen,2023-06-28 19:00:00,Flavours,5.5293395996877
Hell's Kitchen,2023-06-28 19:00:00,Tea,5.5293395996877
Hell's Kitchen,2023-06-29 08:00:00,Bakery,10.014974374649755
Hell's Kitchen,2023-06-29 08:00:00,Coffee,10.014974374649755
Hell's Kitchen,2023-06-29 08:00:00,Coffee beans,10.014974374649755
Hell's Kitchen,2023-06-29 08:00:00,Drinking Chocolate,10.014974374649755
Hell's Kitchen,2023-06-29 08:00:00,Flavours,10.014974374649755
Hell's Kitchen,2023-06-29 08:00:00,Tea,10.014974374649755
Hell's Kitchen,2023-06-29 09:00:00,Bakery,9.556252431344822
Hell's Kitchen,2023-06-29 09:00:00,Coffee,9.556252431344822
Hell's Kitchen,2023-06-29 09:00:00,Coffee beans,9.556252431344822
Hell's Kitchen,2023-06-29 09:00:00,Drinking Chocolate,9.556252431344822
Hell's Kitchen,2023-06-29 09:00:00,Flavours,9.556252431344822
Hell's Kitchen,2023-06-29 09:00:00,Tea,9.556252431344822
Hell's Kitchen,2023-06-29 10:00:00,Bakery,3.4356773084657544
Hell's Kitchen,2023-06-29 10:00:00,Coffee,3.4356773084657544
Hell's Kitchen,2023-06-29 10:00:00,Coffee beans,3.4356773084657544
Hell's Kitchen,2023-06-29 10:00:00,Drinking Chocolate,3.4356773084657544
Hell's Kitchen,2023-06-29 10:00:00,Flavours,3.4356773084657544
Hell's Kitchen,2023-06-29 10:00:00,Tea,3.4356773084657544
Hell's Kitchen,2023-06-29 11:00:00,Bakery,2.1926916556224776
Hell's Kitchen,2023-06-29 11:00:00,Coffee,2.1926916556224776
Hell's Kitchen,2023-06-29 11:00:00,Coffee beans,2.1926916556224776
Hell's Kitchen,2023-06-29 11:00:00,Drinking Chocolate,2.1926916556224776
Hell's Kitchen,2023-06-29 11:00:00,Flavours,2.1926916556224776
Hell's Kitchen,2023-06-29 11:00:00,Tea,2.1926916556224776
Hell's Kitchen,2023-06-29 12:00:00,Bakery,2.407498337679283
Hell's Kitchen,2023-06-29 12:00:00,Coffee,2.407498337679283
Hell's Kitchen,2023-06-29 12:00:00,Coffee beans,2.407498337679283
Hell's Kitchen,2023-06-29 12:00:00,Drinking Chocolate,2.407498337679283
Hell's Kitchen,2023-06-29 12:00:00,Flavours,2.407498337679283
Hell's Kitchen,2023-06-29 12:00:00,Tea,2.407498337679283
Hell's Kitchen,2023-06-29 13:00:00,Bakery,2.416676277338685
Hell's Kitchen,2023-06-29 13:00:00,Coffee,2.416676277338685
Hell's Kitchen,2023-06-29 13:00:00,Coffee beans,2.416676277338685
Hell's Kitchen,2023-06-29 13:00:00,Drinking Chocolate,2.416676277338685
Hell's Kitchen,2023-06-29 13:00:00,Flavours,2.416676277338685
Hell's Kitchen,2023-06-29 13:00:00,Tea,2.416676277338685
Hell's Kitchen,2023-06-29 14:00:00,Bakery,2.4413479500642046
Hell's Kitchen,2023-06-29 14:00:00,Coffee,2.4413479500642046
Hell's Kitchen,2023-06-29 14:00:00,Coffee beans,2.4413479500642046
Hell's Kitchen,2023-06-29 14:00:00,Drinking Chocolate,2.4413479500642046
Hell's Kitchen,2023-06-29 14:00:00,Flavours,2.4413479500642046
Hell's Kitchen,2023-06-29 14:00:00,Tea,2.4413479500642046
Hell's Kitchen,2023-06-29 15:00:00,Bakery,2.513743475803012
Hell's Kitchen,2023-06-29 15:00:00,Coffee,2.513743475803012
Hell's Kitchen,2023-06-29 15:00:00,Coffee beans,2.513743475803012
Hell's Kitchen,2023-06-29 15:00:00,Drinking Chocolate,2.513743475803012
Hell's Kitchen,2023-06-29 15:00:00,Flavours,2.513743475803012
Hell's Kitchen,2023-06-29 15:00:00,Tea,2.513743475803012
Hell's Kitchen,2023-06-29 16:00:00,Bakery,2.316265584483893
Hell's Kitchen,2023-06-29 16:00:00,Coffee,2.316265584483893
Hell's Kitchen,2023-06-29 16:00:00,Coffee beans,2.316265584483893
Hell's Kitchen,2023-06-29 16:00:00,Drinking Chocolate,2.316265584483893
Hell's Kitchen,2023-06-29 16:00:00,Flavours,2.316265584483893
Hell's Kitchen,2023-06-29 16:00:00,Tea,2.316265584483893
Hell's Kitchen,2023-06-29 17:00:00,Bakery,3.143831276436125
Hell's Kitchen,2023-06-29 17:00:00,Coffee,3.143831276436125
Hell's Kitchen,2023-06-29 17:00:00,Coffee beans,3.143831276436125
Hell's Kitchen,2023-06-29 17:00:00,Drinking Chocolate,3.143831276436125
Hell's Kitchen,2023-06-29 17:00:00,Flavours,3.143831276436125
Hell's Kitchen,2023-06-29 17:00:00,Tea,3.143831276436125
Hell's Kitchen,2023-06-29 18:00:00,Bakery,2.808556732926418
Hell's Kitchen,2023-06-29 18:00:00,Coffee,2.808556732926418
Hell's Kitchen,2023-06-29 18:00:00,Coffee beans,2.808556732926418
Hell's Kitchen,2023-06-29 18:00:00,Drinking Chocolate,2.808556732926418
Hell's Kitchen,2023-06-29 18:00:00,Flavours,2.808556732926418
Hell's Kitchen,2023-06-29 18:00:00,Tea,2.808556732926418
Hell's Kitchen,2023-06-29 19:00:00,Bakery,3.9072411137682375
Hell's Kitchen,2023-06-29 19:00:00,Coffee,3.9072411137682375
Hell's Kitchen,2023-06-29 19:00:00,Coffee beans,3.9072411137682375
Hell's Kitchen,2023-06-29 19:00:00,Drinking Chocolate,3.9072411137682375
Hell's Kitchen,2023-06-29 19:00:00,Flavours,3.9072411137682375
Hell's Kitchen,2023-06-29 19:00:00,Tea,3.9072411137682375
Hell's Kitchen,2023-06-30 06:00:00,Bakery,7.491627729531562
Hell's Kitchen,2023-06-30 06:00:00,Coffee,7.491627729531562
Hell's Kitchen,2023-06-30 06:00:00,Coffee beans,7.491627729531562
Hell's Kitchen,2023-06-30 06:00:00,Drinking Chocolate,7.491627729531562
Hell's Kitchen,2023-06-30 06:00:00,Flavours,7.491627729531562
Hell's Kitchen,2023-06-30 06:00:00,Tea,7.491627729531562
Hell's Kitchen,2023-06-30 07:00:00,Bakery,9.163808479490504
Hell's Kitchen,2023-06-30 07:00:00,Coffee,9.163808479490504
Hell's Kitchen,2023-06-30 07:00:00,Coffee beans,9.163808479490504
Hell's Kitchen,2023-06-30 07:00:00,Drinking Chocolate,9.163808479490504
Hell's Kitchen,2023-06-30 07:00:00,Flavours,9.163808479490504
Hell's Kitchen,2023-06-30 07:00:00,Tea,9.163808479490504
Hell's Kitchen,2023-06-30 08:00:00,Bakery,7.634829350647523
Hell's Kitchen,2023-06-30 08:00:00,Coffee,7.634829350647523
Hell's Kitchen,2023-06-30 08:00:00,Coffee beans,7.634829350647523
Hell's Kitchen,2023-06-30 08:00:00,Drinking Chocolate,7.634829350647523
Hell's Kitchen,2023-06-30 08:00:00,Flavours,7.634829350647523
Hell's Kitchen,2023-06-30 08:00:00,Tea,7.634829350647523
Hell's Kitchen,2023-06-30 09:00:00,Bakery,9.594766181589668
Hell's Kitchen,2023-06-30 09:00:00,Coffee,9.594766181589668
Hell's Kitchen,2023-06-30 09:00:00,Coffee beans,9.594766181589668
Hell's Kitchen,2023-06-30 09:00:00,Drinking Chocolate,9.594766181589668
Hell's Kitchen,2023-06-30 09:00:00,Flavours,9.594766181589668
Hell's Kitchen,2023-06-30 09:00:00,Tea,9.594766181589668
Hell's Kitchen,2023-06-30 10:00:00,Bakery,2.847426301017311
Hell's Kitchen,2023-06-30 10:00:00,Coffee,2.847426301017311
Hell's Kitchen,2023-06-30 10:00:00,Coffee beans,2.847426301017311
Hell's Kitchen,2023-06-30 10:00:00,Drinking Chocolate,2.847426301017311
Hell's Kitchen,2023-06-30 10:00:00,Flavours,2.847426301017311
Hell's Kitchen,2023-06-30 10:00:00,Tea,2.847426301017311
Hell's Kitchen,2023-06-30 11:00:00,Bakery,2.6445360500973396
Hell's Kitchen,2023-06-30 11:00:00,Coffee,2.6445360500973396
Hell's Kitchen,2023-06-30 11:00:00,Coffee beans,2.6445360500973396
Hell's Kitchen,2023-06-30 11:00:00,Drinking Chocolate,2.6445360500973396
Hell's Kitchen,2023-06-30 11:00:00,Flavours,2.6445360500973396
Hell's Kitchen,2023-06-30 11:00:00,Tea,2.6445360500973396
Hell's Kitchen,2023-06-30 12:00:00,Bakery,2.8067047992902583
Hell's Kitchen,2023-06-30 12:00:00,Coffee,2.8067047992902583
Hell's Kitchen,2023-06-30 12:00:00,Coffee beans,2.8067047992902583
Hell's Kitchen,2023-06-30 12:00:00,Drinking Chocolate,2.8067047992902583
Hell's Kitchen,2023-06-30 12:00:00,Flavours,2.8067047992902583
Hell's Kitchen,2023-06-30 12:00:00,Tea,2.8067047992902583
Hell's Kitchen,2023-06-30 13:00:00,Bakery,2.044035639386694
Hell's Kitchen,2023-06-30 13:00:00,Coffee,2.044035639386694
Hell's Kitchen,2023-06-30 13:00:00,Coffee beans,2.044035639386694
Hell's Kitchen,2023-06-30 13:00:00,Drinking Chocolate,2.044035639386694
Hell's Kitchen,2023-06-30 13:00:00,Flavours,2.044035639386694
Hell's Kitchen,2023-06-30 13:00:00,Tea,2.044035639386694
Hell's Kitchen,2023-06-30 14:00:00,Bakery,2.226465421374932
Hell's Kitchen,2023-06-30 14:00:00,Coffee,2.226465421374932
Hell's Kitchen,2023-06-30 14:00:00,Coffee beans,2.226465421374932
Hell's Kitchen,2023-06-30 14:00:00,Drinking Chocolate,2.226465421374932
Hell's Kitchen,2023-06-30 14:00:00,Flavours,2.226465421374932
Hell's Kitchen,2023-06-30 14:00:00,Tea,2.226465421374932
Hell's Kitchen,2023-06-30 15:00:00,Bakery,2.5748655685704973
Hell's Kitchen,2023-06-30 15:00:00,Coffee,2.5748655685704973
Hell's Kitchen,2023-06-30 15:00:00,Coffee beans,2.5748655685704973
Hell's Kitchen,2023-06-30 15:00:00,Drinking Chocolate,2.5748655685704973
Hell's Kitchen,2023-06-30 15:00:00,Flavours,2.5748655685704973
Hell's Kitchen,2023-06-30 15:00:00,Tea,2.5748655685704973
Hell's Kitchen,2023-06-30 16:00:00,Bakery,2.207351308609124
Hell's Kitchen,2023-06-30 16:00:00,Coffee,2.207351308609124
Hell's Kitchen,2023-06-30 16:00:00,Coffee beans,2.207351308609124
Hell's Kitchen,2023-06-30 16:00:00,Drinking Chocolate,2.207351308609124
Hell's Kitchen,2023-06-30 16:00:00,Flavours,2.207351308609124
Hell's Kitchen,2023-06-30 16:00:00,Tea,2.207351308609124
Hell's Kitchen,2023-06-30 17:00:00,Bakery,2.5323968892090076
Hell's Kitchen,2023-06-30 17:00:00,Coffee,2.5323968892090076
Hell's Kitchen,2023-06-30 17:00:00,Coffee beans,2.5323968892090076
Hell's Kitchen,2023-06-30 17:00:00,Drinking Chocolate,2.5323968892090076
Hell's Kitchen,2023-06-30 17:00:00,Flavours,2.5323968892090076
Hell's Kitchen,2023-06-30 17:00:00,Tea,2.5323968892090076
Hell's Kitchen,2023-06-30 18:00:00,Bakery,2.1086165828656545
Hell's Kitchen,2023-06-30 18:00:00,Coffee,2.1086165828656545
Hell's Kitchen,2023-06-30 18:00:00,Coffee beans,2.1086165828656545
Hell's Kitchen,2023-06-30 18:00:00,Drinking Chocolate,2.1086165828656545
Hell's Kitchen,2023-06-30 18:00:00,Flavours,2.1086165828656545
Hell's Kitchen,2023-06-30 18:00:00,Tea,2.1086165828656545
Hell's Kitchen,2023-06-30 19:00:00,Bakery,4.019658923899239
Hell's Kitchen,2023-06-30 19:00:00,Coffee,4.019658923899239
Hell's Kitchen,2023-06-30 19:00:00,Coffee beans,4.019658923899239
Hell's Kitchen,2023-06-30 19:00:00,Drinking Chocolate,4.019658923899239
Hell's Kitchen,2023-06-30 19:00:00,Flavours,4.019658923899239
Hell's Kitchen,2023-06-30 19:00:00,Tea,4.019658923899239
Lower Manhattan,2023-06-04 07:00:00,Bakery,7.507844615565918
Lower Manhattan,2023-06-04 07:00:00,Coffee,7.507844615565918
Lower Manhattan,2023-06-04 07:00:00,Coffee beans,7.507844615565918
Lower Manhattan,2023-06-04 07:00:00,Drinking Chocolate,7.507844615565918
Lower Manhattan,2023-06-04 07:00:00,Flavours,7.507844615565918
Lower Manhattan,2023-06-04 07:00:00,Tea,7.507844615565918
Lower Manhattan,2023-06-04 08:00:00,Bakery,7.6106303048926645
Lower Manhattan,2023-06-04 08:00:00,Coffee,7.6106303048926645
Lower Manhattan,2023-06-04 08:00:00,Coffee beans,7.6106303048926645
Lower Manhattan,2023-06-04 08:00:00,Drinking Chocolate,7.6106303048926645
Lower Manhattan,2023-06-04 08:00:00,Flavours,7.6106303048926645
Lower Manhattan,2023-06-04 08:00:00,Tea,7.6106303048926645
Lower Manhattan,2023-06-04 09:00:00,Bakery,9.667264056449087
Lower Manhattan,2023-06-04 09:00:00,Coffee,9.667264056449087
Lower Manhattan,2023-06-04 09:00:00,Coffee beans,9.667264056449087
Lower Manhattan,2023-06-04 09:00:00,Drinking Chocolate,9.667264056449087
Lower Manhattan,2023-06-04 09:00:00,Flavours,9.667264056449087
Lower Manhattan,2023-06-04 09:00:00,Tea,9.667264056449087
Lower Manhattan,2023-06-04 10:00:00,Bakery,2.9245952940361573
Lower Manhattan,2023-06-04 10:00:00,Coffee,2.9245952940361573
Lower Manhattan,2023-06-04 10:00:00,Coffee beans,2.9245952940361573
Lower Manhattan,2023-06-04 10:00:00,Drinking Chocolate,2.9245952940361573
Lower Manhattan,2023-06-04 10:00:00,Flavours,2.9245952940361573
Lower Manhattan,2023-06-04 10:00:00,Tea,2.9245952940361573
Lower Manhattan,2023-06-04 11:00:00,Bakery,3.15698828770278
Lower Manhattan,2023-06-04 11:00:00,Coffee,3.15698828770278
Lower Manhattan,2023-06-04 11:00:00,Coffee beans,3.15698828770278
Lower Manhattan,2023-06-04 11:00:00,Drinking Chocolate,3.15698828770278
Lower Manhattan,2023-06-04 11:00:00,Flavours,3.15698828770278
Lower Manhattan,2023-06-04 11:00:00,Tea,3.15698828770278
Lower Manhattan,2023-06-04 12:00:00,Bakery,3.4286789408349136
Lower Manhattan,2023-06-04 12:00:00,Coffee,3.4286789408349136
Lower Manhattan,2023-06-04 12:00:00,Coffee beans,3.4286789408349136
Lower Manhattan,2023-06-04 12:00:00,Drinking Chocolate,3.4286789408349136
Lower Manhattan,2023-06-04 12:00:00,Flavours,3.4286789408349136
Lower Manhattan,2023-06-04 12:00:00,Tea,3.4286789408349136
Lower Manhattan,2023-06-04 13:00:00,Bakery,3.495855590926943
Lower Manhattan,2023-06-04 13:00:00,Coffee,3.495855590926943
Lower Manhattan,2023-06-04 13:00:00,Coffee beans,3.495855590926943
Lower Manhattan,2023-06-04 13:00:00,Drinking Chocolate,3.495855590926943
Lower Manhattan,2023-06-04 13:00:00,Flavours,3.495855590926943
Lower Manhattan,2023-06-04 13:00:00,Tea,3.495855590926943
Lower Manhattan,2023-06-04 14:00:00,Bakery,3.2187098215038623
Lower Manhattan,2023-06-04 14:00:00,Coffee,3.2187098215038623
Lower Manhattan,2023-06-04 14:00:00,Coffee beans,3.2187098215038623
Lower Manhattan,2023-06-04 14:00:00,Drinking Chocolate,3.2187098215038623
Lower Manhattan,2023-06-04 14:00:00,Flavours,3.2187098215038623
Lower Manhattan,2023-06-04 14:00:00,Tea,3.2187098215038623
Lower Manhattan,2023-06-04 15:00:00,Bakery,3.177176282831039
Lower Manhattan,2023-06-04 15:00:00,Coffee,3.177176282831039
Lower Manhattan,2023-06-04 15:00:00,Coffee beans,3.177176282831039
Lower Manhattan,2023-06-04 15:00:00,Drinking Chocolate,3.177176282831039
Lower Manhattan,2023-06-04 15:00:00,Flavours,3.177176282831039
Lower Manhattan,2023-06-04 15:00:00,Tea,3.177176282831039
Lower Manhattan,2023-06-04 16:00:00,Bakery,2.8772248642767724
Lower Manhattan,2023-06-04 16:00:00,Coffee,2.8772248642767724
Lower Manhattan,2023-06-04 16:00:00,Coffee beans,2.8772248642767724
Lower Manhattan,2023-06-04 16:00:00,Drinking Chocolate,2.8772248642767724
Lower Manhattan,2023-06-04 16:00:00,Flavours,2.8772248642767724
Lower Manhattan,2023-06-04 16:00:00,Tea,2.8772248642767724
Lower Manhattan,2023-06-04 17:00:00,Bakery,2.8972920064030765
Lower Manhattan,2023-06-04 17:00:00,Coffee,2.8972920064030765
Lower Manhattan,2023-06-04 17:00:00,Coffee beans,2.8972920064030765
Lower Manhattan,2023-06-04 17:00:00,Drinking Chocolate,2.8972920064030765
Lower Manhattan,2023-06-04 17:00:00,Flavours,2.8972920064030765
Lower Manhattan,2023-06-04 17:00:00,Tea,2.8972920064030765
Lower Manhattan,2023-06-04 18:00:00,Bakery,4.702235695751804
Lower Manhattan,2023-06-04 18:00:00,Coffee,4.702235695751804
Lower Manhattan,2023-06-04 18:00:00,Coffee beans,4.702235695751804
Lower Manhattan,2023-06-04 18:00:00,Drinking Chocolate,4.702235695751804
Lower Manhattan,2023-06-04 18:00:00,Flavours,4.702235695751804
Lower Manhattan,2023-06-04 18:00:00,Tea,4.702235695751804
Lower Manhattan,2023-06-05 07:00:00,Bakery,8.902369665483151
Lower Manhattan,2023-06-05 07:00:00,Coffee,8.902369665483151
Lower Manhattan,2023-06-05 07:00:00,Coffee beans,8.902369665483151
Lower Manhattan,2023-06-05 07:00:00,Drinking Chocolate,8.902369665483151
Lower Manhattan,2023-06-05 07:00:00,Flavours,8.902369665483151
Lower Manhattan,2023-06-05 07:00:00,Tea,8.902369665483151
Lower Manhattan,2023-06-05 08:00:00,Bakery,9.382662830918184
Lower Manhattan,2023-06-05 08:00:00,Coffee,9.382662830918184
Lower Manhattan,2023-06-05 08:00:00,Coffee beans,9.382662830918184
Lower Manhattan,2023-06-05 08:00:00,Drinking Chocolate,9.382662830918184
Lower Manhattan,2023-06-05 08:00:00,Flavours,9.382662830918184
Lower Manhattan,2023-06-05 08:00:00,Tea,9.382662830918184
Lower Manhattan,2023-06-05 09:00:00,Bakery,8.051686276938938
Lower Manhattan,2023-06-05 09:00:00,Coffee,8.051686276938938
Lower Manhattan,2023-06-05 09:00:00,Coffee beans,8.051686276938938
Lower Manhattan,2023-06-05 09:00:00,Drinking Chocolate,8.051686276938938
Lower Manhattan,2023-06-05 09:00:00,Flavours,8.051686276938938
Lower Manhattan,2023-06-05 09:00:00,Tea,8.051686276938938
Lower Manhattan,2023-06-05 10:00:00,Bakery,3.117710939395526
Lower Manhattan,2023-06-05 10:00:00,Coffee,3.117710939395526
Lower Manhattan,2023-06-05 10:00:00,Coffee beans,3.117710939395526
Lower Manhattan,2023-06-05 10:00:00,Drinking Chocolate,3.117710939395526
Lower Manhattan,2023-06-05 10:00:00,Flavours,3.117710939395526
Lower Manhattan,2023-06-05 10:00:00,Tea,3.117710939395526
Lower Manhattan,2023-06-05 11:00:00,Bakery,3.660154372785429
Lower Manhattan,2023-06-05 11:00:00,Coffee,3.660154372785429
Lower Manhattan,2023-06-05 11:00:00,Coffee beans,3.660154372785429
Lower Manhattan,2023-06-05 11:00:00,Drinking Chocolate,3.660154372785429
Lower Manhattan,2023-06-05 11:00:00,Flavours,3.660154372785429
Lower Manhattan,2023-06-05 11:00:00,Tea,3.660154372785429
Lower Manhattan,2023-06-05 12:00:00,Bakery,3.418175017613891
Lower Manhattan,2023-06-05 12:00:00,Coffee,3.418175017613891
Lower Manhattan,2023-06-05 12:00:00,Coffee beans,3.418175017613891
Lower Manhattan,2023-06-05 12:00:00,Drinking Chocolate,3.418175017613891
Lower Manhattan,2023-06-05 12:00:00,Flavours,3.418175017613891
Lower Manhattan,2023-06-05 12:00:00,Tea,3.418175017613891
Lower Manhattan,2023-06-05 13:00:00,Bakery,3.4534512137828113
Lower Manhattan,2023-06-05 13:00:00,Coffee,3.4534512137828113
Lower Manhattan,2023-06-05 13:00:00,Coffee beans,3.4534512137828113
Lower Manhattan,2023-06-05 13:00:00,Drinking Chocolate,3.4534512137828113
Lower Manhattan,2023-06-05 13:00:00,Flavours,3.4534512137828113
Lower Manhattan,2023-06-05 13:00:00,Tea,3.4534512137828113
Lower Manhattan,2023-06-05 14:00:00,Bakery,3.518438346569734
Lower Manhattan,2023-06-05 14:00:00,Coffee,3.518438346569734
Lower Manhattan,2023-06-05 14:00:00,Coffee beans,3.518438346569734
Lower Manhattan,2023-06-05 14:00:00,Drinking Chocolate,3.518438346569734
Lower Manhattan,2023-06-05 14:00:00,Flavours,3.518438346569734
Lower Manhattan,2023-06-05 14:00:00,Tea,3.518438346569734
Lower Manhattan,2023-06-05 15:00:00,Bakery,3.453163400098383
Lower Manhattan,2023-06-05 15:00:00,Coffee,3.453163400098383
Lower Manhattan,2023-06-05 15:00:00,Coffee beans,3.453163400098383
Lower Manhattan,2023-06-05 15:00:00,Drinking Chocolate,3.453163400098383
Lower Manhattan,2023-06-05 15:00:00,Flavours,3.453163400098383
Lower Manhattan,2023-06-05 15:00:00,Tea,3.453163400098383
Lower Manhattan,2023-06-05 16:00:00,Bakery,3.114092552241901
Lower Manhattan,2023-06-05 16:00:00,Coffee,3.114092552241901
Lower Manhattan,2023-06-05 16:00:00,Coffee beans,3.114092552241901
Lower Manhattan,2023-06-05 16:00:00,Drinking Chocolate,3.114092552241901
Lower Manhattan,2023-06-05 16:00:00,Flavours,3.114092552241901
Lower Manhattan,2023-06-05 16:00:00,Tea,3.114092552241901
Lower Manhattan,2023-06-05 17:00:00,Bakery,2.518574598561908
Lower Manhattan,2023-06-05 17:00:00,Coffee,2.518574598561908
Lower Manhattan,2023-06-05 17:00:00,Coffee beans,2.518574598561908
Lower Manhattan,2023-06-05 17:00:00,Drinking Chocolate,2.518574598561908
Lower Manhattan,2023-06-05 17:00:00,Flavours,2.518574598561908
Lower Manhattan,2023-06-05 17:00:00,Tea,2.518574598561908
Lower Manhattan,2023-06-05 18:00:00,Bakery,4.835244918713602
Lower Manhattan,2023-06-05 18:00:00,Coffee,4.835244918713602
Lower Manhattan,2023-06-05 18:00:00,Coffee beans,4.835244918713602
Lower Manhattan,2023-06-05 18:00:00,Drinking Chocolate,4.835244918713602
Lower Manhattan,2023-06-05 18:00:00,Flavours,4.835244918713602
Lower Manhattan,2023-06-05 18:00:00,Tea,4.835244918713602
Lower Manhattan,2023-06-06 07:00:00,Bakery,8.443520851174686
Lower Manhattan,2023-06-06 07:00:00,Coffee,8.443520851174686
Lower Manhattan,2023-06-06 07:00:00,Coffee beans,8.443520851174686
Lower Manhattan,2023-06-06 07:00:00,Drinking Chocolate,8.443520851174686
Lower Manhattan,2023-06-06 07:00:00,Flavours,8.443520851174686
Lower Manhattan,2023-06-06 07:00:00,Tea,8.443520851174686
Lower Manhattan,2023-06-06 08:00:00,Bakery,8.263448595928004
Lower Manhattan,2023-06-06 08:00:00,Coffee,8.263448595928004
Lower Manhattan,2023-06-06 08:00:00,Coffee beans,8.263448595928004
Lower Manhattan,2023-06-06 08:00:00,Drinking Chocolate,8.263448595928004
Lower Manhattan,2023-06-06 08:00:00,Flavours,8.263448595928004
Lower Manhattan,2023-06-06 08:00:00,Tea,8.263448595928004
Lower Manhattan,2023-06-06 09:00:00,Bakery,7.622739092791662
Lower Manhattan,2023-06-06 09:00:00,Coffee,7.622739092791662
Lower Manhattan,2023-06-06 09:00:00,Coffee beans,7.622739092791662
Lower Manhattan,2023-06-06 09:00:00,Drinking Chocolate,7.622739092791662
Lower Manhattan,2023-06-06 09:00:00,Flavours,7.622739092791662
Lower Manhattan,2023-06-06 09:00:00,Tea,7.622739092791662
Lower Manhattan,2023-06-06 10:00:00,Bakery,3.051225150738909
Lower Manhattan,2023-06-06 10:00:00,Coffee,3.051225150738909
Lower Manhattan,2023-06-06 10:00:00,Coffee beans,3.051225150738909
Lower Manhattan,2023-06-06 10:00:00,Drinking Chocolate,3.051225150738909
Lower Manhattan,2023-06-06 10:00:00,Flavours,3.051225150738909
Lower Manhattan,2023-06-06 10:00:00,Tea,3.051225150738909
Lower Manhattan,2023-06-06 11:00:00,Bakery,3.758968450812622
Lower Manhattan,2023-06-06 11:00:00,Coffee,3.758968450812622
Lower Manhattan,2023-06-06 11:00:00,Coffee beans,3.758968450812622
Lower Manhattan,2023-06-06 11:00:00,Drinking Chocolate,3.758968450812622
Lower Manhattan,2023-06-06 11:00:00,Flavours,3.758968450812622
Lower Manhattan,2023-06-06 11:00:00,Tea,3.758968450812622
Lower Manhattan,2023-06-06 12:00:00,Bakery,3.4129707998274474
Lower Manhattan,2023-06-06 12:00:00,Coffee,3.4129707998274474
Lower Manhattan,2023-06-06 12:00:00,Coffee beans,3.4129707998274474
Lower Manhattan,2023-06-06 12:00:00,Drinking Chocolate,3.4129707998274474
Lower Manhattan,2023-06-06 12:00:00,Flavours,3.4129707998274474
Lower Manhattan,2023-06-06 12:00:00,Tea,3.4129707998274474
Lower Manhattan,2023-06-06 13:00:00,Bakery,3.5154245787612575
Lower Manhattan,2023-06-06 13:00:00,Coffee,3.5154245787612575
Lower Manhattan,2023-06-06 13:00:00,Coffee beans,3.5154245787612575
Lower Manhattan,2023-06-06 13:00:00,Drinking Chocolate,3.5154245787612575
Lower Manhattan,2023-06-06 13:00:00,Flavours,3.5154245787612575
Lower Manhattan,2023-06-06 13:00:00,Tea,3.5154245787612575
Lower Manhattan,2023-06-06 14:00:00,Bakery,3.4216936873796215
Lower Manhattan,2023-06-06 14:00:00,Coffee,3.4216936873796215
Lower Manhattan,2023-06-06 14:00:00,Coffee beans,3.4216936873796215
Lower Manhattan,2023-06-06 14:00:00,Drinking Chocolate,3.4216936873796215
Lower Manhattan,2023-06-06 14:00:00,Flavours,3.4216936873796215
Lower Manhattan,2023-06-06 14:00:00,Tea,3.4216936873796215
Lower Manhattan,2023-06-06 15:00:00,Bakery,3.217063231700608
Lower Manhattan,2023-06-06 15:00:00,Coffee,3.217063231700608
Lower Manhattan,2023-06-06 15:00:00,Coffee beans,3.217063231700608
Lower Manhattan,2023-06-06 15:00:00,Drinking Chocolate,3.217063231700608
Lower Manhattan,2023-06-06 15:00:00,Flavours,3.217063231700608
Lower Manhattan,2023-06-06 15:00:00,Tea,3.217063231700608
Lower Manhattan,2023-06-06 16:00:00,Bakery,3.6017124179602713
Lower Manhattan,2023-06-06 16:00:00,Coffee,3.6017124179602713
Lower Manhattan,2023-06-06 16:00:00,Coffee beans,3.6017124179602713
Lower Manhattan,2023-06-06 16:00:00,Drinking Chocolate,3.6017124179602713
Lower Manhattan,2023-06-06 16:00:00,Flavours,3.6017124179602713
Lower Manhattan,2023-06-06 16:00:00,Tea,3.6017124179602713
Lower Manhattan,2023-06-06 17:00:00,Bakery,2.6704566776624525
Lower Manhattan,2023-06-06 17:00:00,Coffee,2.6704566776624525
Lower Manhattan,2023-06-06 17:00:00,Coffee beans,2.6704566776624525
Lower Manhattan,2023-06-06 17:00:00,Drinking Chocolate,2.6704566776624525
Lower Manhattan,2023-06-06 17:00:00,Flavours,2.6704566776624525
Lower Manhattan,2023-06-06 17:00:00,Tea,2.6704566776624525
Lower Manhattan,2023-06-06 18:00:00,Bakery,4.312840215011133
Lower Manhattan,2023-06-06 18:00:00,Coffee,4.312840215011133
Lower Manhattan,2023-06-06 18:00:00,Coffee beans,4.312840215011133
Lower Manhattan,2023-06-06 18:00:00,Drinking Chocolate,4.312840215011133
Lower Manhattan,2023-06-06 18:00:00,Flavours,4.312840215011133
Lower Manhattan,2023-06-06 18:00:00,Tea,4.312840215011133
Lower Manhattan,2023-06-07 06:00:00,Bakery,7.581994409843478
Lower Manhattan,2023-06-07 06:00:00,Coffee,7.581994409843478
Lower Manhattan,2023-06-07 06:00:00,Coffee beans,7.581994409843478
Lower Manhattan,2023-06-07 06:00:00,Drinking Chocolate,7.581994409843478
Lower Manhattan,2023-06-07 06:00:00,Flavours,7.581994409843478
Lower Manhattan,2023-06-07 06:00:00,Tea,7.581994409843478
Lower Manhattan,2023-06-07 07:00:00,Bakery,8.227705506780811
Lower Manhattan,2023-06-07 07:00:00,Coffee,8.227705506780811
Lower Manhattan,2023-06-07 07:00:00,Coffee beans,8.227705506780811
Lower Manhattan,2023-06-07 07:00:00,Drinking Chocolate,8.227705506780811
Lower Manhattan,2023-06-07 07:00:00,Flavours,8.227705506780811
Lower Manhattan,2023-06-07 07:00:00,Tea,8.227705506780811
Lower Manhattan,2023-06-07 08:00:00,Bakery,8.40762934132186
Lower Manhattan,2023-06-07 08:00:00,Coffee,8.40762934132186
Lower Manhattan,2023-06-07 08:00:00,Coffee beans,8.40762934132186
Lower Manhattan,2023-06-07 08:00:00,Drinking Chocolate,8.40762934132186
Lower Manhattan,2023-06-07 08:00:00,Flavours,8.40762934132186
Lower Manhattan,2023-06-07 08:00:00,Tea,8.40762934132186
Lower Manhattan,2023-06-07 09:00:00,Bakery,8.263528611213449
Lower Manhattan,2023-06-07 09:00:00,Coffee,8.263528611213449
Lower Manhattan,2023-06-07 09:00:00,Coffee beans,8.263528611213449
Lower Manhattan,2023-06-07 09:00:00,Drinking Chocolate,8.263528611213449
Lower Manhattan,2023-06-07 09:00:00,Flavours,8.263528611213449
Lower Manhattan,2023-06-07 09:00:00,Tea,8.263528611213449
Lower Manhattan,2023-06-07 10:00:00,Bakery,3.650518052902606
Lower Manhattan,2023-06-07 10:00:00,Coffee,3.650518052902606
Lower Manhattan,2023-06-07 10:00:00,Coffee beans,3.650518052902606
Lower Manhattan,2023-06-07 10:00:00,Drinking Chocolate,3.650518052902606
Lower Manhattan,2023-06-07 10:00:00,Flavours,3.650518052902606
Lower Manhattan,2023-06-07 10:00:00,Tea,3.650518052902606
Lower Manhattan,2023-06-07 11:00:00,Bakery,4.102071806879346
Lower Manhattan,2023-06-07 11:00:00,Coffee,4.102071806879346
Lower Manhattan,2023-06-07 11:00:00,Coffee beans,4.102071806879346
Lower Manhattan,2023-06-07 11:00:00,Drinking Chocolate,4.102071806879346
Lower Manhattan,2023-06-07 11:00:00,Flavours,4.102071806879346
Lower Manhattan,2023-06-07 11:00:00,Tea,4.102071806879346
Lower Manhattan,2023-06-07 12:00:00,Bakery,3.8013252412552903
Lower Manhattan,2023-06-07 12:00:00,Coffee,3.8013252412552903
Lower Manhattan,2023-06-07 12:00:00,Coffee beans,3.8013252412552903
Lower Manhattan,2023-06-07 12:00:00,Drinking Chocolate,3.8013252412552903
Lower Manhattan,2023-06-07 12:00:00,Flavours,3.8013252412552903
Lower Manhattan,2023-06-07 12:00:00,Tea,3.8013252412552903
Lower Manhattan,2023-06-08 07:00:00,Bakery,8.227705506780811
Lower Manhattan,2023-06-08 07:00:00,Coffee,8.227705506780811
Lower Manhattan,2023-06-08 07:00:00,Coffee beans,8.227705506780811
Lower Manhattan,2023-06-08 07:00:00,Drinking Chocolate,8.227705506780811
Lower Manhattan,2023-06-08 07:00:00,Flavours,8.227705506780811
Lower Manhattan,2023-06-08 07:00:00,Tea,8.227705506780811
Lower Manhattan,2023-06-08 08:00:00,Bakery,9.070887790916231
Lower Manhattan,2023-06-08 08:00:00,Coffee,9.070887790916231
Lower Manhattan,2023-06-08 08:00:00,Coffee beans,9.070887790916231
Lower Manhattan,2023-06-08 08:00:00,Drinking Chocolate,9.070887790916231
Lower Manhattan,2023-06-08 08:00:00,Flavours,9.070887790916231
Lower Manhattan,2023-06-08 08:00:00,Tea,9.070887790916231
Lower Manhattan,2023-06-08 09:00:00,Bakery,10.1021878784185
Lower Manhattan,2023-06-08 09:00:00,Coffee,10.1021878784185
Lower Manhattan,2023-06-08 09:00:00,Coffee beans,10.1021878784185
Lower Manhattan,2023-06-08 09:00:00,Drinking Chocolate,10.1021878784185
Lower Manhattan,2023-06-08 09:00:00,Flavours,10.1021878784185
Lower Manhattan,2023-06-08 09:00:00,Tea,10.1021878784185
Lower Manhattan,2023-06-08 10:00:00,Bakery,3.7367479938080366
Lower Manhattan,2023-06-08 10:00:00,Coffee,3.7367479938080366
Lower Manhattan,2023-06-08 10:00:00,Coffee beans,3.7367479938080366
Lower Manhattan,2023-06-08 10:00:00,Drinking Chocolate,3.7367479938080366
Lower Manhattan,2023-06-08 10:00:00,Flavours,3.7367479938080366
Lower Manhattan,2023-06-08 10:00:00,Tea,3.7367479938080366
Lower Manhattan,2023-06-08 11:00:00,Bakery,3.632074599569359
Lower Manhattan,2023-06-08 11:00:00,Coffee,3.632074599569359
Lower Manhattan,2023-06-08 11:00:00,Coffee beans,3.632074599569359
Lower Manhattan,2023-06-08 11:00:00,Drinking Chocolate,3.632074599569359
Lower Manhattan,2023-06-08 11:00:00,Flavours,3.632074599569359
Lower Manhattan,2023-06-08 11:00:00,Tea,3.632074599569359
Lower Manhattan,2023-06-08 12:00:00,Bakery,4.383201596674045
Lower Manhattan,2023-06-08 12:00:00,Coffee,4.383201596674045
Lower Manhattan,2023-06-08 12:00:00,Coffee beans,4.383201596674045
Lower Manhattan,2023-06-08 12:00:00,Drinking Chocolate,4.383201596674045
Lower Manhattan,2023-06-08 12:00:00,Flavours,4.383201596674045
Lower Manhattan,2023-06-08 12:00:00,Tea,4.383201596674045
Lower Manhattan,2023-06-08 13:00:00,Bakery,4.358569166630986
Lower Manhattan,2023-06-08 13:00:00,Coffee,4.358569166630986
Lower Manhattan,2023-06-08 13:00:00,Coffee beans,4.358569166630986
Lower Manhattan,2023-06-08 13:00:00,Drinking Chocolate,4.358569166630986
Lower Manhattan,2023-06-08 13:00:00,Flavours,4.358569166630986
Lower Manhattan,2023-06-08 13:00:00,Tea,4.358569166630986
Lower Manhattan,2023-06-08 14:00:00,Bakery,3.4647550448623843
Lower Manhattan,2023-06-08 14:00:00,Coffee,3.4647550448623843
Lower Manhattan,2023-06-08 14:00:00,Coffee beans,3.4647550448623843
Lower Manhattan,2023-06-08 14:00:00,Drinking Chocolate,3.4647550448623843
Lower Manhattan,2023-06-08 14:00:00,Flavours,3.4647550448623843
Lower Manhattan,2023-06-08 14:00:00,Tea,3.4647550448623843
Lower Manhattan,2023-06-08 15:00:00,Bakery,4.228787260623975
Lower Manhattan,2023-06-08 15:00:00,Coffee,4.228787260623975
Lower Manhattan,2023-06-08 15:00:00,Coffee beans,4.228787260623975
Lower Manhattan,2023-06-08 15:00:00,Drinking Chocolate,4.228787260623975
Lower Manhattan,2023-06-08 15:00:00,Flavours,4.228787260623975
Lower Manhattan,2023-06-08 15:00:00,Tea,4.228787260623975
Lower Manhattan,2023-06-08 16:00:00,Bakery,4.201891829329041
Lower Manhattan,2023-06-08 16:00:00,Coffee,4.201891829329041
Lower Manhattan,2023-06-08 16:00:00,Coffee beans,4.201891829329041
Lower Manhattan,2023-06-08 16:00:00,Drinking Chocolate,4.201891829329041
Lower Manhattan,2023-06-08 16:00:00,Flavours,4.201891829329041
Lower Manhattan,2023-06-08 16:00:00,Tea,4.201891829329041
Lower Manhattan,2023-06-08 17:00:00,Bakery,3.874537914189646
Lower Manhattan,2023-06-08 17:00:00,Coffee,3.874537914189646
Lower Manhattan,2023-06-08 17:00:00,Coffee beans,3.874537914189646
Lower Manhattan,2023-06-08 17:00:00,Drinking Chocolate,3.874537914189646
Lower Manhattan,2023-06-08 17:00:00,Flavours,3.874537914189646
Lower Manhattan,2023-06-08 17:00:00,Tea,3.874537914189646
Lower Manhattan,2023-06-08 18:00:00,Bakery,5.869998478334896
Lower Manhattan,2023-06-08 18:00:00,Coffee,5.869998478334896
Lower Manhattan,2023-06-08 18:00:00,Coffee beans,5.869998478334896
Lower Manhattan,2023-06-08 18:00:00,Drinking Chocolate,5.869998478334896
Lower Manhattan,2023-06-08 18:00:00,Flavours,5.869998478334896
Lower Manhattan,2023-06-08 18:00:00,Tea,5.869998478334896
Lower Manhattan,2023-06-08 19:00:00,Bakery,4.002737107719821
Lower Manhattan,2023-06-08 19:00:00,Coffee,4.002737107719821
Lower Manhattan,2023-06-08 19:00:00,Coffee beans,4.002737107719821
Lower Manhattan,2023-06-08 19:00:00,Drinking Chocolate,4.002737107719821
Lower Manhattan,2023-06-08 19:00:00,Flavours,4.002737107719821
Lower Manhattan,2023-06-08 19:00:00,Tea,4.002737107719821
Lower Manhattan,2023-06-08 20:00:00,Bakery,4.692016059206451
Lower Manhattan,2023-06-08 20:00:00,Coffee,4.692016059206451
Lower Manhattan,2023-06-08 20:00:00,Coffee beans,4.692016059206451
Lower Manhattan,2023-06-08 20:00:00,Drinking Chocolate,4.692016059206451
Lower Manhattan,2023-06-08 20:00:00,Flavours,4.692016059206451
Lower Manhattan,2023-06-08 20:00:00,Tea,4.692016059206451
Lower Manhattan,2023-06-09 07:00:00,Bakery,8.396875671257396
Lower Manhattan,2023-06-09 07:00:00,Coffee,8.396875671257396
Lower Manhattan,2023-06-09 07:00:00,Coffee beans,8.396875671257396
Lower Manhattan,2023-06-09 07:00:00,Drinking Chocolate,8.396875671257396
Lower Manhattan,2023-06-09 07:00:00,Flavours,8.396875671257396
Lower Manhattan,2023-06-09 07:00:00,Tea,8.396875671257396
Lower Manhattan,2023-06-09 08:00:00,Bakery,9.627612665138836
Lower Manhattan,2023-06-09 08:00:00,Coffee,9.627612665138836
Lower Manhattan,2023-06-09 08:00:00,Coffee beans,9.627612665138836
Lower Manhattan,2023-06-09 08:00:00,Drinking Chocolate,9.627612665138836
Lower Manhattan,2023-06-09 08:00:00,Flavours,9.627612665138836
Lower Manhattan,2023-06-09 08:00:00,Tea,9.627612665138836
Lower Manhattan,2023-06-09 09:00:00,Bakery,9.199049071161559
Lower Manhattan,2023-06-09 09:00:00,Coffee,9.199049071161559
Lower Manhattan,2023-06-09 09:00:00,Coffee beans,9.199049071161559
Lower Manhattan,2023-06-09 09:00:00,Drinking Chocolate,9.199049071161559
Lower Manhattan,2023-06-09 09:00:00,Flavours,9.199049071161559
Lower Manhattan,2023-06-09 09:00:00,Tea,9.199049071161559
Lower Manhattan,2023-06-09 10:00:00,Bakery,3.3243821129701
Lower Manhattan,2023-06-09 10:00:00,Coffee,3.3243821129701
Lower Manhattan,2023-06-09 10:00:00,Coffee beans,3.3243821129701
Lower Manhattan,2023-06-09 10:00:00,Drinking Chocolate,3.3243821129701
Lower Manhattan,2023-06-09 10:00:00,Flavours,3.3243821129701
Lower Manhattan,2023-06-09 10:00:00,Tea,3.3243821129701
Lower Manhattan,2023-06-09 11:00:00,Bakery,3.8762041297781
Lower Manhattan,2023-06-09 11:00:00,Coffee,3.8762041297781
Lower Manhattan,2023-06-09 11:00:00,Coffee beans,3.8762041297781
Lower Manhattan,2023-06-09 11:00:00,Drinking Chocolate,3.8762041297781
Lower Manhattan,2023-06-09 11:00:00,Flavours,3.8762041297781
Lower Manhattan,2023-06-09 11:00:00,Tea,3.8762041297781
Lower Manhattan,2023-06-09 12:00:00,Bakery,4.2655422874047355
Lower Manhattan,2023-06-09 12:00:00,Coffee,4.2655422874047355
Lower Manhattan,2023-06-09 12:00:00,Coffee beans,4.2655422874047355
Lower Manhattan,2023-06-09 12:00:00,Drinking Chocolate,4.2655422874047355
Lower Manhattan,2023-06-09 12:00:00,Flavours,4.2655422874047355
Lower Manhattan,2023-06-09 12:00:00,Tea,4.2655422874047355
Lower Manhattan,2023-06-09 13:00:00,Bakery,4.2246390146762645
Lower Manhattan,2023-06-09 13:00:00,Coffee,4.2246390146762645
Lower Manhattan,2023-06-09 13:00:00,Coffee beans,4.2246390146762645
Lower Manhattan,2023-06-09 13:00:00,Drinking Chocolate,4.2246390146762645
Lower Manhattan,2023-06-09 13:00:00,Flavours,4.2246390146762645
Lower Manhattan,2023-06-09 13:00:00,Tea,4.2246390146762645
Lower Manhattan,2023-06-09 14:00:00,Bakery,3.904900541131138
Lower Manhattan,2023-06-09 14:00:00,Coffee,3.904900541131138
Lower Manhattan,2023-06-09 14:00:00,Coffee beans,3.904900541131138
Lower Manhattan,2023-06-09 14:00:00,Drinking Chocolate,3.904900541131138
Lower Manhattan,2023-06-09 14:00:00,Flavours,3.904900541131138
Lower Manhattan,2023-06-09 14:00:00,Tea,3.904900541131138
Lower Manhattan,2023-06-09 15:00:00,Bakery,3.288633749659735
Lower Manhattan,2023-06-09 15:00:00,Coffee,3.288633749659735
Lower Manhattan,2023-06-09 15:00:00,Coffee beans,3.288633749659735
Lower Manhattan,2023-06-09 15:00:00,Drinking Chocolate,3.288633749659735
Lower Manhattan,2023-06-09 15:00:00,Flavours,3.288633749659735
Lower Manhattan,2023-06-09 15:00:00,Tea,3.288633749659735
Lower Manhattan,2023-06-09 16:00:00,Bakery,3.4147816123602377
Lower Manhattan,2023-06-09 16:00:00,Coffee,3.4147816123602377
Lower Manhattan,2023-06-09 16:00:00,Coffee beans,3.4147816123602377
Lower Manhattan,2023-06-09 16:00:00,Drinking Chocolate,3.4147816123602377
Lower Manhattan,2023-06-09 16:00:00,Flavours,3.4147816123602377
Lower Manhattan,2023-06-09 16:00:00,Tea,3.4147816123602377
Lower Manhattan,2023-06-09 17:00:00,Bakery,3.1602445058449473
Lower Manhattan,2023-06-09 17:00:00,Coffee,3.1602445058449473
Lower Manhattan,2023-06-09 17:00:00,Coffee beans,3.1602445058449473
Lower Manhattan,2023-06-09 17:00:00,Drinking Chocolate,3.1602445058449473
Lower Manhattan,2023-06-09 17:00:00,Flavours,3.1602445058449473
Lower Manhattan,2023-06-09 17:00:00,Tea,3.1602445058449473
Lower Manhattan,2023-06-09 18:00:00,Bakery,5.87279757415587
Lower Manhattan,2023-06-09 18:00:00,Coffee,5.87279757415587
Lower Manhattan,2023-06-09 18:00:00,Coffee beans,5.87279757415587
Lower Manhattan,2023-06-09 18:00:00,Drinking Chocolate,5.87279757415587
Lower Manhattan,2023-06-09 18:00:00,Flavours,5.87279757415587
Lower Manhattan,2023-06-09 18:00:00,Tea,5.87279757415587
Lower Manhattan,2023-06-09 19:00:00,Bakery,3.5986197779650526
Lower Manhattan,2023-06-09 19:00:00,Coffee,3.5986197779650526
Lower Manhattan,2023-06-09 19:00:00,Coffee beans,3.5986197779650526
Lower Manhattan,2023-06-09 19:00:00,Drinking Chocolate,3.5986197779650526
Lower Manhattan,2023-06-09 19:00:00,Flavours,3.5986197779650526
Lower Manhattan,2023-06-09 19:00:00,Tea,3.5986197779650526
Lower Manhattan,2023-06-09 20:00:00,Bakery,4.649053630540431
Lower Manhattan,2023-06-09 20:00:00,Coffee,4.649053630540431
Lower Manhattan,2023-06-09 20:00:00,Coffee beans,4.649053630540431
Lower Manhattan,2023-06-09 20:00:00,Drinking Chocolate,4.649053630540431
Lower Manhattan,2023-06-09 20:00:00,Flavours,4.649053630540431
Lower Manhattan,2023-06-09 20:00:00,Tea,4.649053630540431
Lower Manhattan,2023-06-10 06:00:00,Bakery,6.5177078132033355
Lower Manhattan,2023-06-10 06:00:00,Coffee,6.5177078132033355
Lower Manhattan,2023-06-10 06:00:00,Coffee beans,6.5177078132033355
Lower Manhattan,2023-06-10 06:00:00,Drinking Chocolate,6.5177078132033355
Lower Manhattan,2023-06-10 06:00:00,Flavours,6.5177078132033355
Lower Manhattan,2023-06-10 06:00:00,Tea,6.5177078132033355
Lower Manhattan,2023-06-10 07:00:00,Bakery,10.1021878784185
Lower Manhattan,2023-06-10 07:00:00,Coffee,10.1021878784185
Lower Manhattan,2023-06-10 07:00:00,Coffee beans,10.1021878784185
Lower Manhattan,2023-06-10 07:00:00,Drinking Chocolate,10.1021878784185
Lower Manhattan,2023-06-10 07:00:00,Flavours,10.1021878784185
Lower Manhattan,2023-06-10 07:00:00,Tea,10.1021878784185
Lower Manhattan,2023-06-10 08:00:00,Bakery,8.871912343653031
Lower Manhattan,2023-06-10 08:00:00,Coffee,8.871912343653031
Lower Manhattan,2023-06-10 08:00:00,Coffee beans,8.871912343653031
Lower Manhattan,2023-06-10 08:00:00,Drinking Chocolate,8.871912343653031
Lower Manhattan,2023-06-10 08:00:00,Flavours,8.871912343653031
Lower Manhattan,2023-06-10 08:00:00,Tea,8.871912343653031
Lower Manhattan,2023-06-10 09:00:00,Bakery,9.627612665138836
Lower Manhattan,2023-06-10 09:00:00,Coffee,9.627612665138836
Lower Manhattan,2023-06-10 09:00:00,Coffee beans,9.627612665138836
Lower Manhattan,2023-06-10 09:00:00,Drinking Chocolate,9.627612665138836
Lower Manhattan,2023-06-10 09:00:00,Flavours,9.627612665138836
Lower Manhattan,2023-06-10 09:00:00,Tea,9.627612665138836
Lower Manhattan,2023-06-10 10:00:00,Bakery,3.1327584067814622
Lower Manhattan,2023-06-10 10:00:00,Coffee,3.1327584067814622
Lower Manhattan,2023-06-10 10:00:00,Coffee beans,3.1327584067814622
Lower Manhattan,2023-06-10 10:00:00,Drinking Chocolate,3.1327584067814622
Lower Manhattan,2023-06-10 10:00:00,Flavours,3.1327584067814622
Lower Manhattan,2023-06-10 10:00:00,Tea,3.1327584067814622
Lower Manhattan,2023-06-10 11:00:00,Bakery,3.7472743178035013
Lower Manhattan,2023-06-10 11:00:00,Coffee,3.7472743178035013
Lower Manhattan,2023-06-10 11:00:00,Coffee beans,3.7472743178035013
Lower Manhattan,2023-06-10 11:00:00,Drinking Chocolate,3.7472743178035013
Lower Manhattan,2023-06-10 11:00:00,Flavours,3.7472743178035013
Lower Manhattan,2023-06-10 11:00:00,Tea,3.7472743178035013
Lower Manhattan,2023-06-10 12:00:00,Bakery,3.8854488025386473
Lower Manhattan,2023-06-10 12:00:00,Coffee,3.8854488025386473
Lower Manhattan,2023-06-10 12:00:00,Coffee beans,3.8854488025386473
Lower Manhattan,2023-06-10 12:00:00,Drinking Chocolate,3.8854488025386473
Lower Manhattan,2023-06-10 12:00:00,Flavours,3.8854488025386473
Lower Manhattan,2023-06-10 12:00:00,Tea,3.8854488025386473
Lower Manhattan,2023-06-10 13:00:00,Bakery,4.158813951067933
Lower Manhattan,2023-06-10 13:00:00,Coffee,4.158813951067933
Lower Manhattan,2023-06-10 13:00:00,Coffee beans,4.158813951067933
Lower Manhattan,2023-06-10 13:00:00,Drinking Chocolate,4.158813951067933
Lower Manhattan,2023-06-10 13:00:00,Flavours,4.158813951067933
Lower Manhattan,2023-06-10 13:00:00,Tea,4.158813951067933
Lower Manhattan,2023-06-10 14:00:00,Bakery,3.337657289642329
Lower Manhattan,2023-06-10 14:00:00,Coffee,3.337657289642329
Lower Manhattan,2023-06-10 14:00:00,Coffee beans,3.337657289642329
Lower Manhattan,2023-06-10 14:00:00,Drinking Chocolate,3.337657289642329
Lower Manhattan,2023-06-10 14:00:00,Flavours,3.337657289642329
Lower Manhattan,2023-06-10 14:00:00,Tea,3.337657289642329
Lower Manhattan,2023-06-10 15:00:00,Bakery,3.3899512132922887
Lower Manhattan,2023-06-10 15:00:00,Coffee,3.3899512132922887
Lower Manhattan,2023-06-10 15:00:00,Coffee beans,3.3899512132922887
Lower Manhattan,2023-06-10 15:00:00,Drinking Chocolate,3.3899512132922887
Lower Manhattan,2023-06-10 15:00:00,Flavours,3.3899512132922887
Lower Manhattan,2023-06-10 15:00:00,Tea,3.3899512132922887
Lower Manhattan,2023-06-10 16:00:00,Bakery,4.0260114809870595
Lower Manhattan,2023-06-10 16:00:00,Coffee,4.0260114809870595
Lower Manhattan,2023-06-10 16:00:00,Coffee beans,4.0260114809870595
Lower Manhattan,2023-06-10 16:00:00,Drinking Chocolate,4.0260114809870595
Lower Manhattan,2023-06-10 16:00:00,Flavours,4.0260114809870595
Lower Manhattan,2023-06-10 16:00:00,Tea,4.0260114809870595
Lower Manhattan,2023-06-10 17:00:00,Bakery,3.1981196291808356
Lower Manhattan,2023-06-10 17:00:00,Coffee,3.1981196291808356
Lower Manhattan,2023-06-10 17:00:00,Coffee beans,3.1981196291808356
Lower Manhattan,2023-06-10 17:00:00,Drinking Chocolate,3.1981196291808356
Lower Manhattan,2023-06-10 17:00:00,Flavours,3.1981196291808356
Lower Manhattan,2023-06-10 17:00:00,Tea,3.1981196291808356
Lower Manhattan,2023-06-10 18:00:00,Bakery,6.361082609142533
Lower Manhattan,2023-06-10 18:00:00,Coffee,6.361082609142533
Lower Manhattan,2023-06-10 18:00:00,Coffee beans,6.361082609142533
Lower Manhattan,2023-06-10 18:00:00,Drinking Chocolate,6.361082609142533
Lower Manhattan,2023-06-10 18:00:00,Flavours,6.361082609142533
Lower Manhattan,2023-06-10 18:00:00,Tea,6.361082609142533
Lower Manhattan,2023-06-11 06:00:00,Bakery,6.989033495870405
Lower Manhattan,2023-06-11 06:00:00,Coffee,6.989033495870405
Lower Manhattan,2023-06-11 06:00:00,Coffee beans,6.989033495870405
Lower Manhattan,2023-06-11 06:00:00,Drinking Chocolate,6.989033495870405
Lower Manhattan,2023-06-11 06:00:00,Flavours,6.989033495870405
Lower Manhattan,2023-06-11 06:00:00,Tea,6.989033495870405
Lower Manhattan,2023-06-11 07:00:00,Bakery,9.357562543279535
Lower Manhattan,2023-06-11 07:00:00,Coffee,9.357562543279535
Lower Manhattan,2023-06-11 07:00:00,Coffee beans,9.357562543279535
Lower Manhattan,2023-06-11 07:00:00,Drinking Chocolate,9.357562543279535
Lower Manhattan,2023-06-11 07:00:00,Flavours,9.357562543279535
Lower Manhattan,2023-06-11 07:00:00,Tea,9.357562543279535
Lower Manhattan,2023-06-11 08:00:00,Bakery,10.245853955060966
Lower Manhattan,2023-06-11 08:00:00,Coffee,10.245853955060966
Lower Manhattan,2023-06-11 08:00:00,Coffee beans,10.245853955060966
Lower Manhattan,2023-06-11 08:00:00,Drinking Chocolate,10.245853955060966
Lower Manhattan,2023-06-11 08:00:00,Flavours,10.245853955060966
Lower Manhattan,2023-06-11 08:00:00,Tea,10.245853955060966
Lower Manhattan,2023-06-11 09:00:00,Bakery,10.245853955060966
Lower Manhattan,2023-06-11 09:00:00,Coffee,10.245853955060966
Lower Manhattan,2023-06-11 09:00:00,Coffee beans,10.245853955060966
Lower Manhattan,2023-06-11 09:00:00,Drinking Chocolate,10.245853955060966
Lower Manhattan,2023-06-11 09:00:00,Flavours,10.245853955060966
Lower Manhattan,2023-06-11 09:00:00,Tea,10.245853955060966
Lower Manhattan,2023-06-11 10:00:00,Bakery,3.2840407886231846
Lower Manhattan,2023-06-11 10:00:00,Coffee,3.2840407886231846
Lower Manhattan,2023-06-11 10:00:00,Coffee beans,3.2840407886231846
Lower Manhattan,2023-06-11 10:00:00,Drinking Chocolate,3.2840407886231846
Lower Manhattan,2023-06-11 10:00:00,Flavours,3.2840407886231846
Lower Manhattan,2023-06-11 10:00:00,Tea,3.2840407886231846
Lower Manhattan,2023-06-11 11:00:00,Bakery,2.8887760900221986
Lower Manhattan,2023-06-11 11:00:00,Coffee,2.8887760900221986
Lower Manhattan,2023-06-11 11:00:00,Coffee beans,2.8887760900221986
Lower Manhattan,2023-06-11 11:00:00,Drinking Chocolate,2.8887760900221986
Lower Manhattan,2023-06-11 11:00:00,Flavours,2.8887760900221986
Lower Manhattan,2023-06-11 11:00:00,Tea,2.8887760900221986
Lower Manhattan,2023-06-11 12:00:00,Bakery,3.5854136365151206
Lower Manhattan,2023-06-11 12:00:00,Coffee,3.5854136365151206
Lower Manhattan,2023-06-11 12:00:00,Coffee beans,3.5854136365151206
Lower Manhattan,2023-06-11 12:00:00,Drinking Chocolate,3.5854136365151206
Lower Manhattan,2023-06-11 12:00:00,Flavours,3.5854136365151206
Lower Manhattan,2023-06-11 12:00:00,Tea,3.5854136365151206
Lower Manhattan,2023-06-11 13:00:00,Bakery,3.729292426594216
Lower Manhattan,2023-06-11 13:00:00,Coffee,3.729292426594216
Lower Manhattan,2023-06-11 13:00:00,Coffee beans,3.729292426594216
Lower Manhattan,2023-06-11 13:00:00,Drinking Chocolate,3.729292426594216
Lower Manhattan,2023-06-11 13:00:00,Flavours,3.729292426594216
Lower Manhattan,2023-06-11 13:00:00,Tea,3.729292426594216
Lower Manhattan,2023-06-11 14:00:00,Bakery,3.1732717893580604
Lower Manhattan,2023-06-11 14:00:00,Coffee,3.1732717893580604
Lower Manhattan,2023-06-11 14:00:00,Coffee beans,3.1732717893580604
Lower Manhattan,2023-06-11 14:00:00,Drinking Chocolate,3.1732717893580604
Lower Manhattan,2023-06-11 14:00:00,Flavours,3.1732717893580604
Lower Manhattan,2023-06-11 14:00:00,Tea,3.1732717893580604
Lower Manhattan,2023-06-11 15:00:00,Bakery,3.2104529894848075
Lower Manhattan,2023-06-11 15:00:00,Coffee,3.2104529894848075
Lower Manhattan,2023-06-11 15:00:00,Coffee beans,3.2104529894848075
Lower Manhattan,2023-06-11 15:00:00,Drinking Chocolate,3.2104529894848075
Lower Manhattan,2023-06-11 15:00:00,Flavours,3.2104529894848075
Lower Manhattan,2023-06-11 15:00:00,Tea,3.2104529894848075
Lower Manhattan,2023-06-11 16:00:00,Bakery,3.176813064842735
Lower Manhattan,2023-06-11 16:00:00,Coffee,3.176813064842735
Lower Manhattan,2023-06-11 16:00:00,Coffee beans,3.176813064842735
Lower Manhattan,2023-06-11 16:00:00,Drinking Chocolate,3.176813064842735
Lower Manhattan,2023-06-11 16:00:00,Flavours,3.176813064842735
Lower Manhattan,2023-06-11 16:00:00,Tea,3.176813064842735
Lower Manhattan,2023-06-11 17:00:00,Bakery,2.621243369165361
Lower Manhattan,2023-06-11 17:00:00,Coffee,2.621243369165361
Lower Manhattan,2023-06-11 17:00:00,Coffee beans,2.621243369165361
Lower Manhattan,2023-06-11 17:00:00,Drinking Chocolate,2.621243369165361
Lower Manhattan,2023-06-11 17:00:00,Flavours,2.621243369165361
Lower Manhattan,2023-06-11 17:00:00,Tea,2.621243369165361
Lower Manhattan,2023-06-11 18:00:00,Bakery,6.5446008326751315
Lower Manhattan,2023-06-11 18:00:00,Coffee,6.5446008326751315
Lower Manhattan,2023-06-11 18:00:00,Coffee beans,6.5446008326751315
Lower Manhattan,2023-06-11 18:00:00,Drinking Chocolate,6.5446008326751315
Lower Manhattan,2023-06-11 18:00:00,Flavours,6.5446008326751315
Lower Manhattan,2023-06-11 18:00:00,Tea,6.5446008326751315
Lower Manhattan,2023-06-12 06:00:00,Bakery,8.216130972630177
Lower Manhattan,2023-06-12 06:00:00,Coffee,8.216130972630177
Lower Manhattan,2023-06-12 06:00:00,Coffee beans,8.216130972630177
Lower Manhattan,2023-06-12 06:00:00,Drinking Chocolate,8.216130972630177
Lower Manhattan,2023-06-12 06:00:00,Flavours,8.216130972630177
Lower Manhattan,2023-06-12 06:00:00,Tea,8.216130972630177
Lower Manhattan,2023-06-12 07:00:00,Bakery,9.60070968535074
Lower Manhattan,2023-06-12 07:00:00,Coffee,9.60070968535074
Lower Manhattan,2023-06-12 07:00:00,Coffee beans,9.60070968535074
Lower Manhattan,2023-06-12 07:00:00,Drinking Chocolate,9.60070968535074
Lower Manhattan,2023-06-12 07:00:00,Flavours,9.60070968535074
Lower Manhattan,2023-06-12 07:00:00,Tea,9.60070968535074
Lower Manhattan,2023-06-12 08:00:00,Bakery,10.720429168340631
Lower Manhattan,2023-06-12 08:00:00,Coffee,10.720429168340631
Lower Manhattan,2023-06-12 08:00:00,Coffee beans,10.720429168340631
Lower Manhattan,2023-06-12 08:00:00,Drinking Chocolate,10.720429168340631
Lower Manhattan,2023-06-12 08:00:00,Flavours,10.720429168340631
Lower Manhattan,2023-06-12 08:00:00,Tea,10.720429168340631
Lower Manhattan,2023-06-12 09:00:00,Bakery,9.751803355012237
Lower Manhattan,2023-06-12 09:00:00,Coffee,9.751803355012237
Lower Manhattan,2023-06-12 09:00:00,Coffee beans,9.751803355012237
Lower Manhattan,2023-06-12 09:00:00,Drinking Chocolate,9.751803355012237
Lower Manhattan,2023-06-12 09:00:00,Flavours,9.751803355012237
Lower Manhattan,2023-06-12 09:00:00,Tea,9.751803355012237
Lower Manhattan,2023-06-12 10:00:00,Bakery,2.905540645562423
Lower Manhattan,2023-06-12 10:00:00,Coffee,2.905540645562423
Lower Manhattan,2023-06-12 10:00:00,Coffee beans,2.905540645562423
Lower Manhattan,2023-06-12 10:00:00,Drinking Chocolate,2.905540645562423
Lower Manhattan,2023-06-12 10:00:00,Flavours,2.905540645562423
Lower Manhattan,2023-06-12 10:00:00,Tea,2.905540645562423
Lower Manhattan,2023-06-12 11:00:00,Bakery,3.1778057525983496
Lower Manhattan,2023-06-12 11:00:00,Coffee,3.1778057525983496
Lower Manhattan,2023-06-12 11:00:00,Coffee beans,3.1778057525983496
Lower Manhattan,2023-06-12 11:00:00,Drinking Chocolate,3.1778057525983496
Lower Manhattan,2023-06-12 11:00:00,Flavours,3.1778057525983496
Lower Manhattan,2023-06-12 11:00:00,Tea,3.1778057525983496
Lower Manhattan,2023-06-12 12:00:00,Bakery,3.1041055244693934
Lower Manhattan,2023-06-12 12:00:00,Coffee,3.1041055244693934
Lower Manhattan,2023-06-12 12:00:00,Coffee beans,3.1041055244693934
Lower Manhattan,2023-06-12 12:00:00,Drinking Chocolate,3.1041055244693934
Lower Manhattan,2023-06-12 12:00:00,Flavours,3.1041055244693934
Lower Manhattan,2023-06-12 12:00:00,Tea,3.1041055244693934
Lower Manhattan,2023-06-12 13:00:00,Bakery,3.2320602172196407
Lower Manhattan,2023-06-12 13:00:00,Coffee,3.2320602172196407
Lower Manhattan,2023-06-12 13:00:00,Coffee beans,3.2320602172196407
Lower Manhattan,2023-06-12 13:00:00,Drinking Chocolate,3.2320602172196407
Lower Manhattan,2023-06-12 13:00:00,Flavours,3.2320602172196407
Lower Manhattan,2023-06-12 13:00:00,Tea,3.2320602172196407
Lower Manhattan,2023-06-12 14:00:00,Bakery,3.5301886274922305
Lower Manhattan,2023-06-12 14:00:00,Coffee,3.5301886274922305
Lower Manhattan,2023-06-12 14:00:00,Coffee beans,3.5301886274922305
Lower Manhattan,2023-06-12 14:00:00,Drinking Chocolate,3.5301886274922305
Lower Manhattan,2023-06-12 14:00:00,Flavours,3.5301886274922305
Lower Manhattan,2023-06-12 14:00:00,Tea,3.5301886274922305
Lower Manhattan,2023-06-12 15:00:00,Bakery,3.50047102615536
Lower Manhattan,2023-06-12 15:00:00,Coffee,3.50047102615536
Lower Manhattan,2023-06-12 15:00:00,Coffee beans,3.50047102615536
Lower Manhattan,2023-06-12 15:00:00,Drinking Chocolate,3.50047102615536
Lower Manhattan,2023-06-12 15:00:00,Flavours,3.50047102615536
Lower Manhattan,2023-06-12 15:00:00,Tea,3.50047102615536
Lower Manhattan,2023-06-12 16:00:00,Bakery,3.3126454748534067
Lower Manhattan,2023-06-12 16:00:00,Coffee,3.3126454748534067
Lower Manhattan,2023-06-12 16:00:00,Coffee beans,3.3126454748534067
Lower Manhattan,2023-06-12 16:00:00,Drinking Chocolate,3.3126454748534067
Lower Manhattan,2023-06-12 16:00:00,Flavours,3.3126454748534067
Lower Manhattan,2023-06-12 16:00:00,Tea,3.3126454748534067
Lower Manhattan,2023-06-12 17:00:00,Bakery,2.614635620907427
Lower Manhattan,2023-06-12 17:00:00,Coffee,2.614635620907427
Lower Manhattan,2023-06-12 17:00:00,Coffee beans,2.614635620907427
Lower Manhattan,2023-06-12 17:00:00,Drinking Chocolate,2.614635620907427
Lower Manhattan,2023-06-12 17:00:00,Flavours,2.614635620907427
Lower Manhattan,2023-06-12 17:00:00,Tea,2.614635620907427
Lower Manhattan,2023-06-12 18:00:00,Bakery,6.062654178819791
Lower Manhattan,2023-06-12 18:00:00,Coffee,6.062654178819791
Lower Manhattan,2023-06-12 18:00:00,Coffee beans,6.062654178819791
Lower Manhattan,2023-06-12 18:00:00,Drinking Chocolate,6.062654178819791
Lower Manhattan,2023-06-12 18:00:00,Flavours,6.062654178819791
Lower Manhattan,2023-06-12 18:00:00,Tea,6.062654178819791
Lower Manhattan,2023-06-13 07:00:00,Bakery,8.639660819443412
Lower Manhattan,2023-06-13 07:00:00,Coffee,8.639660819443412
Lower Manhattan,2023-06-13 07:00:00,Coffee beans,8.639660819443412
Lower Manhattan,2023-06-13 07:00:00,Drinking Chocolate,8.639660819443412
Lower Manhattan,2023-06-13 07:00:00,Flavours,8.639660819443412
Lower Manhattan,2023-06-13 07:00:00,Tea,8.639660819443412
Lower Manhattan,2023-06-13 08:00:00,Bakery,9.649188914264963
Lower Manhattan,2023-06-13 08:00:00,Coffee,9.649188914264963
Lower Manhattan,2023-06-13 08:00:00,Coffee beans,9.649188914264963
Lower Manhattan,2023-06-13 08:00:00,Drinking Chocolate,9.649188914264963
Lower Manhattan,2023-06-13 08:00:00,Flavours,9.649188914264963
Lower Manhattan,2023-06-13 08:00:00,Tea,9.649188914264963
Lower Manhattan,2023-06-13 09:00:00,Bakery,9.535987651233112
Lower Manhattan,2023-06-13 09:00:00,Coffee,9.535987651233112
Lower Manhattan,2023-06-13 09:00:00,Coffee beans,9.535987651233112
Lower Manhattan,2023-06-13 09:00:00,Drinking Chocolate,9.535987651233112
Lower Manhattan,2023-06-13 09:00:00,Flavours,9.535987651233112
Lower Manhattan,2023-06-13 09:00:00,Tea,9.535987651233112
Lower Manhattan,2023-06-13 10:00:00,Bakery,3.3354680500535228
Lower Manhattan,2023-06-13 10:00:00,Coffee,3.3354680500535228
Lower Manhattan,2023-06-13 10:00:00,Coffee beans,3.3354680500535228
Lower Manhattan,2023-06-13 10:00:00,Drinking Chocolate,3.3354680500535228
Lower Manhattan,2023-06-13 10:00:00,Flavours,3.3354680500535228
Lower Manhattan,2023-06-13 10:00:00,Tea,3.3354680500535228
Lower Manhattan,2023-06-13 11:00:00,Bakery,3.315781315633688
Lower Manhattan,2023-06-13 11:00:00,Coffee,3.315781315633688
Lower Manhattan,2023-06-13 11:00:00,Coffee beans,3.315781315633688
Lower Manhattan,2023-06-13 11:00:00,Drinking Chocolate,3.315781315633688
Lower Manhattan,2023-06-13 11:00:00,Flavours,3.315781315633688
Lower Manhattan,2023-06-13 11:00:00,Tea,3.315781315633688
Lower Manhattan,2023-06-13 12:00:00,Bakery,3.1852842965418664
Lower Manhattan,2023-06-13 12:00:00,Coffee,3.1852842965418664
Lower Manhattan,2023-06-13 12:00:00,Coffee beans,3.1852842965418664
Lower Manhattan,2023-06-13 12:00:00,Drinking Chocolate,3.1852842965418664
Lower Manhattan,2023-06-13 12:00:00,Flavours,3.1852842965418664
Lower Manhattan,2023-06-13 12:00:00,Tea,3.1852842965418664
Lower Manhattan,2023-06-13 13:00:00,Bakery,3.4878957365254704
Lower Manhattan,2023-06-13 13:00:00,Coffee,3.4878957365254704
Lower Manhattan,2023-06-13 13:00:00,Coffee beans,3.4878957365254704
Lower Manhattan,2023-06-13 13:00:00,Drinking Chocolate,3.4878957365254704
Lower Manhattan,2023-06-13 13:00:00,Flavours,3.4878957365254704
Lower Manhattan,2023-06-13 13:00:00,Tea,3.4878957365254704
Lower Manhattan,2023-06-13 14:00:00,Bakery,3.2504282382429186
Lower Manhattan,2023-06-13 14:00:00,Coffee,3.2504282382429186
Lower Manhattan,2023-06-13 14:00:00,Coffee beans,3.2504282382429186
Lower Manhattan,2023-06-13 14:00:00,Drinking Chocolate,3.2504282382429186
Lower Manhattan,2023-06-13 14:00:00,Flavours,3.2504282382429186
Lower Manhattan,2023-06-13 14:00:00,Tea,3.2504282382429186
Lower Manhattan,2023-06-13 15:00:00,Bakery,3.6120527946891245
Lower Manhattan,2023-06-13 15:00:00,Coffee,3.6120527946891245
Lower Manhattan,2023-06-13 15:00:00,Coffee beans,3.6120527946891245
Lower Manhattan,2023-06-13 15:00:00,Drinking Chocolate,3.6120527946891245
Lower Manhattan,2023-06-13 15:00:00,Flavours,3.6120527946891245
Lower Manhattan,2023-06-13 15:00:00,Tea,3.6120527946891245
Lower Manhattan,2023-06-13 16:00:00,Bakery,3.4455880025386274
Lower Manhattan,2023-06-13 16:00:00,Coffee,3.4455880025386274
Lower Manhattan,2023-06-13 16:00:00,Coffee beans,3.4455880025386274
Lower Manhattan,2023-06-13 16:00:00,Drinking Chocolate,3.4455880025386274
Lower Manhattan,2023-06-13 16:00:00,Flavours,3.4455880025386274
Lower Manhattan,2023-06-13 16:00:00,Tea,3.4455880025386274
Lower Manhattan,2023-06-13 17:00:00,Bakery,2.862347515330012
Lower Manhattan,2023-06-13 17:00:00,Coffee,2.862347515330012
Lower Manhattan,2023-06-13 17:00:00,Coffee beans,2.862347515330012
Lower Manhattan,2023-06-13 17:00:00,Drinking Chocolate,2.862347515330012
Lower Manhattan,2023-06-13 17:00:00,Flavours,2.862347515330012
Lower Manhattan,2023-06-13 17:00:00,Tea,2.862347515330012
Lower Manhattan,2023-06-13 18:00:00,Bakery,5.960591330196149
Lower Manhattan,2023-06-13 18:00:00,Coffee,5.960591330196149
Lower Manhattan,2023-06-13 18:00:00,Coffee beans,5.960591330196149
Lower Manhattan,2023-06-13 18:00:00,Drinking Chocolate,5.960591330196149
Lower Manhattan,2023-06-13 18:00:00,Flavours,5.960591330196149
Lower Manhattan,2023-06-13 18:00:00,Tea,5.960591330196149
Lower Manhattan,2023-06-14 07:00:00,Bakery,7.397410234529506
Lower Manhattan,2023-06-14 07:00:00,Coffee,7.397410234529506
Lower Manhattan,2023-06-14 07:00:00,Coffee beans,7.397410234529506
Lower Manhattan,2023-06-14 07:00:00,Drinking Chocolate,7.397410234529506
Lower Manhattan,2023-06-14 07:00:00,Flavours,7.397410234529506
Lower Manhattan,2023-06-14 07:00:00,Tea,7.397410234529506
Lower Manhattan,2023-06-14 08:00:00,Bakery,8.807532097244318
Lower Manhattan,2023-06-14 08:00:00,Coffee,8.807532097244318
Lower Manhattan,2023-06-14 08:00:00,Coffee beans,8.807532097244318
Lower Manhattan,2023-06-14 08:00:00,Drinking Chocolate,8.807532097244318
Lower Manhattan,2023-06-14 08:00:00,Flavours,8.807532097244318
Lower Manhattan,2023-06-14 08:00:00,Tea,8.807532097244318
Lower Manhattan,2023-06-14 09:00:00,Bakery,7.7935943959400955
Lower Manhattan,2023-06-14 09:00:00,Coffee,7.7935943959400955
Lower Manhattan,2023-06-14 09:00:00,Coffee beans,7.7935943959400955
Lower Manhattan,2023-06-14 09:00:00,Drinking Chocolate,7.7935943959400955
Lower Manhattan,2023-06-14 09:00:00,Flavours,7.7935943959400955
Lower Manhattan,2023-06-14 09:00:00,Tea,7.7935943959400955
Lower Manhattan,2023-06-14 10:00:00,Bakery,3.81931834972232
Lower Manhattan,2023-06-14 10:00:00,Coffee,3.81931834972232
Lower Manhattan,2023-06-14 10:00:00,Coffee beans,3.81931834972232
Lower Manhattan,2023-06-14 10:00:00,Drinking Chocolate,3.81931834972232
Lower Manhattan,2023-06-14 10:00:00,Flavours,3.81931834972232
Lower Manhattan,2023-06-14 10:00:00,Tea,3.81931834972232
Lower Manhattan,2023-06-14 11:00:00,Bakery,3.57783345950952
Lower Manhattan,2023-06-14 11:00:00,Coffee,3.57783345950952
Lower Manhattan,2023-06-14 11:00:00,Coffee beans,3.57783345950952
Lower Manhattan,2023-06-14 11:00:00,Drinking Chocolate,3.57783345950952
Lower Manhattan,2023-06-14 11:00:00,Flavours,3.57783345950952
Lower Manhattan,2023-06-14 11:00:00,Tea,3.57783345950952
Lower Manhattan,2023-06-14 12:00:00,Bakery,3.369565423171914
Lower Manhattan,2023-06-14 12:00:00,Coffee,3.369565423171914
Lower Manhattan,2023-06-14 12:00:00,Coffee beans,3.369565423171914
Lower Manhattan,2023-06-14 12:00:00,Drinking Chocolate,3.369565423171914
Lower Manhattan,2023-06-14 12:00:00,Flavours,3.369565423171914
Lower Manhattan,2023-06-14 12:00:00,Tea,3.369565423171914
Lower Manhattan,2023-06-14 13:00:00,Bakery,3.4281510398071795
Lower Manhattan,2023-06-14 13:00:00,Coffee,3.4281510398071795
Lower Manhattan,2023-06-14 13:00:00,Coffee beans,3.4281510398071795
Lower Manhattan,2023-06-14 13:00:00,Drinking Chocolate,3.4281510398071795
Lower Manhattan,2023-06-14 13:00:00,Flavours,3.4281510398071795
Lower Manhattan,2023-06-14 13:00:00,Tea,3.4281510398071795
Lower Manhattan,2023-06-14 14:00:00,Bakery,3.8708812063756945
Lower Manhattan,2023-06-14 14:00:00,Coffee,3.8708812063756945
Lower Manhattan,2023-06-14 14:00:00,Coffee beans,3.8708812063756945
Lower Manhattan,2023-06-14 14:00:00,Drinking Chocolate,3.8708812063756945
Lower Manhattan,2023-06-14 14:00:00,Flavours,3.8708812063756945
Lower Manhattan,2023-06-14 14:00:00,Tea,3.8708812063756945
Lower Manhattan,2023-06-14 15:00:00,Bakery,3.9013880269373744
Lower Manhattan,2023-06-14 15:00:00,Coffee,3.9013880269373744
Lower Manhattan,2023-06-14 15:00:00,Coffee beans,3.9013880269373744
Lower Manhattan,2023-06-14 15:00:00,Drinking Chocolate,3.9013880269373744
Lower Manhattan,2023-06-14 15:00:00,Flavours,3.9013880269373744
Lower Manhattan,2023-06-14 15:00:00,Tea,3.9013880269373744
Lower Manhattan,2023-06-14 16:00:00,Bakery,3.85772689008933
Lower Manhattan,2023-06-14 16:00:00,Coffee,3.85772689008933
Lower Manhattan,2023-06-14 16:00:00,Coffee beans,3.85772689008933
Lower Manhattan,2023-06-14 16:00:00,Drinking Chocolate,3.85772689008933
Lower Manhattan,2023-06-14 16:00:00,Flavours,3.85772689008933
Lower Manhattan,2023-06-14 16:00:00,Tea,3.85772689008933
Lower Manhattan,2023-06-14 17:00:00,Bakery,3.130434867221115
Lower Manhattan,2023-06-14 17:00:00,Coffee,3.130434867221115
Lower Manhattan,2023-06-14 17:00:00,Coffee beans,3.130434867221115
Lower Manhattan,2023-06-14 17:00:00,Drinking Chocolate,3.130434867221115
Lower Manhattan,2023-06-14 17:00:00,Flavours,3.130434867221115
Lower Manhattan,2023-06-14 17:00:00,Tea,3.130434867221115
Lower Manhattan,2023-06-14 18:00:00,Bakery,5.327720871354195
Lower Manhattan,2023-06-14 18:00:00,Coffee,5.327720871354195
Lower Manhattan,2023-06-14 18:00:00,Coffee beans,5.327720871354195
Lower Manhattan,2023-06-14 18:00:00,Drinking Chocolate,5.327720871354195
Lower Manhattan,2023-06-14 18:00:00,Flavours,5.327720871354195
Lower Manhattan,2023-06-14 18:00:00,Tea,5.327720871354195
Lower Manhattan,2023-06-15 06:00:00,Bakery,7.491877021186573
Lower Manhattan,2023-06-15 06:00:00,Coffee,7.491877021186573
Lower Manhattan,2023-06-15 06:00:00,Coffee beans,7.491877021186573
Lower Manhattan,2023-06-15 06:00:00,Drinking Chocolate,7.491877021186573
Lower Manhattan,2023-06-15 06:00:00,Flavours,7.491877021186573
Lower Manhattan,2023-06-15 06:00:00,Tea,7.491877021186573
Lower Manhattan,2023-06-15 07:00:00,Bakery,10.1021878784185
Lower Manhattan,2023-06-15 07:00:00,Coffee,10.1021878784185
Lower Manhattan,2023-06-15 07:00:00,Coffee beans,10.1021878784185
Lower Manhattan,2023-06-15 07:00:00,Drinking Chocolate,10.1021878784185
Lower Manhattan,2023-06-15 07:00:00,Flavours,10.1021878784185
Lower Manhattan,2023-06-15 07:00:00,Tea,10.1021878784185
Lower Manhattan,2023-06-15 08:00:00,Bakery,9.763793954707245
Lower Manhattan,2023-06-15 08:00:00,Coffee,9.763793954707245
Lower Manhattan,2023-06-15 08:00:00,Coffee beans,9.763793954707245
Lower Manhattan,2023-06-15 08:00:00,Drinking Chocolate,9.763793954707245
Lower Manhattan,2023-06-15 08:00:00,Flavours,9.763793954707245
Lower Manhattan,2023-06-15 08:00:00,Tea,9.763793954707245
Lower Manhattan,2023-06-15 09:00:00,Bakery,8.199549233991476
Lower Manhattan,2023-06-15 09:00:00,Coffee,8.199549233991476
Lower Manhattan,2023-06-15 09:00:00,Coffee beans,8.199549233991476
Lower Manhattan,2023-06-15 09:00:00,Drinking Chocolate,8.199549233991476
Lower Manhattan,2023-06-15 09:00:00,Flavours,8.199549233991476
Lower Manhattan,2023-06-15 09:00:00,Tea,8.199549233991476
Lower Manhattan,2023-06-15 10:00:00,Bakery,4.277643898381752
Lower Manhattan,2023-06-15 10:00:00,Coffee,4.277643898381752
Lower Manhattan,2023-06-15 10:00:00,Coffee beans,4.277643898381752
Lower Manhattan,2023-06-15 10:00:00,Drinking Chocolate,4.277643898381752
Lower Manhattan,2023-06-15 10:00:00,Flavours,4.277643898381752
Lower Manhattan,2023-06-15 10:00:00,Tea,4.277643898381752
Lower Manhattan,2023-06-15 11:00:00,Bakery,4.155858047606754
Lower Manhattan,2023-06-15 11:00:00,Coffee,4.155858047606754
Lower Manhattan,2023-06-15 11:00:00,Coffee beans,4.155858047606754
Lower Manhattan,2023-06-15 11:00:00,Drinking Chocolate,4.155858047606754
Lower Manhattan,2023-06-15 11:00:00,Flavours,4.155858047606754
Lower Manhattan,2023-06-15 11:00:00,Tea,4.155858047606754
Lower Manhattan,2023-06-15 12:00:00,Bakery,3.8769965972578984
Lower Manhattan,2023-06-15 12:00:00,Coffee,3.8769965972578984
Lower Manhattan,2023-06-15 12:00:00,Coffee beans,3.8769965972578984
Lower Manhattan,2023-06-15 12:00:00,Drinking Chocolate,3.8769965972578984
Lower Manhattan,2023-06-15 12:00:00,Flavours,3.8769965972578984
Lower Manhattan,2023-06-15 12:00:00,Tea,3.8769965972578984
Lower Manhattan,2023-06-15 13:00:00,Bakery,4.317017614056484
Lower Manhattan,2023-06-15 13:00:00,Coffee,4.317017614056484
Lower Manhattan,2023-06-15 13:00:00,Coffee beans,4.317017614056484
Lower Manhattan,2023-06-15 13:00:00,Drinking Chocolate,4.317017614056484
Lower Manhattan,2023-06-15 13:00:00,Flavours,4.317017614056484
Lower Manhattan,2023-06-15 13:00:00,Tea,4.317017614056484
Lower Manhattan,2023-06-15 14:00:00,Bakery,4.1289188852205365
Lower Manhattan,2023-06-15 14:00:00,Coffee,4.1289188852205365
Lower Manhattan,2023-06-15 14:00:00,Coffee beans,4.1289188852205365
Lower Manhattan,2023-06-15 14:00:00,Drinking Chocolate,4.1289188852205365
Lower Manhattan,2023-06-15 14:00:00,Flavours,4.1289188852205365
Lower Manhattan,2023-06-15 14:00:00,Tea,4.1289188852205365
Lower Manhattan,2023-06-15 15:00:00,Bakery,4.3149000910146595
Lower Manhattan,2023-06-15 15:00:00,Coffee,4.3149000910146595
Lower Manhattan,2023-06-15 15:00:00,Coffee beans,4.3149000910146595
Lower Manhattan,2023-06-15 15:00:00,Drinking Chocolate,4.3149000910146595
Lower Manhattan,2023-06-15 15:00:00,Flavours,4.3149000910146595
Lower Manhattan,2023-06-15 15:00:00,Tea,4.3149000910146595
Lower Manhattan,2023-06-15 16:00:00,Bakery,3.728635997729987
Lower Manhattan,2023-06-15 16:00:00,Coffee,3.728635997729987
Lower Manhattan,2023-06-15 16:00:00,Coffee beans,3.728635997729987
Lower Manhattan,2023-06-15 16:00:00,Drinking Chocolate,3.728635997729987
Lower Manhattan,2023-06-15 16:00:00,Flavours,3.728635997729987
Lower Manhattan,2023-06-15 16:00:00,Tea,3.728635997729987
Lower Manhattan,2023-06-15 17:00:00,Bakery,3.5011632143473297
Lower Manhattan,2023-06-15 17:00:00,Coffee,3.5011632143473297
Lower Manhattan,2023-06-15 17:00:00,Coffee beans,3.5011632143473297
Lower Manhattan,2023-06-15 17:00:00,Drinking Chocolate,3.5011632143473297
Lower Manhattan,2023-06-15 17:00:00,Flavours,3.5011632143473297
Lower Manhattan,2023-06-15 17:00:00,Tea,3.5011632143473297
Lower Manhattan,2023-06-15 18:00:00,Bakery,6.065352535594678
Lower Manhattan,2023-06-15 18:00:00,Coffee,6.065352535594678
Lower Manhattan,2023-06-15 18:00:00,Coffee beans,6.065352535594678
Lower Manhattan,2023-06-15 18:00:00,Drinking Chocolate,6.065352535594678
Lower Manhattan,2023-06-15 18:00:00,Flavours,6.065352535594678
Lower Manhattan,2023-06-15 18:00:00,Tea,6.065352535594678
Lower Manhattan,2023-06-16 06:00:00,Bakery,7.527418997854501
Lower Manhattan,2023-06-16 06:00:00,Coffee,7.527418997854501
Lower Manhattan,2023-06-16 06:00:00,Coffee beans,7.527418997854501
Lower Manhattan,2023-06-16 06:00:00,Drinking Chocolate,7.527418997854501
Lower Manhattan,2023-06-16 06:00:00,Flavours,7.527418997854501
Lower Manhattan,2023-06-16 06:00:00,Tea,7.527418997854501
Lower Manhattan,2023-06-16 07:00:00,Bakery,8.10195943984487
Lower Manhattan,2023-06-16 07:00:00,Coffee,8.10195943984487
Lower Manhattan,2023-06-16 07:00:00,Coffee beans,8.10195943984487
Lower Manhattan,2023-06-16 07:00:00,Drinking Chocolate,8.10195943984487
Lower Manhattan,2023-06-16 07:00:00,Flavours,8.10195943984487
Lower Manhattan,2023-06-16 07:00:00,Tea,8.10195943984487
Lower Manhattan,2023-06-16 08:00:00,Bakery,8.996957775489443
Lower Manhattan,2023-06-16 08:00:00,Coffee,8.996957775489443
Lower Manhattan,2023-06-16 08:00:00,Coffee beans,8.996957775489443
Lower Manhattan,2023-06-16 08:00:00,Drinking Chocolate,8.996957775489443
Lower Manhattan,2023-06-16 08:00:00,Flavours,8.996957775489443
Lower Manhattan,2023-06-16 08:00:00,Tea,8.996957775489443
Lower Manhattan,2023-06-16 09:00:00,Bakery,9.605139497014557
Lower Manhattan,2023-06-16 09:00:00,Coffee,9.605139497014557
Lower Manhattan,2023-06-16 09:00:00,Coffee beans,9.605139497014557
Lower Manhattan,2023-06-16 09:00:00,Drinking Chocolate,9.605139497014557
Lower Manhattan,2023-06-16 09:00:00,Flavours,9.605139497014557
Lower Manhattan,2023-06-16 09:00:00,Tea,9.605139497014557
Lower Manhattan,2023-06-16 10:00:00,Bakery,3.11841283844929
Lower Manhattan,2023-06-16 10:00:00,Coffee,3.11841283844929
Lower Manhattan,2023-06-16 10:00:00,Coffee beans,3.11841283844929
Lower Manhattan,2023-06-16 10:00:00,Drinking Chocolate,3.11841283844929
Lower Manhattan,2023-06-16 10:00:00,Flavours,3.11841283844929
Lower Manhattan,2023-06-16 10:00:00,Tea,3.11841283844929
Lower Manhattan,2023-06-16 11:00:00,Bakery,4.044957756022641
Lower Manhattan,2023-06-16 11:00:00,Coffee,4.044957756022641
Lower Manhattan,2023-06-16 11:00:00,Coffee beans,4.044957756022641
Lower Manhattan,2023-06-16 11:00:00,Drinking Chocolate,4.044957756022641
Lower Manhattan,2023-06-16 11:00:00,Flavours,4.044957756022641
Lower Manhattan,2023-06-16 11:00:00,Tea,4.044957756022641
Lower Manhattan,2023-06-16 12:00:00,Bakery,3.7205016925552985
Lower Manhattan,2023-06-16 12:00:00,Coffee,3.7205016925552985
Lower Manhattan,2023-06-16 12:00:00,Coffee beans,3.7205016925552985
Lower Manhattan,2023-06-16 12:00:00,Drinking Chocolate,3.7205016925552985
Lower Manhattan,2023-06-16 12:00:00,Flavours,3.7205016925552985
Lower Manhattan,2023-06-16 12:00:00,Tea,3.7205016925552985
Lower Manhattan,2023-06-16 13:00:00,Bakery,3.664031863556727
Lower Manhattan,2023-06-16 13:00:00,Coffee,3.664031863556727
Lower Manhattan,2023-06-16 13:00:00,Coffee beans,3.664031863556727
Lower Manhattan,2023-06-16 13:00:00,Drinking Chocolate,3.664031863556727
Lower Manhattan,2023-06-16 13:00:00,Flavours,3.664031863556727
Lower Manhattan,2023-06-16 13:00:00,Tea,3.664031863556727
Lower Manhattan,2023-06-16 14:00:00,Bakery,3.2372542068515395
Lower Manhattan,2023-06-16 14:00:00,Coffee,3.2372542068515395
Lower Manhattan,2023-06-16 14:00:00,Coffee beans,3.2372542068515395
Lower Manhattan,2023-06-16 14:00:00,Drinking Chocolate,3.2372542068515395
Lower Manhattan,2023-06-16 14:00:00,Flavours,3.2372542068515395
Lower Manhattan,2023-06-16 14:00:00,Tea,3.2372542068515395
Lower Manhattan,2023-06-16 15:00:00,Bakery,3.462366290857736
Lower Manhattan,2023-06-16 15:00:00,Coffee,3.462366290857736
Lower Manhattan,2023-06-16 15:00:00,Coffee beans,3.462366290857736
Lower Manhattan,2023-06-16 15:00:00,Drinking Chocolate,3.462366290857736
Lower Manhattan,2023-06-16 15:00:00,Flavours,3.462366290857736
Lower Manhattan,2023-06-16 15:00:00,Tea,3.462366290857736
Lower Manhattan,2023-06-16 16:00:00,Bakery,3.487004085601759
Lower Manhattan,2023-06-16 16:00:00,Coffee,3.487004085601759
Lower Manhattan,2023-06-16 16:00:00,Coffee beans,3.487004085601759
Lower Manhattan,2023-06-16 16:00:00,Drinking Chocolate,3.487004085601759
Lower Manhattan,2023-06-16 16:00:00,Flavours,3.487004085601759
Lower Manhattan,2023-06-16 16:00:00,Tea,3.487004085601759
Lower Manhattan,2023-06-16 17:00:00,Bakery,3.4228506158433234
Lower Manhattan,2023-06-16 17:00:00,Coffee,3.4228506158433234
Lower Manhattan,2023-06-16 17:00:00,Coffee beans,3.4228506158433234
Lower Manhattan,2023-06-16 17:00:00,Drinking Chocolate,3.4228506158433234
Lower Manhattan,2023-06-16 17:00:00,Flavours,3.4228506158433234
Lower Manhattan,2023-06-16 17:00:00,Tea,3.4228506158433234
Lower Manhattan,2023-06-16 18:00:00,Bakery,6.438372638594091
Lower Manhattan,2023-06-16 18:00:00,Coffee,6.438372638594091
Lower Manhattan,2023-06-16 18:00:00,Coffee beans,6.438372638594091
Lower Manhattan,2023-06-16 18:00:00,Drinking Chocolate,6.438372638594091
Lower Manhattan,2023-06-16 18:00:00,Flavours,6.438372638594091
Lower Manhattan,2023-06-16 18:00:00,Tea,6.438372638594091
Lower Manhattan,2023-06-17 06:00:00,Bakery,7.593784344264272
Lower Manhattan,2023-06-17 06:00:00,Coffee,7.593784344264272
Lower Manhattan,2023-06-17 06:00:00,Coffee beans,7.593784344264272
Lower Manhattan,2023-06-17 06:00:00,Drinking Chocolate,7.593784344264272
Lower Manhattan,2023-06-17 06:00:00,Flavours,7.593784344264272
Lower Manhattan,2023-06-17 06:00:00,Tea,7.593784344264272
Lower Manhattan,2023-06-17 07:00:00,Bakery,9.605139497014557
Lower Manhattan,2023-06-17 07:00:00,Coffee,9.605139497014557
Lower Manhattan,2023-06-17 07:00:00,Coffee beans,9.605139497014557
Lower Manhattan,2023-06-17 07:00:00,Drinking Chocolate,9.605139497014557
Lower Manhattan,2023-06-17 07:00:00,Flavours,9.605139497014557
Lower Manhattan,2023-06-17 07:00:00,Tea,9.605139497014557
Lower Manhattan,2023-06-17 08:00:00,Bakery,9.627612665138836
Lower Manhattan,2023-06-17 08:00:00,Coffee,9.627612665138836
Lower Manhattan,2023-06-17 08:00:00,Coffee beans,9.627612665138836
Lower Manhattan,2023-06-17 08:00:00,Drinking Chocolate,9.627612665138836
Lower Manhattan,2023-06-17 08:00:00,Flavours,9.627612665138836
Lower Manhattan,2023-06-17 08:00:00,Tea,9.627612665138836
Lower Manhattan,2023-06-17 09:00:00,Bakery,9.80811618092205
Lower Manhattan,2023-06-17 09:00:00,Coffee,9.80811618092205
Lower Manhattan,2023-06-17 09:00:00,Coffee beans,9.80811618092205
Lower Manhattan,2023-06-17 09:00:00,Drinking Chocolate,9.80811618092205
Lower Manhattan,2023-06-17 09:00:00,Flavours,9.80811618092205
Lower Manhattan,2023-06-17 09:00:00,Tea,9.80811618092205
Lower Manhattan,2023-06-17 10:00:00,Bakery,3.365797040236471
Lower Manhattan,2023-06-17 10:00:00,Coffee,3.365797040236471
Lower Manhattan,2023-06-17 10:00:00,Coffee beans,3.365797040236471
Lower Manhattan,2023-06-17 10:00:00,Drinking Chocolate,3.365797040236471
Lower Manhattan,2023-06-17 10:00:00,Flavours,3.365797040236471
Lower Manhattan,2023-06-17 10:00:00,Tea,3.365797040236471
Lower Manhattan,2023-06-17 11:00:00,Bakery,3.423507341941251
Lower Manhattan,2023-06-17 11:00:00,Coffee,3.423507341941251
Lower Manhattan,2023-06-17 11:00:00,Coffee beans,3.423507341941251
Lower Manhattan,2023-06-17 11:00:00,Drinking Chocolate,3.423507341941251
Lower Manhattan,2023-06-17 11:00:00,Flavours,3.423507341941251
Lower Manhattan,2023-06-17 11:00:00,Tea,3.423507341941251
Lower Manhattan,2023-06-17 12:00:00,Bakery,3.4638911406752118
Lower Manhattan,2023-06-17 12:00:00,Coffee,3.4638911406752118
Lower Manhattan,2023-06-17 12:00:00,Coffee beans,3.4638911406752118
Lower Manhattan,2023-06-17 12:00:00,Drinking Chocolate,3.4638911406752118
Lower Manhattan,2023-06-17 12:00:00,Flavours,3.4638911406752118
Lower Manhattan,2023-06-17 12:00:00,Tea,3.4638911406752118
Lower Manhattan,2023-06-17 13:00:00,Bakery,3.6811619043140267
Lower Manhattan,2023-06-17 13:00:00,Coffee,3.6811619043140267
Lower Manhattan,2023-06-17 13:00:00,Coffee beans,3.6811619043140267
Lower Manhattan,2023-06-17 13:00:00,Drinking Chocolate,3.6811619043140267
Lower Manhattan,2023-06-17 13:00:00,Flavours,3.6811619043140267
Lower Manhattan,2023-06-17 13:00:00,Tea,3.6811619043140267
Lower Manhattan,2023-06-17 14:00:00,Bakery,3.398167836646192
Lower Manhattan,2023-06-17 14:00:00,Coffee,3.398167836646192
Lower Manhattan,2023-06-17 14:00:00,Coffee beans,3.398167836646192
Lower Manhattan,2023-06-17 14:00:00,Drinking Chocolate,3.398167836646192
Lower Manhattan,2023-06-17 14:00:00,Flavours,3.398167836646192
Lower Manhattan,2023-06-17 14:00:00,Tea,3.398167836646192
Lower Manhattan,2023-06-17 15:00:00,Bakery,3.518727673500461
Lower Manhattan,2023-06-17 15:00:00,Coffee,3.518727673500461
Lower Manhattan,2023-06-17 15:00:00,Coffee beans,3.518727673500461
Lower Manhattan,2023-06-17 15:00:00,Drinking Chocolate,3.518727673500461
Lower Manhattan,2023-06-17 15:00:00,Flavours,3.518727673500461
Lower Manhattan,2023-06-17 15:00:00,Tea,3.518727673500461
Lower Manhattan,2023-06-17 16:00:00,Bakery,3.234906744553532
Lower Manhattan,2023-06-17 16:00:00,Coffee,3.234906744553532
Lower Manhattan,2023-06-17 16:00:00,Coffee beans,3.234906744553532
Lower Manhattan,2023-06-17 16:00:00,Drinking Chocolate,3.234906744553532
Lower Manhattan,2023-06-17 16:00:00,Flavours,3.234906744553532
Lower Manhattan,2023-06-17 16:00:00,Tea,3.234906744553532
Lower Manhattan,2023-06-17 17:00:00,Bakery,3.3293697561686897
Lower Manhattan,2023-06-17 17:00:00,Coffee,3.3293697561686897
Lower Manhattan,2023-06-17 17:00:00,Coffee beans,3.3293697561686897
Lower Manhattan,2023-06-17 17:00:00,Drinking Chocolate,3.3293697561686897
Lower Manhattan,2023-06-17 17:00:00,Flavours,3.3293697561686897
Lower Manhattan,2023-06-17 17:00:00,Tea,3.3293697561686897
Lower Manhattan,2023-06-17 18:00:00,Bakery,6.245237853676607
Lower Manhattan,2023-06-17 18:00:00,Coffee,6.245237853676607
Lower Manhattan,2023-06-17 18:00:00,Coffee beans,6.245237853676607
Lower Manhattan,2023-06-17 18:00:00,Drinking Chocolate,6.245237853676607
Lower Manhattan,2023-06-17 18:00:00,Flavours,6.245237853676607
Lower Manhattan,2023-06-17 18:00:00,Tea,6.245237853676607
Lower Manhattan,2023-06-18 06:00:00,Bakery,8.216130972630177
Lower Manhattan,2023-06-18 06:00:00,Coffee,8.216130972630177
Lower Manhattan,2023-06-18 06:00:00,Coffee beans,8.216130972630177
Lower Manhattan,2023-06-18 06:00:00,Drinking Chocolate,8.216130972630177
Lower Manhattan,2023-06-18 06:00:00,Flavours,8.216130972630177
Lower Manhattan,2023-06-18 06:00:00,Tea,8.216130972630177
Lower Manhattan,2023-06-18 07:00:00,Bakery,9.688949664343536
Lower Manhattan,2023-06-18 07:00:00,Coffee,9.688949664343536
Lower Manhattan,2023-06-18 07:00:00,Coffee beans,9.688949664343536
Lower Manhattan,2023-06-18 07:00:00,Drinking Chocolate,9.688949664343536
Lower Manhattan,2023-06-18 07:00:00,Flavours,9.688949664343536
Lower Manhattan,2023-06-18 07:00:00,Tea,9.688949664343536
Lower Manhattan,2023-06-18 08:00:00,Bakery,10.245853955060966
Lower Manhattan,2023-06-18 08:00:00,Coffee,10.245853955060966
Lower Manhattan,2023-06-18 08:00:00,Coffee beans,10.245853955060966
Lower Manhattan,2023-06-18 08:00:00,Drinking Chocolate,10.245853955060966
Lower Manhattan,2023-06-18 08:00:00,Flavours,10.245853955060966
Lower Manhattan,2023-06-18 08:00:00,Tea,10.245853955060966
Lower Manhattan,2023-06-18 09:00:00,Bakery,9.667264056449087
Lower Manhattan,2023-06-18 09:00:00,Coffee,9.667264056449087
Lower Manhattan,2023-06-18 09:00:00,Coffee beans,9.667264056449087
Lower Manhattan,2023-06-18 09:00:00,Drinking Chocolate,9.667264056449087
Lower Manhattan,2023-06-18 09:00:00,Flavours,9.667264056449087
Lower Manhattan,2023-06-18 09:00:00,Tea,9.667264056449087
Lower Manhattan,2023-06-18 10:00:00,Bakery,2.847352108140341
Lower Manhattan,2023-06-18 10:00:00,Coffee,2.847352108140341
Lower Manhattan,2023-06-18 10:00:00,Coffee beans,2.847352108140341
Lower Manhattan,2023-06-18 10:00:00,Drinking Chocolate,2.847352108140341
Lower Manhattan,2023-06-18 10:00:00,Flavours,2.847352108140341
Lower Manhattan,2023-06-18 10:00:00,Tea,2.847352108140341
Lower Manhattan,2023-06-18 11:00:00,Bakery,3.423972747301258
Lower Manhattan,2023-06-18 11:00:00,Coffee,3.423972747301258
Lower Manhattan,2023-06-18 11:00:00,Coffee beans,3.423972747301258
Lower Manhattan,2023-06-18 11:00:00,Drinking Chocolate,3.423972747301258
Lower Manhattan,2023-06-18 11:00:00,Flavours,3.423972747301258
Lower Manhattan,2023-06-18 11:00:00,Tea,3.423972747301258
Lower Manhattan,2023-06-18 12:00:00,Bakery,3.2625285010223446
Lower Manhattan,2023-06-18 12:00:00,Coffee,3.2625285010223446
Lower Manhattan,2023-06-18 12:00:00,Coffee beans,3.2625285010223446
Lower Manhattan,2023-06-18 12:00:00,Drinking Chocolate,3.2625285010223446
Lower Manhattan,2023-06-18 12:00:00,Flavours,3.2625285010223446
Lower Manhattan,2023-06-18 12:00:00,Tea,3.2625285010223446
Lower Manhattan,2023-06-18 13:00:00,Bakery,3.417798832167903
Lower Manhattan,2023-06-18 13:00:00,Coffee,3.417798832167903
Lower Manhattan,2023-06-18 13:00:00,Coffee beans,3.417798832167903
Lower Manhattan,2023-06-18 13:00:00,Drinking Chocolate,3.417798832167903
Lower Manhattan,2023-06-18 13:00:00,Flavours,3.417798832167903
Lower Manhattan,2023-06-18 13:00:00,Tea,3.417798832167903
Lower Manhattan,2023-06-18 14:00:00,Bakery,3.476311775221039
Lower Manhattan,2023-06-18 14:00:00,Coffee,3.476311775221039
Lower Manhattan,2023-06-18 14:00:00,Coffee beans,3.476311775221039
Lower Manhattan,2023-06-18 14:00:00,Drinking Chocolate,3.476311775221039
Lower Manhattan,2023-06-18 14:00:00,Flavours,3.476311775221039
Lower Manhattan,2023-06-18 14:00:00,Tea,3.476311775221039
Lower Manhattan,2023-06-18 15:00:00,Bakery,3.3969243709331938
Lower Manhattan,2023-06-18 15:00:00,Coffee,3.3969243709331938
Lower Manhattan,2023-06-18 15:00:00,Coffee beans,3.3969243709331938
Lower Manhattan,2023-06-18 15:00:00,Drinking Chocolate,3.3969243709331938
Lower Manhattan,2023-06-18 15:00:00,Flavours,3.3969243709331938
Lower Manhattan,2023-06-18 15:00:00,Tea,3.3969243709331938
Lower Manhattan,2023-06-18 16:00:00,Bakery,3.243249261257691
Lower Manhattan,2023-06-18 16:00:00,Coffee,3.243249261257691
Lower Manhattan,2023-06-18 16:00:00,Coffee beans,3.243249261257691
Lower Manhattan,2023-06-18 16:00:00,Drinking Chocolate,3.243249261257691
Lower Manhattan,2023-06-18 16:00:00,Flavours,3.243249261257691
Lower Manhattan,2023-06-18 16:00:00,Tea,3.243249261257691
Lower Manhattan,2023-06-18 17:00:00,Bakery,2.7618056973865586
Lower Manhattan,2023-06-18 17:00:00,Coffee,2.7618056973865586
Lower Manhattan,2023-06-18 17:00:00,Coffee beans,2.7618056973865586
Lower Manhattan,2023-06-18 17:00:00,Drinking Chocolate,2.7618056973865586
Lower Manhattan,2023-06-18 17:00:00,Flavours,2.7618056973865586
Lower Manhattan,2023-06-18 17:00:00,Tea,2.7618056973865586
Lower Manhattan,2023-06-18 18:00:00,Bakery,6.312697636011119
Lower Manhattan,2023-06-18 18:00:00,Coffee,6.312697636011119
Lower Manhattan,2023-06-18 18:00:00,Coffee beans,6.312697636011119
Lower Manhattan,2023-06-18 18:00:00,Drinking Chocolate,6.312697636011119
Lower Manhattan,2023-06-18 18:00:00,Flavours,6.312697636011119
Lower Manhattan,2023-06-18 18:00:00,Tea,6.312697636011119
Lower Manhattan,2023-06-19 06:00:00,Bakery,7.768878359504764
Lower Manhattan,2023-06-19 06:00:00,Coffee,7.768878359504764
Lower Manhattan,2023-06-19 06:00:00,Coffee beans,7.768878359504764
Lower Manhattan,2023-06-19 06:00:00,Drinking Chocolate,7.768878359504764
Lower Manhattan,2023-06-19 06:00:00,Flavours,7.768878359504764
Lower Manhattan,2023-06-19 06:00:00,Tea,7.768878359504764
Lower Manhattan,2023-06-19 07:00:00,Bakery,10.245853955060966
Lower Manhattan,2023-06-19 07:00:00,Coffee,10.245853955060966
Lower Manhattan,2023-06-19 07:00:00,Coffee beans,10.245853955060966
Lower Manhattan,2023-06-19 07:00:00,Drinking Chocolate,10.245853955060966
Lower Manhattan,2023-06-19 07:00:00,Flavours,10.245853955060966
Lower Manhattan,2023-06-19 07:00:00,Tea,10.245853955060966
Lower Manhattan,2023-06-19 08:00:00,Bakery,10.223380786936687
Lower Manhattan,2023-06-19 08:00:00,Coffee,10.223380786936687
Lower Manhattan,2023-06-19 08:00:00,Coffee beans,10.223380786936687
Lower Manhattan,2023-06-19 08:00:00,Drinking Chocolate,10.223380786936687
Lower Manhattan,2023-06-19 08:00:00,Flavours,10.223380786936687
Lower Manhattan,2023-06-19 08:00:00,Tea,10.223380786936687
Lower Manhattan,2023-06-19 09:00:00,Bakery,8.62903113306182
Lower Manhattan,2023-06-19 09:00:00,Coffee,8.62903113306182
Lower Manhattan,2023-06-19 09:00:00,Coffee beans,8.62903113306182
Lower Manhattan,2023-06-19 09:00:00,Drinking Chocolate,8.62903113306182
Lower Manhattan,2023-06-19 09:00:00,Flavours,8.62903113306182
Lower Manhattan,2023-06-19 09:00:00,Tea,8.62903113306182
Lower Manhattan,2023-06-19 10:00:00,Bakery,3.136314932822892
Lower Manhattan,2023-06-19 10:00:00,Coffee,3.136314932822892
Lower Manhattan,2023-06-19 10:00:00,Coffee beans,3.136314932822892
Lower Manhattan,2023-06-19 10:00:00,Drinking Chocolate,3.136314932822892
Lower Manhattan,2023-06-19 10:00:00,Flavours,3.136314932822892
Lower Manhattan,2023-06-19 10:00:00,Tea,3.136314932822892
Lower Manhattan,2023-06-19 11:00:00,Bakery,3.4510314086893854
Lower Manhattan,2023-06-19 11:00:00,Coffee,3.4510314086893854
Lower Manhattan,2023-06-19 11:00:00,Coffee beans,3.4510314086893854
Lower Manhattan,2023-06-19 11:00:00,Drinking Chocolate,3.4510314086893854
Lower Manhattan,2023-06-19 11:00:00,Flavours,3.4510314086893854
Lower Manhattan,2023-06-19 11:00:00,Tea,3.4510314086893854
Lower Manhattan,2023-06-19 12:00:00,Bakery,3.49479707422421
Lower Manhattan,2023-06-19 12:00:00,Coffee,3.49479707422421
Lower Manhattan,2023-06-19 12:00:00,Coffee beans,3.49479707422421
Lower Manhattan,2023-06-19 12:00:00,Drinking Chocolate,3.49479707422421
Lower Manhattan,2023-06-19 12:00:00,Flavours,3.49479707422421
Lower Manhattan,2023-06-19 12:00:00,Tea,3.49479707422421
Lower Manhattan,2023-06-19 13:00:00,Bakery,3.5263120642612447
Lower Manhattan,2023-06-19 13:00:00,Coffee,3.5263120642612447
Lower Manhattan,2023-06-19 13:00:00,Coffee beans,3.5263120642612447
Lower Manhattan,2023-06-19 13:00:00,Drinking Chocolate,3.5263120642612447
Lower Manhattan,2023-06-19 13:00:00,Flavours,3.5263120642612447
Lower Manhattan,2023-06-19 13:00:00,Tea,3.5263120642612447
Lower Manhattan,2023-06-19 14:00:00,Bakery,3.2592844961755865
Lower Manhattan,2023-06-19 14:00:00,Coffee,3.2592844961755865
Lower Manhattan,2023-06-19 14:00:00,Coffee beans,3.2592844961755865
Lower Manhattan,2023-06-19 14:00:00,Drinking Chocolate,3.2592844961755865
Lower Manhattan,2023-06-19 14:00:00,Flavours,3.2592844961755865
Lower Manhattan,2023-06-19 14:00:00,Tea,3.2592844961755865
Lower Manhattan,2023-06-19 15:00:00,Bakery,2.875725236607718
Lower Manhattan,2023-06-19 15:00:00,Coffee,2.875725236607718
Lower Manhattan,2023-06-19 15:00:00,Coffee beans,2.875725236607718
Lower Manhattan,2023-06-19 15:00:00,Drinking Chocolate,2.875725236607718
Lower Manhattan,2023-06-19 15:00:00,Flavours,2.875725236607718
Lower Manhattan,2023-06-19 15:00:00,Tea,2.875725236607718
Lower Manhattan,2023-06-19 16:00:00,Bakery,3.2210722681407242
Lower Manhattan,2023-06-19 16:00:00,Coffee,3.2210722681407242
Lower Manhattan,2023-06-19 16:00:00,Coffee beans,3.2210722681407242
Lower Manhattan,2023-06-19 16:00:00,Drinking Chocolate,3.2210722681407242
Lower Manhattan,2023-06-19 16:00:00,Flavours,3.2210722681407242
Lower Manhattan,2023-06-19 16:00:00,Tea,3.2210722681407242
Lower Manhattan,2023-06-19 17:00:00,Bakery,2.9430988602845254
Lower Manhattan,2023-06-19 17:00:00,Coffee,2.9430988602845254
Lower Manhattan,2023-06-19 17:00:00,Coffee beans,2.9430988602845254
Lower Manhattan,2023-06-19 17:00:00,Drinking Chocolate,2.9430988602845254
Lower Manhattan,2023-06-19 17:00:00,Flavours,2.9430988602845254
Lower Manhattan,2023-06-19 17:00:00,Tea,2.9430988602845254
Lower Manhattan,2023-06-19 18:00:00,Bakery,6.435383890116352
Lower Manhattan,2023-06-19 18:00:00,Coffee,6.435383890116352
Lower Manhattan,2023-06-19 18:00:00,Coffee beans,6.435383890116352
Lower Manhattan,2023-06-19 18:00:00,Drinking Chocolate,6.435383890116352
Lower Manhattan,2023-06-19 18:00:00,Flavours,6.435383890116352
Lower Manhattan,2023-06-19 18:00:00,Tea,6.435383890116352
Lower Manhattan,2023-06-20 07:00:00,Bakery,8.730515735648622
Lower Manhattan,2023-06-20 07:00:00,Coffee,8.730515735648622
Lower Manhattan,2023-06-20 07:00:00,Coffee beans,8.730515735648622
Lower Manhattan,2023-06-20 07:00:00,Drinking Chocolate,8.730515735648622
Lower Manhattan,2023-06-20 07:00:00,Flavours,8.730515735648622
Lower Manhattan,2023-06-20 07:00:00,Tea,8.730515735648622
Lower Manhattan,2023-06-20 08:00:00,Bakery,10.720429168340631
Lower Manhattan,2023-06-20 08:00:00,Coffee,10.720429168340631
Lower Manhattan,2023-06-20 08:00:00,Coffee beans,10.720429168340631
Lower Manhattan,2023-06-20 08:00:00,Drinking Chocolate,10.720429168340631
Lower Manhattan,2023-06-20 08:00:00,Flavours,10.720429168340631
Lower Manhattan,2023-06-20 08:00:00,Tea,10.720429168340631
Lower Manhattan,2023-06-20 09:00:00,Bakery,10.223380786936687
Lower Manhattan,2023-06-20 09:00:00,Coffee,10.223380786936687
Lower Manhattan,2023-06-20 09:00:00,Coffee beans,10.223380786936687
Lower Manhattan,2023-06-20 09:00:00,Drinking Chocolate,10.223380786936687
Lower Manhattan,2023-06-20 09:00:00,Flavours,10.223380786936687
Lower Manhattan,2023-06-20 09:00:00,Tea,10.223380786936687
Lower Manhattan,2023-06-20 10:00:00,Bakery,2.986661812144114
Lower Manhattan,2023-06-20 10:00:00,Coffee,2.986661812144114
Lower Manhattan,2023-06-20 10:00:00,Coffee beans,2.986661812144114
Lower Manhattan,2023-06-20 10:00:00,Drinking Chocolate,2.986661812144114
Lower Manhattan,2023-06-20 10:00:00,Flavours,2.986661812144114
Lower Manhattan,2023-06-20 10:00:00,Tea,2.986661812144114
Lower Manhattan,2023-06-20 11:00:00,Bakery,3.084009302300175
Lower Manhattan,2023-06-20 11:00:00,Coffee,3.084009302300175
Lower Manhattan,2023-06-20 11:00:00,Coffee beans,3.084009302300175
Lower Manhattan,2023-06-20 11:00:00,Drinking Chocolate,3.084009302300175
Lower Manhattan,2023-06-20 11:00:00,Flavours,3.084009302300175
Lower Manhattan,2023-06-20 11:00:00,Tea,3.084009302300175
Lower Manhattan,2023-06-20 12:00:00,Bakery,3.3698922022964397
Lower Manhattan,2023-06-20 12:00:00,Coffee,3.3698922022964397
Lower Manhattan,2023-06-20 12:00:00,Coffee beans,3.3698922022964397
Lower Manhattan,2023-06-20 12:00:00,Drinking Chocolate,3.3698922022964397
Lower Manhattan,2023-06-20 12:00:00,Flavours,3.3698922022964397
Lower Manhattan,2023-06-20 12:00:00,Tea,3.3698922022964397
Lower Manhattan,2023-06-20 13:00:00,Bakery,3.481391325934194
Lower Manhattan,2023-06-20 13:00:00,Coffee,3.481391325934194
Lower Manhattan,2023-06-20 13:00:00,Coffee beans,3.481391325934194
Lower Manhattan,2023-06-20 13:00:00,Drinking Chocolate,3.481391325934194
Lower Manhattan,2023-06-20 13:00:00,Flavours,3.481391325934194
Lower Manhattan,2023-06-20 13:00:00,Tea,3.481391325934194
Lower Manhattan,2023-06-20 14:00:00,Bakery,3.1144099960957696
Lower Manhattan,2023-06-20 14:00:00,Coffee,3.1144099960957696
Lower Manhattan,2023-06-20 14:00:00,Coffee beans,3.1144099960957696
Lower Manhattan,2023-06-20 14:00:00,Drinking Chocolate,3.1144099960957696
Lower Manhattan,2023-06-20 14:00:00,Flavours,3.1144099960957696
Lower Manhattan,2023-06-20 14:00:00,Tea,3.1144099960957696
Lower Manhattan,2023-06-20 15:00:00,Bakery,3.153343770158518
Lower Manhattan,2023-06-20 15:00:00,Coffee,3.153343770158518
Lower Manhattan,2023-06-20 15:00:00,Coffee beans,3.153343770158518
Lower Manhattan,2023-06-20 15:00:00,Drinking Chocolate,3.153343770158518
Lower Manhattan,2023-06-20 15:00:00,Flavours,3.153343770158518
Lower Manhattan,2023-06-20 15:00:00,Tea,3.153343770158518
Lower Manhattan,2023-06-20 16:00:00,Bakery,3.1674032390499
Lower Manhattan,2023-06-20 16:00:00,Coffee,3.1674032390499
Lower Manhattan,2023-06-20 16:00:00,Coffee beans,3.1674032390499
Lower Manhattan,2023-06-20 16:00:00,Drinking Chocolate,3.1674032390499
Lower Manhattan,2023-06-20 16:00:00,Flavours,3.1674032390499
Lower Manhattan,2023-06-20 16:00:00,Tea,3.1674032390499
Lower Manhattan,2023-06-20 17:00:00,Bakery,3.0645426493120986
Lower Manhattan,2023-06-20 17:00:00,Coffee,3.0645426493120986
Lower Manhattan,2023-06-20 17:00:00,Coffee beans,3.0645426493120986
Lower Manhattan,2023-06-20 17:00:00,Drinking Chocolate,3.0645426493120986
Lower Manhattan,2023-06-20 17:00:00,Flavours,3.0645426493120986
Lower Manhattan,2023-06-20 17:00:00,Tea,3.0645426493120986
Lower Manhattan,2023-06-20 18:00:00,Bakery,6.1784384966905925
Lower Manhattan,2023-06-20 18:00:00,Coffee,6.1784384966905925
Lower Manhattan,2023-06-20 18:00:00,Coffee beans,6.1784384966905925
Lower Manhattan,2023-06-20 18:00:00,Drinking Chocolate,6.1784384966905925
Lower Manhattan,2023-06-20 18:00:00,Flavours,6.1784384966905925
Lower Manhattan,2023-06-20 18:00:00,Tea,6.1784384966905925
Lower Manhattan,2023-06-21 07:00:00,Bakery,8.172956750385351
Lower Manhattan,2023-06-21 07:00:00,Coffee,8.172956750385351
Lower Manhattan,2023-06-21 07:00:00,Coffee beans,8.172956750385351
Lower Manhattan,2023-06-21 07:00:00,Drinking Chocolate,8.172956750385351
Lower Manhattan,2023-06-21 07:00:00,Flavours,8.172956750385351
Lower Manhattan,2023-06-21 07:00:00,Tea,8.172956750385351
Lower Manhattan,2023-06-21 08:00:00,Bakery,9.93033394858397
Lower Manhattan,2023-06-21 08:00:00,Coffee,9.93033394858397
Lower Manhattan,2023-06-21 08:00:00,Coffee beans,9.93033394858397
Lower Manhattan,2023-06-21 08:00:00,Drinking Chocolate,9.93033394858397
Lower Manhattan,2023-06-21 08:00:00,Flavours,9.93033394858397
Lower Manhattan,2023-06-21 08:00:00,Tea,9.93033394858397
Lower Manhattan,2023-06-21 09:00:00,Bakery,10.1021878784185
Lower Manhattan,2023-06-21 09:00:00,Coffee,10.1021878784185
Lower Manhattan,2023-06-21 09:00:00,Coffee beans,10.1021878784185
Lower Manhattan,2023-06-21 09:00:00,Drinking Chocolate,10.1021878784185
Lower Manhattan,2023-06-21 09:00:00,Flavours,10.1021878784185
Lower Manhattan,2023-06-21 09:00:00,Tea,10.1021878784185
Lower Manhattan,2023-06-21 10:00:00,Bakery,3.5833534665828517
Lower Manhattan,2023-06-21 10:00:00,Coffee,3.5833534665828517
Lower Manhattan,2023-06-21 10:00:00,Coffee beans,3.5833534665828517
Lower Manhattan,2023-06-21 10:00:00,Drinking Chocolate,3.5833534665828517
Lower Manhattan,2023-06-21 10:00:00,Flavours,3.5833534665828517
Lower Manhattan,2023-06-21 10:00:00,Tea,3.5833534665828517
Lower Manhattan,2023-06-21 11:00:00,Bakery,4.055656041544424
Lower Manhattan,2023-06-21 11:00:00,Coffee,4.055656041544424
Lower Manhattan,2023-06-21 11:00:00,Coffee beans,4.055656041544424
Lower Manhattan,2023-06-21 11:00:00,Drinking Chocolate,4.055656041544424
Lower Manhattan,2023-06-21 11:00:00,Flavours,4.055656041544424
Lower Manhattan,2023-06-21 11:00:00,Tea,4.055656041544424
Lower Manhattan,2023-06-21 12:00:00,Bakery,4.199853705679645
Lower Manhattan,2023-06-21 12:00:00,Coffee,4.199853705679645
Lower Manhattan,2023-06-21 12:00:00,Coffee beans,4.199853705679645
Lower Manhattan,2023-06-21 12:00:00,Drinking Chocolate,4.199853705679645
Lower Manhattan,2023-06-21 12:00:00,Flavours,4.199853705679645
Lower Manhattan,2023-06-21 12:00:00,Tea,4.199853705679645
Lower Manhattan,2023-06-21 13:00:00,Bakery,3.612441408565427
Lower Manhattan,2023-06-21 13:00:00,Coffee,3.612441408565427
Lower Manhattan,2023-06-21 13:00:00,Coffee beans,3.612441408565427
Lower Manhattan,2023-06-21 13:00:00,Drinking Chocolate,3.612441408565427
Lower Manhattan,2023-06-21 13:00:00,Flavours,3.612441408565427
Lower Manhattan,2023-06-21 13:00:00,Tea,3.612441408565427
Lower Manhattan,2023-06-21 14:00:00,Bakery,3.5435069762301747
Lower Manhattan,2023-06-21 14:00:00,Coffee,3.5435069762301747
Lower Manhattan,2023-06-21 14:00:00,Coffee beans,3.5435069762301747
Lower Manhattan,2023-06-21 14:00:00,Drinking Chocolate,3.5435069762301747
Lower Manhattan,2023-06-21 14:00:00,Flavours,3.5435069762301747
Lower Manhattan,2023-06-21 14:00:00,Tea,3.5435069762301747
Lower Manhattan,2023-06-21 15:00:00,Bakery,3.445652876424142
Lower Manhattan,2023-06-21 15:00:00,Coffee,3.445652876424142
Lower Manhattan,2023-06-21 15:00:00,Coffee beans,3.445652876424142
Lower Manhattan,2023-06-21 15:00:00,Drinking Chocolate,3.445652876424142
Lower Manhattan,2023-06-21 15:00:00,Flavours,3.445652876424142
Lower Manhattan,2023-06-21 15:00:00,Tea,3.445652876424142
Lower Manhattan,2023-06-21 16:00:00,Bakery,3.255086960907184
Lower Manhattan,2023-06-21 16:00:00,Coffee,3.255086960907184
Lower Manhattan,2023-06-21 16:00:00,Coffee beans,3.255086960907184
Lower Manhattan,2023-06-21 16:00:00,Drinking Chocolate,3.255086960907184
Lower Manhattan,2023-06-21 16:00:00,Flavours,3.255086960907184
Lower Manhattan,2023-06-21 16:00:00,Tea,3.255086960907184
Lower Manhattan,2023-06-21 17:00:00,Bakery,2.8602591192709523
Lower Manhattan,2023-06-21 17:00:00,Coffee,2.8602591192709523
Lower Manhattan,2023-06-21 17:00:00,Coffee beans,2.8602591192709523
Lower Manhattan,2023-06-21 17:00:00,Drinking Chocolate,2.8602591192709523
Lower Manhattan,2023-06-21 17:00:00,Flavours,2.8602591192709523
Lower Manhattan,2023-06-21 17:00:00,Tea,2.8602591192709523
Lower Manhattan,2023-06-21 18:00:00,Bakery,5.519537491337104
Lower Manhattan,2023-06-21 18:00:00,Coffee,5.519537491337104
Lower Manhattan,2023-06-21 18:00:00,Coffee beans,5.519537491337104
Lower Manhattan,2023-06-21 18:00:00,Drinking Chocolate,5.519537491337104
Lower Manhattan,2023-06-21 18:00:00,Flavours,5.519537491337104
Lower Manhattan,2023-06-21 18:00:00,Tea,5.519537491337104
Lower Manhattan,2023-06-22 06:00:00,Bakery,7.451403932112539
Lower Manhattan,2023-06-22 06:00:00,Coffee,7.451403932112539
Lower Manhattan,2023-06-22 06:00:00,Coffee beans,7.451403932112539
Lower Manhattan,2023-06-22 06:00:00,Drinking Chocolate,7.451403932112539
Lower Manhattan,2023-06-22 06:00:00,Flavours,7.451403932112539
Lower Manhattan,2023-06-22 06:00:00,Tea,7.451403932112539
Lower Manhattan,2023-06-22 07:00:00,Bakery,8.785324093524864
Lower Manhattan,2023-06-22 07:00:00,Coffee,8.785324093524864
Lower Manhattan,2023-06-22 07:00:00,Coffee beans,8.785324093524864
Lower Manhattan,2023-06-22 07:00:00,Drinking Chocolate,8.785324093524864
Lower Manhattan,2023-06-22 07:00:00,Flavours,8.785324093524864
Lower Manhattan,2023-06-22 07:00:00,Tea,8.785324093524864
Lower Manhattan,2023-06-22 08:00:00,Bakery,10.1021878784185
Lower Manhattan,2023-06-22 08:00:00,Coffee,10.1021878784185
Lower Manhattan,2023-06-22 08:00:00,Coffee beans,10.1021878784185
Lower Manhattan,2023-06-22 08:00:00,Drinking Chocolate,10.1021878784185
Lower Manhattan,2023-06-22 08:00:00,Flavours,10.1021878784185
Lower Manhattan,2023-06-22 08:00:00,Tea,10.1021878784185
Lower Manhattan,2023-06-22 09:00:00,Bakery,9.627612665138836
Lower Manhattan,2023-06-22 09:00:00,Coffee,9.627612665138836
Lower Manhattan,2023-06-22 09:00:00,Coffee beans,9.627612665138836
Lower Manhattan,2023-06-22 09:00:00,Drinking Chocolate,9.627612665138836
Lower Manhattan,2023-06-22 09:00:00,Flavours,9.627612665138836
Lower Manhattan,2023-06-22 09:00:00,Tea,9.627612665138836
Lower Manhattan,2023-06-22 10:00:00,Bakery,3.2259335019731603
Lower Manhattan,2023-06-22 10:00:00,Coffee,3.2259335019731603
Lower Manhattan,2023-06-22 10:00:00,Coffee beans,3.2259335019731603
Lower Manhattan,2023-06-22 10:00:00,Drinking Chocolate,3.2259335019731603
Lower Manhattan,2023-06-22 10:00:00,Flavours,3.2259335019731603
Lower Manhattan,2023-06-22 10:00:00,Tea,3.2259335019731603
Lower Manhattan,2023-06-22 11:00:00,Bakery,3.6804051963112885
Lower Manhattan,2023-06-22 11:00:00,Coffee,3.6804051963112885
Lower Manhattan,2023-06-22 11:00:00,Coffee beans,3.6804051963112885
Lower Manhattan,2023-06-22 11:00:00,Drinking Chocolate,3.6804051963112885
Lower Manhattan,2023-06-22 11:00:00,Flavours,3.6804051963112885
Lower Manhattan,2023-06-22 11:00:00,Tea,3.6804051963112885
Lower Manhattan,2023-06-22 12:00:00,Bakery,3.9796153481774104
Lower Manhattan,2023-06-22 12:00:00,Coffee,3.9796153481774104
Lower Manhattan,2023-06-22 12:00:00,Coffee beans,3.9796153481774104
Lower Manhattan,2023-06-22 12:00:00,Drinking Chocolate,3.9796153481774104
Lower Manhattan,2023-06-22 12:00:00,Flavours,3.9796153481774104
Lower Manhattan,2023-06-22 12:00:00,Tea,3.9796153481774104
Lower Manhattan,2023-06-22 13:00:00,Bakery,3.9024136875373965
Lower Manhattan,2023-06-22 13:00:00,Coffee,3.9024136875373965
Lower Manhattan,2023-06-22 13:00:00,Coffee beans,3.9024136875373965
Lower Manhattan,2023-06-22 13:00:00,Drinking Chocolate,3.9024136875373965
Lower Manhattan,2023-06-22 13:00:00,Flavours,3.9024136875373965
Lower Manhattan,2023-06-22 13:00:00,Tea,3.9024136875373965
Lower Manhattan,2023-06-22 14:00:00,Bakery,3.7378107024865184
Lower Manhattan,2023-06-22 14:00:00,Coffee,3.7378107024865184
Lower Manhattan,2023-06-22 14:00:00,Coffee beans,3.7378107024865184
Lower Manhattan,2023-06-22 14:00:00,Drinking Chocolate,3.7378107024865184
Lower Manhattan,2023-06-22 14:00:00,Flavours,3.7378107024865184
Lower Manhattan,2023-06-22 14:00:00,Tea,3.7378107024865184
Lower Manhattan,2023-06-22 15:00:00,Bakery,3.759358567483927
Lower Manhattan,2023-06-22 15:00:00,Coffee,3.759358567483927
Lower Manhattan,2023-06-22 15:00:00,Coffee beans,3.759358567483927
Lower Manhattan,2023-06-22 15:00:00,Drinking Chocolate,3.759358567483927
Lower Manhattan,2023-06-22 15:00:00,Flavours,3.759358567483927
Lower Manhattan,2023-06-22 15:00:00,Tea,3.759358567483927
Lower Manhattan,2023-06-22 16:00:00,Bakery,4.362045266684226
Lower Manhattan,2023-06-22 16:00:00,Coffee,4.362045266684226
Lower Manhattan,2023-06-22 16:00:00,Coffee beans,4.362045266684226
Lower Manhattan,2023-06-22 16:00:00,Drinking Chocolate,4.362045266684226
Lower Manhattan,2023-06-22 16:00:00,Flavours,4.362045266684226
Lower Manhattan,2023-06-22 16:00:00,Tea,4.362045266684226
Lower Manhattan,2023-06-22 17:00:00,Bakery,3.690233040213055
Lower Manhattan,2023-06-22 17:00:00,Coffee,3.690233040213055
Lower Manhattan,2023-06-22 17:00:00,Coffee beans,3.690233040213055
Lower Manhattan,2023-06-22 17:00:00,Drinking Chocolate,3.690233040213055
Lower Manhattan,2023-06-22 17:00:00,Flavours,3.690233040213055
Lower Manhattan,2023-06-22 17:00:00,Tea,3.690233040213055
Lower Manhattan,2023-06-22 18:00:00,Bakery,6.521029334126594
Lower Manhattan,2023-06-22 18:00:00,Coffee,6.521029334126594
Lower Manhattan,2023-06-22 18:00:00,Coffee beans,6.521029334126594
Lower Manhattan,2023-06-22 18:00:00,Drinking Chocolate,6.521029334126594
Lower Manhattan,2023-06-22 18:00:00,Flavours,6.521029334126594
Lower Manhattan,2023-06-22 18:00:00,Tea,6.521029334126594
Lower Manhattan,2023-06-23 06:00:00,Bakery,7.491877021186573
Lower Manhattan,2023-06-23 06:00:00,Coffee,7.491877021186573
Lower Manhattan,2023-06-23 06:00:00,Coffee beans,7.491877021186573
Lower Manhattan,2023-06-23 06:00:00,Drinking Chocolate,7.491877021186573
Lower Manhattan,2023-06-23 06:00:00,Flavours,7.491877021186573
Lower Manhattan,2023-06-23 06:00:00,Tea,7.491877021186573
Lower Manhattan,2023-06-23 07:00:00,Bakery,8.98246839542861
Lower Manhattan,2023-06-23 07:00:00,Coffee,8.98246839542861
Lower Manhattan,2023-06-23 07:00:00,Coffee beans,8.98246839542861
Lower Manhattan,2023-06-23 07:00:00,Drinking Chocolate,8.98246839542861
Lower Manhattan,2023-06-23 07:00:00,Flavours,8.98246839542861
Lower Manhattan,2023-06-23 07:00:00,Tea,8.98246839542861
Lower Manhattan,2023-06-23 08:00:00,Bakery,8.050772920417346
Lower Manhattan,2023-06-23 08:00:00,Coffee,8.050772920417346
Lower Manhattan,2023-06-23 08:00:00,Coffee beans,8.050772920417346
Lower Manhattan,2023-06-23 08:00:00,Drinking Chocolate,8.050772920417346
Lower Manhattan,2023-06-23 08:00:00,Flavours,8.050772920417346
Lower Manhattan,2023-06-23 08:00:00,Tea,8.050772920417346
Lower Manhattan,2023-06-23 09:00:00,Bakery,9.240057955392816
Lower Manhattan,2023-06-23 09:00:00,Coffee,9.240057955392816
Lower Manhattan,2023-06-23 09:00:00,Coffee beans,9.240057955392816
Lower Manhattan,2023-06-23 09:00:00,Drinking Chocolate,9.240057955392816
Lower Manhattan,2023-06-23 09:00:00,Flavours,9.240057955392816
Lower Manhattan,2023-06-23 09:00:00,Tea,9.240057955392816
Lower Manhattan,2023-06-23 10:00:00,Bakery,3.3170126956291672
Lower Manhattan,2023-06-23 10:00:00,Coffee,3.3170126956291672
Lower Manhattan,2023-06-23 10:00:00,Coffee beans,3.3170126956291672
Lower Manhattan,2023-06-23 10:00:00,Drinking Chocolate,3.3170126956291672
Lower Manhattan,2023-06-23 10:00:00,Flavours,3.3170126956291672
Lower Manhattan,2023-06-23 10:00:00,Tea,3.3170126956291672
Lower Manhattan,2023-06-23 11:00:00,Bakery,4.0355488399698975
Lower Manhattan,2023-06-23 11:00:00,Coffee,4.0355488399698975
Lower Manhattan,2023-06-23 11:00:00,Coffee beans,4.0355488399698975
Lower Manhattan,2023-06-23 11:00:00,Drinking Chocolate,4.0355488399698975
Lower Manhattan,2023-06-23 11:00:00,Flavours,4.0355488399698975
Lower Manhattan,2023-06-23 11:00:00,Tea,4.0355488399698975
Lower Manhattan,2023-06-23 12:00:00,Bakery,4.1048488660584725
Lower Manhattan,2023-06-23 12:00:00,Coffee,4.1048488660584725
Lower Manhattan,2023-06-23 12:00:00,Coffee beans,4.1048488660584725
Lower Manhattan,2023-06-23 12:00:00,Drinking Chocolate,4.1048488660584725
Lower Manhattan,2023-06-23 12:00:00,Flavours,4.1048488660584725
Lower Manhattan,2023-06-23 12:00:00,Tea,4.1048488660584725
Lower Manhattan,2023-06-23 13:00:00,Bakery,3.7626165348269063
Lower Manhattan,2023-06-23 13:00:00,Coffee,3.7626165348269063
Lower Manhattan,2023-06-23 13:00:00,Coffee beans,3.7626165348269063
Lower Manhattan,2023-06-23 13:00:00,Drinking Chocolate,3.7626165348269063
Lower Manhattan,2023-06-23 13:00:00,Flavours,3.7626165348269063
Lower Manhattan,2023-06-23 13:00:00,Tea,3.7626165348269063
Lower Manhattan,2023-06-23 14:00:00,Bakery,3.2976362381891056
Lower Manhattan,2023-06-23 14:00:00,Coffee,3.2976362381891056
Lower Manhattan,2023-06-23 14:00:00,Coffee beans,3.2976362381891056
Lower Manhattan,2023-06-23 14:00:00,Drinking Chocolate,3.2976362381891056
Lower Manhattan,2023-06-23 14:00:00,Flavours,3.2976362381891056
Lower Manhattan,2023-06-23 14:00:00,Tea,3.2976362381891056
Lower Manhattan,2023-06-23 15:00:00,Bakery,3.443623841382569
Lower Manhattan,2023-06-23 15:00:00,Coffee,3.443623841382569
Lower Manhattan,2023-06-23 15:00:00,Coffee beans,3.443623841382569
Lower Manhattan,2023-06-23 15:00:00,Drinking Chocolate,3.443623841382569
Lower Manhattan,2023-06-23 15:00:00,Flavours,3.443623841382569
Lower Manhattan,2023-06-23 15:00:00,Tea,3.443623841382569
Lower Manhattan,2023-06-23 16:00:00,Bakery,3.183316457228853
Lower Manhattan,2023-06-23 16:00:00,Coffee,3.183316457228853
Lower Manhattan,2023-06-23 16:00:00,Coffee beans,3.183316457228853
Lower Manhattan,2023-06-23 16:00:00,Drinking Chocolate,3.183316457228853
Lower Manhattan,2023-06-23 16:00:00,Flavours,3.183316457228853
Lower Manhattan,2023-06-23 16:00:00,Tea,3.183316457228853
Lower Manhattan,2023-06-23 17:00:00,Bakery,3.240581624873254
Lower Manhattan,2023-06-23 17:00:00,Coffee,3.240581624873254
Lower Manhattan,2023-06-23 17:00:00,Coffee beans,3.240581624873254
Lower Manhattan,2023-06-23 17:00:00,Drinking Chocolate,3.240581624873254
Lower Manhattan,2023-06-23 17:00:00,Flavours,3.240581624873254
Lower Manhattan,2023-06-23 17:00:00,Tea,3.240581624873254
Lower Manhattan,2023-06-23 18:00:00,Bakery,6.808075630300947
Lower Manhattan,2023-06-23 18:00:00,Coffee,6.808075630300947
Lower Manhattan,2023-06-23 18:00:00,Coffee beans,6.808075630300947
Lower Manhattan,2023-06-23 18:00:00,Drinking Chocolate,6.808075630300947
Lower Manhattan,2023-06-23 18:00:00,Flavours,6.808075630300947
Lower Manhattan,2023-06-23 18:00:00,Tea,6.808075630300947
Lower Manhattan,2023-06-24 06:00:00,Bakery,7.507592961098636
Lower Manhattan,2023-06-24 06:00:00,Coffee,7.507592961098636
Lower Manhattan,2023-06-24 06:00:00,Coffee beans,7.507592961098636
Lower Manhattan,2023-06-24 06:00:00,Drinking Chocolate,7.507592961098636
Lower Manhattan,2023-06-24 06:00:00,Flavours,7.507592961098636
Lower Manhattan,2023-06-24 06:00:00,Tea,7.507592961098636
Lower Manhattan,2023-06-24 07:00:00,Bakery,9.010156854420833
Lower Manhattan,2023-06-24 07:00:00,Coffee,9.010156854420833
Lower Manhattan,2023-06-24 07:00:00,Coffee beans,9.010156854420833
Lower Manhattan,2023-06-24 07:00:00,Drinking Chocolate,9.010156854420833
Lower Manhattan,2023-06-24 07:00:00,Flavours,9.010156854420833
Lower Manhattan,2023-06-24 07:00:00,Tea,9.010156854420833
Lower Manhattan,2023-06-24 08:00:00,Bakery,8.466153368389962
Lower Manhattan,2023-06-24 08:00:00,Coffee,8.466153368389962
Lower Manhattan,2023-06-24 08:00:00,Coffee beans,8.466153368389962
Lower Manhattan,2023-06-24 08:00:00,Drinking Chocolate,8.466153368389962
Lower Manhattan,2023-06-24 08:00:00,Flavours,8.466153368389962
Lower Manhattan,2023-06-24 08:00:00,Tea,8.466153368389962
Lower Manhattan,2023-06-24 09:00:00,Bakery,10.1021878784185
Lower Manhattan,2023-06-24 09:00:00,Coffee,10.1021878784185
Lower Manhattan,2023-06-24 09:00:00,Coffee beans,10.1021878784185
Lower Manhattan,2023-06-24 09:00:00,Drinking Chocolate,10.1021878784185
Lower Manhattan,2023-06-24 09:00:00,Flavours,10.1021878784185
Lower Manhattan,2023-06-24 09:00:00,Tea,10.1021878784185
Lower Manhattan,2023-06-24 10:00:00,Bakery,3.6642669241678028
Lower Manhattan,2023-06-24 10:00:00,Coffee,3.6642669241678028
Lower Manhattan,2023-06-24 10:00:00,Coffee beans,3.6642669241678028
Lower Manhattan,2023-06-24 10:00:00,Drinking Chocolate,3.6642669241678028
Lower Manhattan,2023-06-24 10:00:00,Flavours,3.6642669241678028
Lower Manhattan,2023-06-24 10:00:00,Tea,3.6642669241678028
Lower Manhattan,2023-06-24 11:00:00,Bakery,3.51475960036119
Lower Manhattan,2023-06-24 11:00:00,Coffee,3.51475960036119
Lower Manhattan,2023-06-24 11:00:00,Coffee beans,3.51475960036119
Lower Manhattan,2023-06-24 11:00:00,Drinking Chocolate,3.51475960036119
Lower Manhattan,2023-06-24 11:00:00,Flavours,3.51475960036119
Lower Manhattan,2023-06-24 11:00:00,Tea,3.51475960036119
Lower Manhattan,2023-06-24 12:00:00,Bakery,4.169345823368424
Lower Manhattan,2023-06-24 12:00:00,Coffee,4.169345823368424
Lower Manhattan,2023-06-24 12:00:00,Coffee beans,4.169345823368424
Lower Manhattan,2023-06-24 12:00:00,Drinking Chocolate,4.169345823368424
Lower Manhattan,2023-06-24 12:00:00,Flavours,4.169345823368424
Lower Manhattan,2023-06-24 12:00:00,Tea,4.169345823368424
Lower Manhattan,2023-06-24 13:00:00,Bakery,3.550388918336117
Lower Manhattan,2023-06-24 13:00:00,Coffee,3.550388918336117
Lower Manhattan,2023-06-24 13:00:00,Coffee beans,3.550388918336117
Lower Manhattan,2023-06-24 13:00:00,Drinking Chocolate,3.550388918336117
Lower Manhattan,2023-06-24 13:00:00,Flavours,3.550388918336117
Lower Manhattan,2023-06-24 13:00:00,Tea,3.550388918336117
Lower Manhattan,2023-06-24 14:00:00,Bakery,3.8942063827394313
Lower Manhattan,2023-06-24 14:00:00,Coffee,3.8942063827394313
Lower Manhattan,2023-06-24 14:00:00,Coffee beans,3.8942063827394313
Lower Manhattan,2023-06-24 14:00:00,Drinking Chocolate,3.8942063827394313
Lower Manhattan,2023-06-24 14:00:00,Flavours,3.8942063827394313
Lower Manhattan,2023-06-24 14:00:00,Tea,3.8942063827394313
Lower Manhattan,2023-06-24 15:00:00,Bakery,3.365012961511655
Lower Manhattan,2023-06-24 15:00:00,Coffee,3.365012961511655
Lower Manhattan,2023-06-24 15:00:00,Coffee beans,3.365012961511655
Lower Manhattan,2023-06-24 15:00:00,Drinking Chocolate,3.365012961511655
Lower Manhattan,2023-06-24 15:00:00,Flavours,3.365012961511655
Lower Manhattan,2023-06-24 15:00:00,Tea,3.365012961511655
Lower Manhattan,2023-06-24 16:00:00,Bakery,3.279410321966925
Lower Manhattan,2023-06-24 16:00:00,Coffee,3.279410321966925
Lower Manhattan,2023-06-24 16:00:00,Coffee beans,3.279410321966925
Lower Manhattan,2023-06-24 16:00:00,Drinking Chocolate,3.279410321966925
Lower Manhattan,2023-06-24 16:00:00,Flavours,3.279410321966925
Lower Manhattan,2023-06-24 16:00:00,Tea,3.279410321966925
Lower Manhattan,2023-06-24 17:00:00,Bakery,3.433381653707494
Lower Manhattan,2023-06-24 17:00:00,Coffee,3.433381653707494
Lower Manhattan,2023-06-24 17:00:00,Coffee beans,3.433381653707494
Lower Manhattan,2023-06-24 17:00:00,Drinking Chocolate,3.433381653707494
Lower Manhattan,2023-06-24 17:00:00,Flavours,3.433381653707494
Lower Manhattan,2023-06-24 17:00:00,Tea,3.433381653707494
Lower Manhattan,2023-06-24 18:00:00,Bakery,6.177161542304027
Lower Manhattan,2023-06-24 18:00:00,Coffee,6.177161542304027
Lower Manhattan,2023-06-24 18:00:00,Coffee beans,6.177161542304027
Lower Manhattan,2023-06-24 18:00:00,Drinking Chocolate,6.177161542304027
Lower Manhattan,2023-06-24 18:00:00,Flavours,6.177161542304027
Lower Manhattan,2023-06-24 18:00:00,Tea,6.177161542304027
Lower Manhattan,2023-06-25 06:00:00,Bakery,6.925305790620613
Lower Manhattan,2023-06-25 06:00:00,Coffee,6.925305790620613
Lower Manhattan,2023-06-25 06:00:00,Coffee beans,6.925305790620613
Lower Manhattan,2023-06-25 06:00:00,Drinking Chocolate,6.925305790620613
Lower Manhattan,2023-06-25 06:00:00,Flavours,6.925305790620613
Lower Manhattan,2023-06-25 06:00:00,Tea,6.925305790620613
Lower Manhattan,2023-06-25 07:00:00,Bakery,9.403565383446994
Lower Manhattan,2023-06-25 07:00:00,Coffee,9.403565383446994
Lower Manhattan,2023-06-25 07:00:00,Coffee beans,9.403565383446994
Lower Manhattan,2023-06-25 07:00:00,Drinking Chocolate,9.403565383446994
Lower Manhattan,2023-06-25 07:00:00,Flavours,9.403565383446994
Lower Manhattan,2023-06-25 07:00:00,Tea,9.403565383446994
Lower Manhattan,2023-06-25 08:00:00,Bakery,8.669014210339476
Lower Manhattan,2023-06-25 08:00:00,Coffee,8.669014210339476
Lower Manhattan,2023-06-25 08:00:00,Coffee beans,8.669014210339476
Lower Manhattan,2023-06-25 08:00:00,Drinking Chocolate,8.669014210339476
Lower Manhattan,2023-06-25 08:00:00,Flavours,8.669014210339476
Lower Manhattan,2023-06-25 08:00:00,Tea,8.669014210339476
Lower Manhattan,2023-06-25 09:00:00,Bakery,10.245853955060966
Lower Manhattan,2023-06-25 09:00:00,Coffee,10.245853955060966
Lower Manhattan,2023-06-25 09:00:00,Coffee beans,10.245853955060966
Lower Manhattan,2023-06-25 09:00:00,Drinking Chocolate,10.245853955060966
Lower Manhattan,2023-06-25 09:00:00,Flavours,10.245853955060966
Lower Manhattan,2023-06-25 09:00:00,Tea,10.245853955060966
Lower Manhattan,2023-06-25 10:00:00,Bakery,2.8539380575597773
Lower Manhattan,2023-06-25 10:00:00,Coffee,2.8539380575597773
Lower Manhattan,2023-06-25 10:00:00,Coffee beans,2.8539380575597773
Lower Manhattan,2023-06-25 10:00:00,Drinking Chocolate,2.8539380575597773
Lower Manhattan,2023-06-25 10:00:00,Flavours,2.8539380575597773
Lower Manhattan,2023-06-25 10:00:00,Tea,2.8539380575597773
Lower Manhattan,2023-06-25 11:00:00,Bakery,3.3498222563781526
Lower Manhattan,2023-06-25 11:00:00,Coffee,3.3498222563781526
Lower Manhattan,2023-06-25 11:00:00,Coffee beans,3.3498222563781526
Lower Manhattan,2023-06-25 11:00:00,Drinking Chocolate,3.3498222563781526
Lower Manhattan,2023-06-25 11:00:00,Flavours,3.3498222563781526
Lower Manhattan,2023-06-25 11:00:00,Tea,3.3498222563781526
Lower Manhattan,2023-06-25 12:00:00,Bakery,3.4136818135718903
Lower Manhattan,2023-06-25 12:00:00,Coffee,3.4136818135718903
Lower Manhattan,2023-06-25 12:00:00,Coffee beans,3.4136818135718903
Lower Manhattan,2023-06-25 12:00:00,Drinking Chocolate,3.4136818135718903
Lower Manhattan,2023-06-25 12:00:00,Flavours,3.4136818135718903
Lower Manhattan,2023-06-25 12:00:00,Tea,3.4136818135718903
Lower Manhattan,2023-06-25 13:00:00,Bakery,3.582332420658858
Lower Manhattan,2023-06-25 13:00:00,Coffee,3.582332420658858
Lower Manhattan,2023-06-25 13:00:00,Coffee beans,3.582332420658858
Lower Manhattan,2023-06-25 13:00:00,Drinking Chocolate,3.582332420658858
Lower Manhattan,2023-06-25 13:00:00,Flavours,3.582332420658858
Lower Manhattan,2023-06-25 13:00:00,Tea,3.582332420658858
Lower Manhattan,2023-06-25 14:00:00,Bakery,3.0900912843226167
Lower Manhattan,2023-06-25 14:00:00,Coffee,3.0900912843226167
Lower Manhattan,2023-06-25 14:00:00,Coffee beans,3.0900912843226167
Lower Manhattan,2023-06-25 14:00:00,Drinking Chocolate,3.0900912843226167
Lower Manhattan,2023-06-25 14:00:00,Flavours,3.0900912843226167
Lower Manhattan,2023-06-25 14:00:00,Tea,3.0900912843226167
Lower Manhattan,2023-06-25 15:00:00,Bakery,3.326587407623656
Lower Manhattan,2023-06-25 15:00:00,Coffee,3.326587407623656
Lower Manhattan,2023-06-25 15:00:00,Coffee beans,3.326587407623656
Lower Manhattan,2023-06-25 15:00:00,Drinking Chocolate,3.326587407623656
Lower Manhattan,2023-06-25 15:00:00,Flavours,3.326587407623656
Lower Manhattan,2023-06-25 15:00:00,Tea,3.326587407623656
Lower Manhattan,2023-06-25 16:00:00,Bakery,3.357027182043428
Lower Manhattan,2023-06-25 16:00:00,Coffee,3.357027182043428
Lower Manhattan,2023-06-25 16:00:00,Coffee beans,3.357027182043428
Lower Manhattan,2023-06-25 16:00:00,Drinking Chocolate,3.357027182043428
Lower Manhattan,2023-06-25 16:00:00,Flavours,3.357027182043428
Lower Manhattan,2023-06-25 16:00:00,Tea,3.357027182043428
Lower Manhattan,2023-06-25 17:00:00,Bakery,2.5816770566906375
Lower Manhattan,2023-06-25 17:00:00,Coffee,2.5816770566906375
Lower Manhattan,2023-06-25 17:00:00,Coffee beans,2.5816770566906375
Lower Manhattan,2023-06-25 17:00:00,Drinking Chocolate,2.5816770566906375
Lower Manhattan,2023-06-25 17:00:00,Flavours,2.5816770566906375
Lower Manhattan,2023-06-25 17:00:00,Tea,2.5816770566906375
Lower Manhattan,2023-06-25 18:00:00,Bakery,6.943611724008037
Lower Manhattan,2023-06-25 18:00:00,Coffee,6.943611724008037
Lower Manhattan,2023-06-25 18:00:00,Coffee beans,6.943611724008037
Lower Manhattan,2023-06-25 18:00:00,Drinking Chocolate,6.943611724008037
Lower Manhattan,2023-06-25 18:00:00,Flavours,6.943611724008037
Lower Manhattan,2023-06-25 18:00:00,Tea,6.943611724008037
Lower Manhattan,2023-06-26 06:00:00,Bakery,8.216130972630177
Lower Manhattan,2023-06-26 06:00:00,Coffee,8.216130972630177
Lower Manhattan,2023-06-26 06:00:00,Coffee beans,8.216130972630177
Lower Manhattan,2023-06-26 06:00:00,Drinking Chocolate,8.216130972630177
Lower Manhattan,2023-06-26 06:00:00,Flavours,8.216130972630177
Lower Manhattan,2023-06-26 06:00:00,Tea,8.216130972630177
Lower Manhattan,2023-06-26 07:00:00,Bakery,9.688949664343536
Lower Manhattan,2023-06-26 07:00:00,Coffee,9.688949664343536
Lower Manhattan,2023-06-26 07:00:00,Coffee beans,9.688949664343536
Lower Manhattan,2023-06-26 07:00:00,Drinking Chocolate,9.688949664343536
Lower Manhattan,2023-06-26 07:00:00,Flavours,9.688949664343536
Lower Manhattan,2023-06-26 07:00:00,Tea,9.688949664343536
Lower Manhattan,2023-06-26 08:00:00,Bakery,8.684295264551857
Lower Manhattan,2023-06-26 08:00:00,Coffee,8.684295264551857
Lower Manhattan,2023-06-26 08:00:00,Coffee beans,8.684295264551857
Lower Manhattan,2023-06-26 08:00:00,Drinking Chocolate,8.684295264551857
Lower Manhattan,2023-06-26 08:00:00,Flavours,8.684295264551857
Lower Manhattan,2023-06-26 08:00:00,Tea,8.684295264551857
Lower Manhattan,2023-06-26 09:00:00,Bakery,10.720429168340631
Lower Manhattan,2023-06-26 09:00:00,Coffee,10.720429168340631
Lower Manhattan,2023-06-26 09:00:00,Coffee beans,10.720429168340631
Lower Manhattan,2023-06-26 09:00:00,Drinking Chocolate,10.720429168340631
Lower Manhattan,2023-06-26 09:00:00,Flavours,10.720429168340631
Lower Manhattan,2023-06-26 09:00:00,Tea,10.720429168340631
Lower Manhattan,2023-06-26 10:00:00,Bakery,3.05876358624421
Lower Manhattan,2023-06-26 10:00:00,Coffee,3.05876358624421
Lower Manhattan,2023-06-26 10:00:00,Coffee beans,3.05876358624421
Lower Manhattan,2023-06-26 10:00:00,Drinking Chocolate,3.05876358624421
Lower Manhattan,2023-06-26 10:00:00,Flavours,3.05876358624421
Lower Manhattan,2023-06-26 10:00:00,Tea,3.05876358624421
Lower Manhattan,2023-06-26 11:00:00,Bakery,3.162569908631188
Lower Manhattan,2023-06-26 11:00:00,Coffee,3.162569908631188
Lower Manhattan,2023-06-26 11:00:00,Coffee beans,3.162569908631188
Lower Manhattan,2023-06-26 11:00:00,Drinking Chocolate,3.162569908631188
Lower Manhattan,2023-06-26 11:00:00,Flavours,3.162569908631188
Lower Manhattan,2023-06-26 11:00:00,Tea,3.162569908631188
Lower Manhattan,2023-06-26 12:00:00,Bakery,3.65319920144269
Lower Manhattan,2023-06-26 12:00:00,Coffee,3.65319920144269
Lower Manhattan,2023-06-26 12:00:00,Coffee beans,3.65319920144269
Lower Manhattan,2023-06-26 12:00:00,Drinking Chocolate,3.65319920144269
Lower Manhattan,2023-06-26 12:00:00,Flavours,3.65319920144269
Lower Manhattan,2023-06-26 12:00:00,Tea,3.65319920144269
Lower Manhattan,2023-06-26 13:00:00,Bakery,3.564197262095229
Lower Manhattan,2023-06-26 13:00:00,Coffee,3.564197262095229
Lower Manhattan,2023-06-26 13:00:00,Coffee beans,3.564197262095229
Lower Manhattan,2023-06-26 13:00:00,Drinking Chocolate,3.564197262095229
Lower Manhattan,2023-06-26 13:00:00,Flavours,3.564197262095229
Lower Manhattan,2023-06-26 13:00:00,Tea,3.564197262095229
Lower Manhattan,2023-06-26 14:00:00,Bakery,3.253305682330228
Lower Manhattan,2023-06-26 14:00:00,Coffee,3.253305682330228
Lower Manhattan,2023-06-26 14:00:00,Coffee beans,3.253305682330228
Lower Manhattan,2023-06-26 14:00:00,Drinking Chocolate,3.253305682330228
Lower Manhattan,2023-06-26 14:00:00,Flavours,3.253305682330228
Lower Manhattan,2023-06-26 14:00:00,Tea,3.253305682330228
Lower Manhattan,2023-06-26 15:00:00,Bakery,3.247361511279168
Lower Manhattan,2023-06-26 15:00:00,Coffee,3.247361511279168
Lower Manhattan,2023-06-26 15:00:00,Coffee beans,3.247361511279168
Lower Manhattan,2023-06-26 15:00:00,Drinking Chocolate,3.247361511279168
Lower Manhattan,2023-06-26 15:00:00,Flavours,3.247361511279168
Lower Manhattan,2023-06-26 15:00:00,Tea,3.247361511279168
Lower Manhattan,2023-06-26 16:00:00,Bakery,3.430656437633503
Lower Manhattan,2023-06-26 16:00:00,Coffee,3.430656437633503
Lower Manhattan,2023-06-26 16:00:00,Coffee beans,3.430656437633503
Lower Manhattan,2023-06-26 16:00:00,Drinking Chocolate,3.430656437633503
Lower Manhattan,2023-06-26 16:00:00,Flavours,3.430656437633503
Lower Manhattan,2023-06-26 16:00:00,Tea,3.430656437633503
Lower Manhattan,2023-06-26 17:00:00,Bakery,2.711287072056564
Lower Manhattan,2023-06-26 17:00:00,Coffee,2.711287072056564
Lower Manhattan,2023-06-26 17:00:00,Coffee beans,2.711287072056564
Lower Manhattan,2023-06-26 17:00:00,Drinking Chocolate,2.711287072056564
Lower Manhattan,2023-06-26 17:00:00,Flavours,2.711287072056564
Lower Manhattan,2023-06-26 17:00:00,Tea,2.711287072056564
Lower Manhattan,2023-06-26 18:00:00,Bakery,6.172868183151237
Lower Manhattan,2023-06-26 18:00:00,Coffee,6.172868183151237
Lower Manhattan,2023-06-26 18:00:00,Coffee beans,6.172868183151237
Lower Manhattan,2023-06-26 18:00:00,Drinking Chocolate,6.172868183151237
Lower Manhattan,2023-06-26 18:00:00,Flavours,6.172868183151237
Lower Manhattan,2023-06-26 18:00:00,Tea,6.172868183151237
Lower Manhattan,2023-06-27 07:00:00,Bakery,8.712410690855407
Lower Manhattan,2023-06-27 07:00:00,Coffee,8.712410690855407
Lower Manhattan,2023-06-27 07:00:00,Coffee beans,8.712410690855407
Lower Manhattan,2023-06-27 07:00:00,Drinking Chocolate,8.712410690855407
Lower Manhattan,2023-06-27 07:00:00,Flavours,8.712410690855407
Lower Manhattan,2023-06-27 07:00:00,Tea,8.712410690855407
Lower Manhattan,2023-06-27 08:00:00,Bakery,8.669014210339476
Lower Manhattan,2023-06-27 08:00:00,Coffee,8.669014210339476
Lower Manhattan,2023-06-27 08:00:00,Coffee beans,8.669014210339476
Lower Manhattan,2023-06-27 08:00:00,Drinking Chocolate,8.669014210339476
Lower Manhattan,2023-06-27 08:00:00,Flavours,8.669014210339476
Lower Manhattan,2023-06-27 08:00:00,Tea,8.669014210339476
Lower Manhattan,2023-06-27 09:00:00,Bakery,10.720429168340631
Lower Manhattan,2023-06-27 09:00:00,Coffee,10.720429168340631
Lower Manhattan,2023-06-27 09:00:00,Coffee beans,10.720429168340631
Lower Manhattan,2023-06-27 09:00:00,Drinking Chocolate,10.720429168340631
Lower Manhattan,2023-06-27 09:00:00,Flavours,10.720429168340631
Lower Manhattan,2023-06-27 09:00:00,Tea,10.720429168340631
Lower Manhattan,2023-06-27 10:00:00,Bakery,3.0175507105318795
Lower Manhattan,2023-06-27 10:00:00,Coffee,3.0175507105318795
Lower Manhattan,2023-06-27 10:00:00,Coffee beans,3.0175507105318795
Lower Manhattan,2023-06-27 10:00:00,Drinking Chocolate,3.0175507105318795
Lower Manhattan,2023-06-27 10:00:00,Flavours,3.0175507105318795
Lower Manhattan,2023-06-27 10:00:00,Tea,3.0175507105318795
Lower Manhattan,2023-06-27 11:00:00,Bakery,3.3284624321977807
Lower Manhattan,2023-06-27 11:00:00,Coffee,3.3284624321977807
Lower Manhattan,2023-06-27 11:00:00,Coffee beans,3.3284624321977807
Lower Manhattan,2023-06-27 11:00:00,Drinking Chocolate,3.3284624321977807
Lower Manhattan,2023-06-27 11:00:00,Flavours,3.3284624321977807
Lower Manhattan,2023-06-27 11:00:00,Tea,3.3284624321977807
Lower Manhattan,2023-06-27 12:00:00,Bakery,3.6971514122108524
Lower Manhattan,2023-06-27 12:00:00,Coffee,3.6971514122108524
Lower Manhattan,2023-06-27 12:00:00,Coffee beans,3.6971514122108524
Lower Manhattan,2023-06-27 12:00:00,Drinking Chocolate,3.6971514122108524
Lower Manhattan,2023-06-27 12:00:00,Flavours,3.6971514122108524
Lower Manhattan,2023-06-27 12:00:00,Tea,3.6971514122108524
Lower Manhattan,2023-06-27 13:00:00,Bakery,3.720939983652453
Lower Manhattan,2023-06-27 13:00:00,Coffee,3.720939983652453
Lower Manhattan,2023-06-27 13:00:00,Coffee beans,3.720939983652453
Lower Manhattan,2023-06-27 13:00:00,Drinking Chocolate,3.720939983652453
Lower Manhattan,2023-06-27 13:00:00,Flavours,3.720939983652453
Lower Manhattan,2023-06-27 13:00:00,Tea,3.720939983652453
Lower Manhattan,2023-06-27 14:00:00,Bakery,3.320753734381081
Lower Manhattan,2023-06-27 14:00:00,Coffee,3.320753734381081
Lower Manhattan,2023-06-27 14:00:00,Coffee beans,3.320753734381081
Lower Manhattan,2023-06-27 14:00:00,Drinking Chocolate,3.320753734381081
Lower Manhattan,2023-06-27 14:00:00,Flavours,3.320753734381081
Lower Manhattan,2023-06-27 14:00:00,Tea,3.320753734381081
Lower Manhattan,2023-06-27 15:00:00,Bakery,3.6676508810396933
Lower Manhattan,2023-06-27 15:00:00,Coffee,3.6676508810396933
Lower Manhattan,2023-06-27 15:00:00,Coffee beans,3.6676508810396933
Lower Manhattan,2023-06-27 15:00:00,Drinking Chocolate,3.6676508810396933
Lower Manhattan,2023-06-27 15:00:00,Flavours,3.6676508810396933
Lower Manhattan,2023-06-27 15:00:00,Tea,3.6676508810396933
Lower Manhattan,2023-06-27 16:00:00,Bakery,3.205234021720165
Lower Manhattan,2023-06-27 16:00:00,Coffee,3.205234021720165
Lower Manhattan,2023-06-27 16:00:00,Coffee beans,3.205234021720165
Lower Manhattan,2023-06-27 16:00:00,Drinking Chocolate,3.205234021720165
Lower Manhattan,2023-06-27 16:00:00,Flavours,3.205234021720165
Lower Manhattan,2023-06-27 16:00:00,Tea,3.205234021720165
Lower Manhattan,2023-06-27 17:00:00,Bakery,2.7763854936425174
Lower Manhattan,2023-06-27 17:00:00,Coffee,2.7763854936425174
Lower Manhattan,2023-06-27 17:00:00,Coffee beans,2.7763854936425174
Lower Manhattan,2023-06-27 17:00:00,Drinking Chocolate,2.7763854936425174
Lower Manhattan,2023-06-27 17:00:00,Flavours,2.7763854936425174
Lower Manhattan,2023-06-27 17:00:00,Tea,2.7763854936425174
Lower Manhattan,2023-06-27 18:00:00,Bakery,6.207332290096174
Lower Manhattan,2023-06-27 18:00:00,Coffee,6.207332290096174
Lower Manhattan,2023-06-27 18:00:00,Coffee beans,6.207332290096174
Lower Manhattan,2023-06-27 18:00:00,Drinking Chocolate,6.207332290096174
Lower Manhattan,2023-06-27 18:00:00,Flavours,6.207332290096174
Lower Manhattan,2023-06-27 18:00:00,Tea,6.207332290096174
Lower Manhattan,2023-06-28 07:00:00,Bakery,6.967746246969617
Lower Manhattan,2023-06-28 07:00:00,Coffee,6.967746246969617
Lower Manhattan,2023-06-28 07:00:00,Coffee beans,6.967746246969617
Lower Manhattan,2023-06-28 07:00:00,Drinking Chocolate,6.967746246969617
Lower Manhattan,2023-06-28 07:00:00,Flavours,6.967746246969617
Lower Manhattan,2023-06-28 07:00:00,Tea,6.967746246969617
Lower Manhattan,2023-06-28 08:00:00,Bakery,7.074276449572708
Lower Manhattan,2023-06-28 08:00:00,Coffee,7.074276449572708
Lower Manhattan,2023-06-28 08:00:00,Coffee beans,7.074276449572708
Lower Manhattan,2023-06-28 08:00:00,Drinking Chocolate,7.074276449572708
Lower Manhattan,2023-06-28 08:00:00,Flavours,7.074276449572708
Lower Manhattan,2023-06-28 08:00:00,Tea,7.074276449572708
Lower Manhattan,2023-06-28 09:00:00,Bakery,8.996957775489443
Lower Manhattan,2023-06-28 09:00:00,Coffee,8.996957775489443
Lower Manhattan,2023-06-28 09:00:00,Coffee beans,8.996957775489443
Lower Manhattan,2023-06-28 09:00:00,Drinking Chocolate,8.996957775489443
Lower Manhattan,2023-06-28 09:00:00,Flavours,8.996957775489443
Lower Manhattan,2023-06-28 09:00:00,Tea,8.996957775489443
Lower Manhattan,2023-06-28 10:00:00,Bakery,3.7935945913327753
Lower Manhattan,2023-06-28 10:00:00,Coffee,3.7935945913327753
Lower Manhattan,2023-06-28 10:00:00,Coffee beans,3.7935945913327753
Lower Manhattan,2023-06-28 10:00:00,Drinking Chocolate,3.7935945913327753
Lower Manhattan,2023-06-28 10:00:00,Flavours,3.7935945913327753
Lower Manhattan,2023-06-28 10:00:00,Tea,3.7935945913327753
Lower Manhattan,2023-06-28 11:00:00,Bakery,3.778565619051353
Lower Manhattan,2023-06-28 11:00:00,Coffee,3.778565619051353
Lower Manhattan,2023-06-28 11:00:00,Coffee beans,3.778565619051353
Lower Manhattan,2023-06-28 11:00:00,Drinking Chocolate,3.778565619051353
Lower Manhattan,2023-06-28 11:00:00,Flavours,3.778565619051353
Lower Manhattan,2023-06-28 11:00:00,Tea,3.778565619051353
Lower Manhattan,2023-06-28 12:00:00,Bakery,3.728383964644168
Lower Manhattan,2023-06-28 12:00:00,Coffee,3.728383964644168
Lower Manhattan,2023-06-28 12:00:00,Coffee beans,3.728383964644168
Lower Manhattan,2023-06-28 12:00:00,Drinking Chocolate,3.728383964644168
Lower Manhattan,2023-06-28 12:00:00,Flavours,3.728383964644168
Lower Manhattan,2023-06-28 12:00:00,Tea,3.728383964644168
Lower Manhattan,2023-06-28 13:00:00,Bakery,4.572885576588607
Lower Manhattan,2023-06-28 13:00:00,Coffee,4.572885576588607
Lower Manhattan,2023-06-28 13:00:00,Coffee beans,4.572885576588607
Lower Manhattan,2023-06-28 13:00:00,Drinking Chocolate,4.572885576588607
Lower Manhattan,2023-06-28 13:00:00,Flavours,4.572885576588607
Lower Manhattan,2023-06-28 13:00:00,Tea,4.572885576588607
Lower Manhattan,2023-06-28 14:00:00,Bakery,4.036154821803301
Lower Manhattan,2023-06-28 14:00:00,Coffee,4.036154821803301
Lower Manhattan,2023-06-28 14:00:00,Coffee beans,4.036154821803301
Lower Manhattan,2023-06-28 14:00:00,Drinking Chocolate,4.036154821803301
Lower Manhattan,2023-06-28 14:00:00,Flavours,4.036154821803301
Lower Manhattan,2023-06-28 14:00:00,Tea,4.036154821803301
Lower Manhattan,2023-06-28 15:00:00,Bakery,4.155177105210361
Lower Manhattan,2023-06-28 15:00:00,Coffee,4.155177105210361
Lower Manhattan,2023-06-28 15:00:00,Coffee beans,4.155177105210361
Lower Manhattan,2023-06-28 15:00:00,Drinking Chocolate,4.155177105210361
Lower Manhattan,2023-06-28 15:00:00,Flavours,4.155177105210361
Lower Manhattan,2023-06-28 15:00:00,Tea,4.155177105210361
Lower Manhattan,2023-06-28 16:00:00,Bakery,3.423982241373144
Lower Manhattan,2023-06-28 16:00:00,Coffee,3.423982241373144
Lower Manhattan,2023-06-28 16:00:00,Coffee beans,3.423982241373144
Lower Manhattan,2023-06-28 16:00:00,Drinking Chocolate,3.423982241373144
Lower Manhattan,2023-06-28 16:00:00,Flavours,3.423982241373144
Lower Manhattan,2023-06-28 16:00:00,Tea,3.423982241373144
Lower Manhattan,2023-06-28 17:00:00,Bakery,3.294378735781548
Lower Manhattan,2023-06-28 17:00:00,Coffee,3.294378735781548
Lower Manhattan,2023-06-28 17:00:00,Coffee beans,3.294378735781548
Lower Manhattan,2023-06-28 17:00:00,Drinking Chocolate,3.294378735781548
Lower Manhattan,2023-06-28 17:00:00,Flavours,3.294378735781548
Lower Manhattan,2023-06-28 17:00:00,Tea,3.294378735781548
Lower Manhattan,2023-06-28 18:00:00,Bakery,4.913429057824811
Lower Manhattan,2023-06-28 18:00:00,Coffee,4.913429057824811
Lower Manhattan,2023-06-28 18:00:00,Coffee beans,4.913429057824811
Lower Manhattan,2023-06-28 18:00:00,Drinking Chocolate,4.913429057824811
Lower Manhattan,2023-06-28 18:00:00,Flavours,4.913429057824811
Lower Manhattan,2023-06-28 18:00:00,Tea,4.913429057824811
Lower Manhattan,2023-06-29 07:00:00,Bakery,7.48862499742464
Lower Manhattan,2023-06-29 07:00:00,Coffee,7.48862499742464
Lower Manhattan,2023-06-29 07:00:00,Coffee beans,7.48862499742464
Lower Manhattan,2023-06-29 07:00:00,Drinking Chocolate,7.48862499742464
Lower Manhattan,2023-06-29 07:00:00,Flavours,7.48862499742464
Lower Manhattan,2023-06-29 07:00:00,Tea,7.48862499742464
Lower Manhattan,2023-06-29 08:00:00,Bakery,6.95396136487948
Lower Manhattan,2023-06-29 08:00:00,Coffee,6.95396136487948
Lower Manhattan,2023-06-29 08:00:00,Coffee beans,6.95396136487948
Lower Manhattan,2023-06-29 08:00:00,Drinking Chocolate,6.95396136487948
Lower Manhattan,2023-06-29 08:00:00,Flavours,6.95396136487948
Lower Manhattan,2023-06-29 08:00:00,Tea,6.95396136487948
Lower Manhattan,2023-06-29 09:00:00,Bakery,7.607833233636817
Lower Manhattan,2023-06-29 09:00:00,Coffee,7.607833233636817
Lower Manhattan,2023-06-29 09:00:00,Coffee beans,7.607833233636817
Lower Manhattan,2023-06-29 09:00:00,Drinking Chocolate,7.607833233636817
Lower Manhattan,2023-06-29 09:00:00,Flavours,7.607833233636817
Lower Manhattan,2023-06-29 09:00:00,Tea,7.607833233636817
Lower Manhattan,2023-06-29 10:00:00,Bakery,4.098191648414891
Lower Manhattan,2023-06-29 10:00:00,Coffee,4.098191648414891
Lower Manhattan,2023-06-29 10:00:00,Coffee beans,4.098191648414891
Lower Manhattan,2023-06-29 10:00:00,Drinking Chocolate,4.098191648414891
Lower Manhattan,2023-06-29 10:00:00,Flavours,4.098191648414891
Lower Manhattan,2023-06-29 10:00:00,Tea,4.098191648414891
Lower Manhattan,2023-06-29 11:00:00,Bakery,3.8590483602731784
Lower Manhattan,2023-06-29 11:00:00,Coffee,3.8590483602731784
Lower Manhattan,2023-06-29 11:00:00,Coffee beans,3.8590483602731784
Lower Manhattan,2023-06-29 11:00:00,Drinking Chocolate,3.8590483602731784
Lower Manhattan,2023-06-29 11:00:00,Flavours,3.8590483602731784
Lower Manhattan,2023-06-29 11:00:00,Tea,3.8590483602731784
Lower Manhattan,2023-06-29 12:00:00,Bakery,4.489527173943704
Lower Manhattan,2023-06-29 12:00:00,Coffee,4.489527173943704
Lower Manhattan,2023-06-29 12:00:00,Coffee beans,4.489527173943704
Lower Manhattan,2023-06-29 12:00:00,Drinking Chocolate,4.489527173943704
Lower Manhattan,2023-06-29 12:00:00,Flavours,4.489527173943704
Lower Manhattan,2023-06-29 12:00:00,Tea,4.489527173943704
Lower Manhattan,2023-06-29 13:00:00,Bakery,4.131469601810493
Lower Manhattan,2023-06-29 13:00:00,Coffee,4.131469601810493
Lower Manhattan,2023-06-29 13:00:00,Coffee beans,4.131469601810493
Lower Manhattan,2023-06-29 13:00:00,Drinking Chocolate,4.131469601810493
Lower Manhattan,2023-06-29 13:00:00,Flavours,4.131469601810493
Lower Manhattan,2023-06-29 13:00:00,Tea,4.131469601810493
Lower Manhattan,2023-06-29 14:00:00,Bakery,3.657406896663633
Lower Manhattan,2023-06-29 14:00:00,Coffee,3.657406896663633
Lower Manhattan,2023-06-29 14:00:00,Coffee beans,3.657406896663633
Lower Manhattan,2023-06-29 14:00:00,Drinking Chocolate,3.657406896663633
Lower Manhattan,2023-06-29 14:00:00,Flavours,3.657406896663633
Lower Manhattan,2023-06-29 14:00:00,Tea,3.657406896663633
Lower Manhattan,2023-06-29 15:00:00,Bakery,4.2279695471876115
Lower Manhattan,2023-06-29 15:00:00,Coffee,4.2279695471876115
Lower Manhattan,2023-06-29 15:00:00,Coffee beans,4.2279695471876115
Lower Manhattan,2023-06-29 15:00:00,Drinking Chocolate,4.2279695471876115
Lower Manhattan,2023-06-29 15:00:00,Flavours,4.2279695471876115
Lower Manhattan,2023-06-29 15:00:00,Tea,4.2279695471876115
Lower Manhattan,2023-06-29 16:00:00,Bakery,4.052317054944662
Lower Manhattan,2023-06-29 16:00:00,Coffee,4.052317054944662
Lower Manhattan,2023-06-29 16:00:00,Coffee beans,4.052317054944662
Lower Manhattan,2023-06-29 16:00:00,Drinking Chocolate,4.052317054944662
Lower Manhattan,2023-06-29 16:00:00,Flavours,4.052317054944662
Lower Manhattan,2023-06-29 16:00:00,Tea,4.052317054944662
Lower Manhattan,2023-06-29 17:00:00,Bakery,3.887951288265944
Lower Manhattan,2023-06-29 17:00:00,Coffee,3.887951288265944
Lower Manhattan,2023-06-29 17:00:00,Coffee beans,3.887951288265944
Lower Manhattan,2023-06-29 17:00:00,Drinking Chocolate,3.887951288265944
Lower Manhattan,2023-06-29 17:00:00,Flavours,3.887951288265944
Lower Manhattan,2023-06-29 17:00:00,Tea,3.887951288265944
Lower Manhattan,2023-06-29 18:00:00,Bakery,4.6424451324621945
Lower Manhattan,2023-06-29 18:00:00,Coffee,4.6424451324621945
Lower Manhattan,2023-06-29 18:00:00,Coffee beans,4.6424451324621945
Lower Manhattan,2023-06-29 18:00:00,Drinking Chocolate,4.6424451324621945
Lower Manhattan,2023-06-29 18:00:00,Flavours,4.6424451324621945
Lower Manhattan,2023-06-29 18:00:00,Tea,4.6424451324621945
Lower Manhattan,2023-06-30 06:00:00,Bakery,7.436251575249285
Lower Manhattan,2023-06-30 06:00:00,Coffee,7.436251575249285
Lower Manhattan,2023-06-30 06:00:00,Coffee beans,7.436251575249285
Lower Manhattan,2023-06-30 06:00:00,Drinking Chocolate,7.436251575249285
Lower Manhattan,2023-06-30 06:00:00,Flavours,7.436251575249285
Lower Manhattan,2023-06-30 06:00:00,Tea,7.436251575249285
Lower Manhattan,2023-06-30 07:00:00,Bakery,8.151279719927382
Lower Manhattan,2023-06-30 07:00:00,Coffee,8.151279719927382
Lower Manhattan,2023-06-30 07:00:00,Coffee beans,8.151279719927382
Lower Manhattan,2023-06-30 07:00:00,Drinking Chocolate,8.151279719927382
Lower Manhattan,2023-06-30 07:00:00,Flavours,8.151279719927382
Lower Manhattan,2023-06-30 07:00:00,Tea,8.151279719927382
Lower Manhattan,2023-06-30 08:00:00,Bakery,7.896222974031473
Lower Manhattan,2023-06-30 08:00:00,Coffee,7.896222974031473
Lower Manhattan,2023-06-30 08:00:00,Coffee beans,7.896222974031473
Lower Manhattan,2023-06-30 08:00:00,Drinking Chocolate,7.896222974031473
Lower Manhattan,2023-06-30 08:00:00,Flavours,7.896222974031473
Lower Manhattan,2023-06-30 08:00:00,Tea,7.896222974031473
Lower Manhattan,2023-06-30 09:00:00,Bakery,7.838090097988356
Lower Manhattan,2023-06-30 09:00:00,Coffee,7.838090097988356
Lower Manhattan,2023-06-30 09:00:00,Coffee beans,7.838090097988356
Lower Manhattan,2023-06-30 09:00:00,Drinking Chocolate,7.838090097988356
Lower Manhattan,2023-06-30 09:00:00,Flavours,7.838090097988356
Lower Manhattan,2023-06-30 09:00:00,Tea,7.838090097988356
Lower Manhattan,2023-06-30 10:00:00,Bakery,3.6109346152640813
Lower Manhattan,2023-06-30 10:00:00,Coffee,3.6109346152640813
Lower Manhattan,2023-06-30 10:00:00,Coffee beans,3.6109346152640813
Lower Manhattan,2023-06-30 10:00:00,Drinking Chocolate,3.6109346152640813
Lower Manhattan,2023-06-30 10:00:00,Flavours,3.6109346152640813
Lower Manhattan,2023-06-30 10:00:00,Tea,3.6109346152640813
Lower Manhattan,2023-06-30 11:00:00,Bakery,3.538110332548908
Lower Manhattan,2023-06-30 11:00:00,Coffee,3.538110332548908
Lower Manhattan,2023-06-30 11:00:00,Coffee beans,3.538110332548908
Lower Manhattan,2023-06-30 11:00:00,Drinking Chocolate,3.538110332548908
Lower Manhattan,2023-06-30 11:00:00,Flavours,3.538110332548908
Lower Manhattan,2023-06-30 11:00:00,Tea,3.538110332548908
Lower Manhattan,2023-06-30 12:00:00,Bakery,4.189902628778848
Lower Manhattan,2023-06-30 12:00:00,Coffee,4.189902628778848
Lower Manhattan,2023-06-30 12:00:00,Coffee beans,4.189902628778848
Lower Manhattan,2023-06-30 12:00:00,Drinking Chocolate,4.189902628778848
Lower Manhattan,2023-06-30 12:00:00,Flavours,4.189902628778848
Lower Manhattan,2023-06-30 12:00:00,Tea,4.189902628778848
Lower Manhattan,2023-06-30 13:00:00,Bakery,4.419789633025299
Lower Manhattan,2023-06-30 13:00:00,Coffee,4.419789633025299
Lower Manhattan,2023-06-30 13:00:00,Coffee beans,4.419789633025299
Lower Manhattan,2023-06-30 13:00:00,Drinking Chocolate,4.419789633025299
Lower Manhattan,2023-06-30 13:00:00,Flavours,4.419789633025299
Lower Manhattan,2023-06-30 13:00:00,Tea,4.419789633025299
Lower Manhattan,2023-06-30 14:00:00,Bakery,3.8452598762475367
Lower Manhattan,2023-06-30 14:00:00,Coffee,3.8452598762475367
Lower Manhattan,2023-06-30 14:00:00,Coffee beans,3.8452598762475367
Lower Manhattan,2023-06-30 14:00:00,Drinking Chocolate,3.8452598762475367
Lower Manhattan,2023-06-30 14:00:00,Flavours,3.8452598762475367
Lower Manhattan,2023-06-30 14:00:00,Tea,3.8452598762475367
Lower Manhattan,2023-06-30 15:00:00,Bakery,3.997869852169101
Lower Manhattan,2023-06-30 15:00:00,Coffee,3.997869852169101
Lower Manhattan,2023-06-30 15:00:00,Coffee beans,3.997869852169101
Lower Manhattan,2023-06-30 15:00:00,Drinking Chocolate,3.997869852169101
Lower Manhattan,2023-06-30 15:00:00,Flavours,3.997869852169101
Lower Manhattan,2023-06-30 15:00:00,Tea,3.997869852169101
Lower Manhattan,2023-06-30 16:00:00,Bakery,3.413272631510403
Lower Manhattan,2023-06-30 16:00:00,Coffee,3.413272631510403
Lower Manhattan,2023-06-30 16:00:00,Coffee beans,3.413272631510403
Lower Manhattan,2023-06-30 16:00:00,Drinking Chocolate,3.413272631510403
Lower Manhattan,2023-06-30 16:00:00,Flavours,3.413272631510403
Lower Manhattan,2023-06-30 16:00:00,Tea,3.413272631510403
Lower Manhattan,2023-06-30 17:00:00,Bakery,2.884976830903665
Lower Manhattan,2023-06-30 17:00:00,Coffee,2.884976830903665
Lower Manhattan,2023-06-30 17:00:00,Coffee beans,2.884976830903665
Lower Manhattan,2023-06-30 17:00:00,Drinking Chocolate,2.884976830903665
Lower Manhattan,2023-06-30 17:00:00,Flavours,2.884976830903665
Lower Manhattan,2023-06-30 17:00:00,Tea,2.884976830903665
Lower Manhattan,2023-06-30 18:00:00,Bakery,4.9451136187888425
Lower Manhattan,2023-06-30 18:00:00,Coffee,4.9451136187888425
Lower Manhattan,2023-06-30 18:00:00,Coffee beans,4.9451136187888425
Lower Manhattan,2023-06-30 18:00:00,Drinking Chocolate,4.9451136187888425
Lower Manhattan,2023-06-30 18:00:00,Flavours,4.9451136187888425
Lower Manhattan,2023-06-30 18:00:00,Tea,4.9451136187888425
Lower Manhattan,2023-06-30 19:00:00,Bakery,3.654073967192853
Lower Manhattan,2023-06-30 19:00:00,Coffee,3.654073967192853
Lower Manhattan,2023-06-30 19:00:00,Coffee beans,3.654073967192853
Lower Manhattan,2023-06-30 19:00:00,Drinking Chocolate,3.654073967192853
Lower Manhattan,2023-06-30 19:00:00,Flavours,3.654073967192853
Lower Manhattan,2023-06-30 19:00:00,Tea,3.654073967192853
